// Generated from gb10_gdn_wu.py; Apache-2.0, with bundled vLLM/FLA notices.
// Triton 3.6.0 CPU-only compilation for gfx1151; no runtime Python dependency.
static constexpr const char* gdn_wu_image_sha256 = "eaa96fb413d1501666a1949b4bdf8171ed22b2a5b9208290379430ed10f6b667";
alignas(256) static const unsigned char gdn_wu_image[] = {
  0x7f, 0x45, 0x4c, 0x46, 0x02, 0x01, 0x01, 0x40, 0x03, 0x00, 0x00, 0x00, 0x00, 0x00, 0x00, 0x00,
  0x03, 0x00, 0xe0, 0x00, 0x01, 0x00, 0x00, 0x00, 0x00, 0x00, 0x00, 0x00, 0x00, 0x00, 0x00, 0x00,
  0x40, 0x00, 0x00, 0x00, 0x00, 0x00, 0x00, 0x00, 0x98, 0xce, 0x01, 0x00, 0x00, 0x00, 0x00, 0x00,
  0x4a, 0x00, 0x00, 0x00, 0x40, 0x00, 0x38, 0x00, 0x08, 0x00, 0x40, 0x00, 0x15, 0x00, 0x13, 0x00,
  0x06, 0x00, 0x00, 0x00, 0x04, 0x00, 0x00, 0x00, 0x40, 0x00, 0x00, 0x00, 0x00, 0x00, 0x00, 0x00,
  0x40, 0x00, 0x00, 0x00, 0x00, 0x00, 0x00, 0x00, 0x40, 0x00, 0x00, 0x00, 0x00, 0x00, 0x00, 0x00,
  0xc0, 0x01, 0x00, 0x00, 0x00, 0x00, 0x00, 0x00, 0xc0, 0x01, 0x00, 0x00, 0x00, 0x00, 0x00, 0x00,
  0x08, 0x00, 0x00, 0x00, 0x00, 0x00, 0x00, 0x00, 0x01, 0x00, 0x00, 0x00, 0x04, 0x00, 0x00, 0x00,
  0x00, 0x00, 0x00, 0x00, 0x00, 0x00, 0x00, 0x00, 0x00, 0x00, 0x00, 0x00, 0x00, 0x00, 0x00, 0x00,
  0x00, 0x00, 0x00, 0x00, 0x00, 0x00, 0x00, 0x00, 0x80, 0x07, 0x00, 0x00, 0x00, 0x00, 0x00, 0x00,
  0x80, 0x07, 0x00, 0x00, 0x00, 0x00, 0x00, 0x00, 0x00, 0x10, 0x00, 0x00, 0x00, 0x00, 0x00, 0x00,
  0x01, 0x00, 0x00, 0x00, 0x05, 0x00, 0x00, 0x00, 0x00, 0x08, 0x00, 0x00, 0x00, 0x00, 0x00, 0x00,
  0x00, 0x18, 0x00, 0x00, 0x00, 0x00, 0x00, 0x00, 0x00, 0x18, 0x00, 0x00, 0x00, 0x00, 0x00, 0x00,
  0x00, 0x97, 0x01, 0x00, 0x00, 0x00, 0x00, 0x00, 0x00, 0x97, 0x01, 0x00, 0x00, 0x00, 0x00, 0x00,
  0x00, 0x10, 0x00, 0x00, 0x00, 0x00, 0x00, 0x00, 0x01, 0x00, 0x00, 0x00, 0x06, 0x00, 0x00, 0x00,
  0x00, 0x9f, 0x01, 0x00, 0x00, 0x00, 0x00, 0x00, 0x00, 0xbf, 0x01, 0x00, 0x00, 0x00, 0x00, 0x00,
  0x00, 0xbf, 0x01, 0x00, 0x00, 0x00, 0x00, 0x00, 0x70, 0x00, 0x00, 0x00, 0x00, 0x00, 0x00, 0x00,
  0x00, 0x01, 0x00, 0x00, 0x00, 0x00, 0x00, 0x00, 0x00, 0x10, 0x00, 0x00, 0x00, 0x00, 0x00, 0x00,
  0x02, 0x00, 0x00, 0x00, 0x06, 0x00, 0x00, 0x00, 0x00, 0x9f, 0x01, 0x00, 0x00, 0x00, 0x00, 0x00,
  0x00, 0xbf, 0x01, 0x00, 0x00, 0x00, 0x00, 0x00, 0x00, 0xbf, 0x01, 0x00, 0x00, 0x00, 0x00, 0x00,
  0x70, 0x00, 0x00, 0x00, 0x00, 0x00, 0x00, 0x00, 0x70, 0x00, 0x00, 0x00, 0x00, 0x00, 0x00, 0x00,
  0x08, 0x00, 0x00, 0x00, 0x00, 0x00, 0x00, 0x00, 0x52, 0xe5, 0x74, 0x64, 0x04, 0x00, 0x00, 0x00,
  0x00, 0x9f, 0x01, 0x00, 0x00, 0x00, 0x00, 0x00, 0x00, 0xbf, 0x01, 0x00, 0x00, 0x00, 0x00, 0x00,
  0x00, 0xbf, 0x01, 0x00, 0x00, 0x00, 0x00, 0x00, 0x70, 0x00, 0x00, 0x00, 0x00, 0x00, 0x00, 0x00,
  0x00, 0x01, 0x00, 0x00, 0x00, 0x00, 0x00, 0x00, 0x01, 0x00, 0x00, 0x00, 0x00, 0x00, 0x00, 0x00,
  0x51, 0xe5, 0x74, 0x64, 0x06, 0x00, 0x00, 0x00, 0x00, 0x00, 0x00, 0x00, 0x00, 0x00, 0x00, 0x00,
  0x00, 0x00, 0x00, 0x00, 0x00, 0x00, 0x00, 0x00, 0x00, 0x00, 0x00, 0x00, 0x00, 0x00, 0x00, 0x00,
  0x00, 0x00, 0x00, 0x00, 0x00, 0x00, 0x00, 0x00, 0x00, 0x00, 0x00, 0x00, 0x00, 0x00, 0x00, 0x00,
  0x00, 0x00, 0x00, 0x00, 0x00, 0x00, 0x00, 0x00, 0x04, 0x00, 0x00, 0x00, 0x04, 0x00, 0x00, 0x00,
  0x00, 0x02, 0x00, 0x00, 0x00, 0x00, 0x00, 0x00, 0x00, 0x02, 0x00, 0x00, 0x00, 0x00, 0x00, 0x00,
  0x00, 0x02, 0x00, 0x00, 0x00, 0x00, 0x00, 0x00, 0x40, 0x04, 0x00, 0x00, 0x00, 0x00, 0x00, 0x00,
  0x40, 0x04, 0x00, 0x00, 0x00, 0x00, 0x00, 0x00, 0x04, 0x00, 0x00, 0x00, 0x00, 0x00, 0x00, 0x00,
  0x07, 0x00, 0x00, 0x00, 0x2b, 0x04, 0x00, 0x00, 0x20, 0x00, 0x00, 0x00, 0x41, 0x4d, 0x44, 0x47,
  0x50, 0x55, 0x00, 0x00, 0x83, 0xae, 0x61, 0x6d, 0x64, 0x68, 0x73, 0x61, 0x2e, 0x6b, 0x65, 0x72,
  0x6e, 0x65, 0x6c, 0x73, 0x91, 0xde, 0x00, 0x10, 0xa5, 0x2e, 0x61, 0x72, 0x67, 0x73, 0x9a, 0x84,
  0xae, 0x2e, 0x61, 0x64, 0x64, 0x72, 0x65, 0x73, 0x73, 0x5f, 0x73, 0x70, 0x61, 0x63, 0x65, 0xa6,
  0x67, 0x6c, 0x6f, 0x62, 0x61, 0x6c, 0xa7, 0x2e, 0x6f, 0x66, 0x66, 0x73, 0x65, 0x74, 0x00, 0xa5,
  0x2e, 0x73, 0x69, 0x7a, 0x65, 0x08, 0xab, 0x2e, 0x76, 0x61, 0x6c, 0x75, 0x65, 0x5f, 0x6b, 0x69,
  0x6e, 0x64, 0xad, 0x67, 0x6c, 0x6f, 0x62, 0x61, 0x6c, 0x5f, 0x62, 0x75, 0x66, 0x66, 0x65, 0x72,
  0x84, 0xae, 0x2e, 0x61, 0x64, 0x64, 0x72, 0x65, 0x73, 0x73, 0x5f, 0x73, 0x70, 0x61, 0x63, 0x65,
  0xa6, 0x67, 0x6c, 0x6f, 0x62, 0x61, 0x6c, 0xa7, 0x2e, 0x6f, 0x66, 0x66, 0x73, 0x65, 0x74, 0x08,
  0xa5, 0x2e, 0x73, 0x69, 0x7a, 0x65, 0x08, 0xab, 0x2e, 0x76, 0x61, 0x6c, 0x75, 0x65, 0x5f, 0x6b,
  0x69, 0x6e, 0x64, 0xad, 0x67, 0x6c, 0x6f, 0x62, 0x61, 0x6c, 0x5f, 0x62, 0x75, 0x66, 0x66, 0x65,
  0x72, 0x84, 0xae, 0x2e, 0x61, 0x64, 0x64, 0x72, 0x65, 0x73, 0x73, 0x5f, 0x73, 0x70, 0x61, 0x63,
  0x65, 0xa6, 0x67, 0x6c, 0x6f, 0x62, 0x61, 0x6c, 0xa7, 0x2e, 0x6f, 0x66, 0x66, 0x73, 0x65, 0x74,
  0x10, 0xa5, 0x2e, 0x73, 0x69, 0x7a, 0x65, 0x08, 0xab, 0x2e, 0x76, 0x61, 0x6c, 0x75, 0x65, 0x5f,
  0x6b, 0x69, 0x6e, 0x64, 0xad, 0x67, 0x6c, 0x6f, 0x62, 0x61, 0x6c, 0x5f, 0x62, 0x75, 0x66, 0x66,
  0x65, 0x72, 0x84, 0xae, 0x2e, 0x61, 0x64, 0x64, 0x72, 0x65, 0x73, 0x73, 0x5f, 0x73, 0x70, 0x61,
  0x63, 0x65, 0xa6, 0x67, 0x6c, 0x6f, 0x62, 0x61, 0x6c, 0xa7, 0x2e, 0x6f, 0x66, 0x66, 0x73, 0x65,
  0x74, 0x18, 0xa5, 0x2e, 0x73, 0x69, 0x7a, 0x65, 0x08, 0xab, 0x2e, 0x76, 0x61, 0x6c, 0x75, 0x65,
  0x5f, 0x6b, 0x69, 0x6e, 0x64, 0xad, 0x67, 0x6c, 0x6f, 0x62, 0x61, 0x6c, 0x5f, 0x62, 0x75, 0x66,
  0x66, 0x65, 0x72, 0x84, 0xae, 0x2e, 0x61, 0x64, 0x64, 0x72, 0x65, 0x73, 0x73, 0x5f, 0x73, 0x70,
  0x61, 0x63, 0x65, 0xa6, 0x67, 0x6c, 0x6f, 0x62, 0x61, 0x6c, 0xa7, 0x2e, 0x6f, 0x66, 0x66, 0x73,
  0x65, 0x74, 0x20, 0xa5, 0x2e, 0x73, 0x69, 0x7a, 0x65, 0x08, 0xab, 0x2e, 0x76, 0x61, 0x6c, 0x75,
  0x65, 0x5f, 0x6b, 0x69, 0x6e, 0x64, 0xad, 0x67, 0x6c, 0x6f, 0x62, 0x61, 0x6c, 0x5f, 0x62, 0x75,
  0x66, 0x66, 0x65, 0x72, 0x84, 0xae, 0x2e, 0x61, 0x64, 0x64, 0x72, 0x65, 0x73, 0x73, 0x5f, 0x73,
  0x70, 0x61, 0x63, 0x65, 0xa6, 0x67, 0x6c, 0x6f, 0x62, 0x61, 0x6c, 0xa7, 0x2e, 0x6f, 0x66, 0x66,
  0x73, 0x65, 0x74, 0x28, 0xa5, 0x2e, 0x73, 0x69, 0x7a, 0x65, 0x08, 0xab, 0x2e, 0x76, 0x61, 0x6c,
  0x75, 0x65, 0x5f, 0x6b, 0x69, 0x6e, 0x64, 0xad, 0x67, 0x6c, 0x6f, 0x62, 0x61, 0x6c, 0x5f, 0x62,
  0x75, 0x66, 0x66, 0x65, 0x72, 0x84, 0xae, 0x2e, 0x61, 0x64, 0x64, 0x72, 0x65, 0x73, 0x73, 0x5f,
  0x73, 0x70, 0x61, 0x63, 0x65, 0xa6, 0x67, 0x6c, 0x6f, 0x62, 0x61, 0x6c, 0xa7, 0x2e, 0x6f, 0x66,
  0x66, 0x73, 0x65, 0x74, 0x30, 0xa5, 0x2e, 0x73, 0x69, 0x7a, 0x65, 0x08, 0xab, 0x2e, 0x76, 0x61,
  0x6c, 0x75, 0x65, 0x5f, 0x6b, 0x69, 0x6e, 0x64, 0xad, 0x67, 0x6c, 0x6f, 0x62, 0x61, 0x6c, 0x5f,
  0x62, 0x75, 0x66, 0x66, 0x65, 0x72, 0x83, 0xa7, 0x2e, 0x6f, 0x66, 0x66, 0x73, 0x65, 0x74, 0x38,
  0xa5, 0x2e, 0x73, 0x69, 0x7a, 0x65, 0x04, 0xab, 0x2e, 0x76, 0x61, 0x6c, 0x75, 0x65, 0x5f, 0x6b,
  0x69, 0x6e, 0x64, 0xa8, 0x62, 0x79, 0x5f, 0x76, 0x61, 0x6c, 0x75, 0x65, 0x84, 0xae, 0x2e, 0x61,
  0x64, 0x64, 0x72, 0x65, 0x73, 0x73, 0x5f, 0x73, 0x70, 0x61, 0x63, 0x65, 0xa6, 0x67, 0x6c, 0x6f,
  0x62, 0x61, 0x6c, 0xa7, 0x2e, 0x6f, 0x66, 0x66, 0x73, 0x65, 0x74, 0x40, 0xa5, 0x2e, 0x73, 0x69,
  0x7a, 0x65, 0x08, 0xab, 0x2e, 0x76, 0x61, 0x6c, 0x75, 0x65, 0x5f, 0x6b, 0x69, 0x6e, 0x64, 0xad,
  0x67, 0x6c, 0x6f, 0x62, 0x61, 0x6c, 0x5f, 0x62, 0x75, 0x66, 0x66, 0x65, 0x72, 0x84, 0xae, 0x2e,
  0x61, 0x64, 0x64, 0x72, 0x65, 0x73, 0x73, 0x5f, 0x73, 0x70, 0x61, 0x63, 0x65, 0xa6, 0x67, 0x6c,
  0x6f, 0x62, 0x61, 0x6c, 0xa7, 0x2e, 0x6f, 0x66, 0x66, 0x73, 0x65, 0x74, 0x48, 0xa5, 0x2e, 0x73,
  0x69, 0x7a, 0x65, 0x08, 0xab, 0x2e, 0x76, 0x61, 0x6c, 0x75, 0x65, 0x5f, 0x6b, 0x69, 0x6e, 0x64,
  0xad, 0x67, 0x6c, 0x6f, 0x62, 0x61, 0x6c, 0x5f, 0x62, 0x75, 0x66, 0x66, 0x65, 0x72, 0xb9, 0x2e,
  0x67, 0x72, 0x6f, 0x75, 0x70, 0x5f, 0x73, 0x65, 0x67, 0x6d, 0x65, 0x6e, 0x74, 0x5f, 0x66, 0x69,
  0x78, 0x65, 0x64, 0x5f, 0x73, 0x69, 0x7a, 0x65, 0x00, 0xb6, 0x2e, 0x6b, 0x65, 0x72, 0x6e, 0x61,
  0x72, 0x67, 0x5f, 0x73, 0x65, 0x67, 0x6d, 0x65, 0x6e, 0x74, 0x5f, 0x61, 0x6c, 0x69, 0x67, 0x6e,
  0x08, 0xb5, 0x2e, 0x6b, 0x65, 0x72, 0x6e, 0x61, 0x72, 0x67, 0x5f, 0x73, 0x65, 0x67, 0x6d, 0x65,
  0x6e, 0x74, 0x5f, 0x73, 0x69, 0x7a, 0x65, 0x50, 0xb8, 0x2e, 0x6d, 0x61, 0x78, 0x5f, 0x66, 0x6c,
  0x61, 0x74, 0x5f, 0x77, 0x6f, 0x72, 0x6b, 0x67, 0x72, 0x6f, 0x75, 0x70, 0x5f, 0x73, 0x69, 0x7a,
  0x65, 0x40, 0xa5, 0x2e, 0x6e, 0x61, 0x6d, 0x65, 0xb8, 0x72, 0x65, 0x63, 0x6f, 0x6d, 0x70, 0x75,
  0x74, 0x65, 0x5f, 0x77, 0x5f, 0x75, 0x5f, 0x66, 0x77, 0x64, 0x5f, 0x6b, 0x65, 0x72, 0x6e, 0x65,
  0x6c, 0xbb, 0x2e, 0x70, 0x72, 0x69, 0x76, 0x61, 0x74, 0x65, 0x5f, 0x73, 0x65, 0x67, 0x6d, 0x65,
  0x6e, 0x74, 0x5f, 0x66, 0x69, 0x78, 0x65, 0x64, 0x5f, 0x73, 0x69, 0x7a, 0x65, 0xcd, 0x06, 0xf8,
  0xab, 0x2e, 0x73, 0x67, 0x70, 0x72, 0x5f, 0x63, 0x6f, 0x75, 0x6e, 0x74, 0x6b, 0xb1, 0x2e, 0x73,
  0x67, 0x70, 0x72, 0x5f, 0x73, 0x70, 0x69, 0x6c, 0x6c, 0x5f, 0x63, 0x6f, 0x75, 0x6e, 0x74, 0xcc,
  0xe9, 0xa7, 0x2e, 0x73, 0x79, 0x6d, 0x62, 0x6f, 0x6c, 0xbb, 0x72, 0x65, 0x63, 0x6f, 0x6d, 0x70,
  0x75, 0x74, 0x65, 0x5f, 0x77, 0x5f, 0x75, 0x5f, 0x66, 0x77, 0x64, 0x5f, 0x6b, 0x65, 0x72, 0x6e,
  0x65, 0x6c, 0x2e, 0x6b, 0x64, 0xb8, 0x2e, 0x75, 0x6e, 0x69, 0x66, 0x6f, 0x72, 0x6d, 0x5f, 0x77,
  0x6f, 0x72, 0x6b, 0x5f, 0x67, 0x72, 0x6f, 0x75, 0x70, 0x5f, 0x73, 0x69, 0x7a, 0x65, 0x01, 0xb3,
  0x2e, 0x75, 0x73, 0x65, 0x73, 0x5f, 0x64, 0x79, 0x6e, 0x61, 0x6d, 0x69, 0x63, 0x5f, 0x73, 0x74,
  0x61, 0x63, 0x6b, 0xc2, 0xab, 0x2e, 0x76, 0x67, 0x70, 0x72, 0x5f, 0x63, 0x6f, 0x75, 0x6e, 0x74,
  0xcd, 0x01, 0x00, 0xb1, 0x2e, 0x76, 0x67, 0x70, 0x72, 0x5f, 0x73, 0x70, 0x69, 0x6c, 0x6c, 0x5f,
  0x63, 0x6f, 0x75, 0x6e, 0x74, 0xcd, 0x01, 0xf8, 0xaf, 0x2e, 0x77, 0x61, 0x76, 0x65, 0x66, 0x72,
  0x6f, 0x6e, 0x74, 0x5f, 0x73, 0x69, 0x7a, 0x65, 0x20, 0xb9, 0x2e, 0x77, 0x6f, 0x72, 0x6b, 0x67,
  0x72, 0x6f, 0x75, 0x70, 0x5f, 0x70, 0x72, 0x6f, 0x63, 0x65, 0x73, 0x73, 0x6f, 0x72, 0x5f, 0x6d,
  0x6f, 0x64, 0x65, 0x01, 0xad, 0x61, 0x6d, 0x64, 0x68, 0x73, 0x61, 0x2e, 0x74, 0x61, 0x72, 0x67,
  0x65, 0x74, 0xba, 0x61, 0x6d, 0x64, 0x67, 0x63, 0x6e, 0x2d, 0x61, 0x6d, 0x64, 0x2d, 0x61, 0x6d,
  0x64, 0x68, 0x73, 0x61, 0x2d, 0x2d, 0x67, 0x66, 0x78, 0x31, 0x31, 0x35, 0x31, 0xae, 0x61, 0x6d,
  0x64, 0x68, 0x73, 0x61, 0x2e, 0x76, 0x65, 0x72, 0x73, 0x69, 0x6f, 0x6e, 0x92, 0x01, 0x02, 0x00,
  0x00, 0x00, 0x00, 0x00, 0x00, 0x00, 0x00, 0x00, 0x00, 0x00, 0x00, 0x00, 0x00, 0x00, 0x00, 0x00,
  0x00, 0x00, 0x00, 0x00, 0x00, 0x00, 0x00, 0x00, 0x01, 0x00, 0x00, 0x00, 0x12, 0x03, 0x07, 0x00,
  0x00, 0x18, 0x00, 0x00, 0x00, 0x00, 0x00, 0x00, 0x50, 0x95, 0x01, 0x00, 0x00, 0x00, 0x00, 0x00,
  0x1a, 0x00, 0x00, 0x00, 0x11, 0x00, 0x06, 0x00, 0x40, 0x07, 0x00, 0x00, 0x00, 0x00, 0x00, 0x00,
  0x40, 0x00, 0x00, 0x00, 0x00, 0x00, 0x00, 0x00, 0x01, 0x00, 0x00, 0x00, 0x01, 0x00, 0x00, 0x00,
  0x01, 0x00, 0x00, 0x00, 0x1a, 0x00, 0x00, 0x00, 0x09, 0x00, 0x00, 0x00, 0x09, 0x00, 0x00, 0x00,
  0x01, 0x00, 0x00, 0x00, 0x42, 0x44, 0x94, 0x82, 0x41, 0x53, 0x83, 0x8f, 0x03, 0x00, 0x00, 0x00,
  0x03, 0x00, 0x00, 0x00, 0x00, 0x00, 0x00, 0x00, 0x00, 0x00, 0x00, 0x00, 0x02, 0x00, 0x00, 0x00,
  0x00, 0x00, 0x00, 0x00, 0x00, 0x00, 0x00, 0x00, 0x01, 0x00, 0x00, 0x00, 0x00, 0x72, 0x65, 0x63,
  0x6f, 0x6d, 0x70, 0x75, 0x74, 0x65, 0x5f, 0x77, 0x5f, 0x75, 0x5f, 0x66, 0x77, 0x64, 0x5f, 0x6b,
  0x65, 0x72, 0x6e, 0x65, 0x6c, 0x00, 0x72, 0x65, 0x63, 0x6f, 0x6d, 0x70, 0x75, 0x74, 0x65, 0x5f,
  0x77, 0x5f, 0x75, 0x5f, 0x66, 0x77, 0x64, 0x5f, 0x6b, 0x65, 0x72, 0x6e, 0x65, 0x6c, 0x2e, 0x6b,
  0x64, 0x00, 0x00, 0x00, 0x00, 0x00, 0x00, 0x00, 0x00, 0x00, 0x00, 0x00, 0x00, 0x00, 0x00, 0x00,
  0x00, 0x00, 0x00, 0x00, 0x00, 0x00, 0x00, 0x00, 0x00, 0x00, 0x00, 0x00, 0x00, 0x00, 0x00, 0x00,
  0x00, 0x00, 0x00, 0x00, 0x00, 0x00, 0x00, 0x00, 0x00, 0x00, 0x00, 0x00, 0x00, 0x00, 0x00, 0x00,
  0x00, 0x00, 0x00, 0x00, 0x00, 0x00, 0x00, 0x00, 0x00, 0x00, 0x00, 0x00, 0x00, 0x00, 0x00, 0x00,
  0x00, 0x00, 0x00, 0x00, 0xf8, 0x06, 0x00, 0x00, 0x50, 0x00, 0x00, 0x00, 0x00, 0x00, 0x00, 0x00,
  0xc0, 0x10, 0x00, 0x00, 0x00, 0x00, 0x00, 0x00, 0x00, 0x00, 0x00, 0x00, 0x00, 0x00, 0x00, 0x00,
  0x00, 0x00, 0x00, 0x00, 0x00, 0x00, 0x00, 0x00, 0x00, 0x00, 0x00, 0x00, 0xf0, 0x03, 0x00, 0x00,
  0x1f, 0x00, 0xaf, 0xe0, 0x85, 0x01, 0x00, 0x00, 0x08, 0x04, 0x00, 0x00, 0x00, 0x00, 0x00, 0x00,
  0x00, 0x00, 0x00, 0x00, 0x00, 0x00, 0x00, 0x00, 0x00, 0x00, 0x00, 0x00, 0x00, 0x00, 0x00, 0x00,
  0x00, 0x00, 0x00, 0x00, 0x00, 0x00, 0x00, 0x00, 0x00, 0x00, 0x00, 0x00, 0x00, 0x00, 0x00, 0x00,
  0x00, 0x00, 0x00, 0x00, 0x00, 0x00, 0x00, 0x00, 0x00, 0x00, 0x00, 0x00, 0x00, 0x00, 0x00, 0x00,
  0x00, 0x00, 0x00, 0x00, 0x00, 0x00, 0x00, 0x00, 0x00, 0x00, 0x00, 0x00, 0x00, 0x00, 0x00, 0x00,
  0x00, 0x00, 0x00, 0x00, 0x00, 0x00, 0x00, 0x00, 0x00, 0x00, 0x00, 0x00, 0x00, 0x00, 0x00, 0x00,
  0x00, 0x00, 0x00, 0x00, 0x00, 0x00, 0x00, 0x00, 0x00, 0x00, 0x00, 0x00, 0x00, 0x00, 0x00, 0x00,
  0x00, 0x00, 0x00, 0x00, 0x00, 0x00, 0x00, 0x00, 0x00, 0x00, 0x00, 0x00, 0x00, 0x00, 0x00, 0x00,
  0x00, 0x00, 0x00, 0x00, 0x00, 0x00, 0x00, 0x00, 0x00, 0x00, 0x00, 0x00, 0x00, 0x00, 0x00, 0x00,
  0x00, 0x01, 0xbc, 0xbe, 0x01, 0x00, 0x85, 0xbf, 0x80, 0x14, 0x00, 0xf4, 0x38, 0x00, 0x00, 0xf8,
  0x00, 0x00, 0x04, 0xf4, 0x28, 0x00, 0x00, 0xf8, 0x02, 0x86, 0x34, 0x84, 0x03, 0x9f, 0x04, 0x86,
  0x34, 0x9f, 0x35, 0x86, 0x34, 0x00, 0x02, 0x38, 0x35, 0x00, 0x10, 0xca, 0x80, 0x00, 0x02, 0x02,
  0x04, 0x9b, 0x02, 0x85, 0x80, 0x02, 0x08, 0x7e, 0x03, 0x02, 0x02, 0x81, 0x02, 0x00, 0x87, 0xbf,
  0x05, 0x00, 0x3c, 0xd7, 0x85, 0x02, 0x02, 0x00, 0x02, 0xff, 0x04, 0x8b, 0xe0, 0xff, 0xff, 0xff,
  0x02, 0x85, 0x02, 0x86, 0x03, 0x04, 0x8a, 0x81, 0x07, 0xfc, 0x89, 0xbf, 0x52, 0x9f, 0x53, 0x86,
  0x52, 0x02, 0x02, 0x96, 0x52, 0x02, 0xa8, 0x7c, 0xf8, 0x00, 0x61, 0xd7, 0x02, 0x00, 0x01, 0x00,
  0x02, 0x85, 0x02, 0x84, 0x34, 0xc1, 0x02, 0xbf, 0x01, 0x00, 0x3c, 0xd7, 0x82, 0x0a, 0x02, 0x00,
  0xc1, 0x80, 0x68, 0x98, 0x99, 0x04, 0x87, 0xbf, 0x68, 0x6a, 0x0d, 0x8b, 0x0d, 0x20, 0x84, 0xbe,
  0x13, 0x00, 0xa5, 0xbf, 0x9e, 0x01, 0x04, 0xf4, 0x10, 0x00, 0x00, 0xf8, 0x02, 0x9f, 0x03, 0x86,
  0xd9, 0x04, 0x87, 0xbf, 0x02, 0x82, 0x88, 0x84, 0x07, 0xfc, 0x89, 0xbf, 0x06, 0x08, 0x03, 0x80,
  0x07, 0x09, 0x05, 0x82, 0x0a, 0x9f, 0x0b, 0x86, 0x0a, 0x82, 0x86, 0x84, 0xb9, 0x00, 0x87, 0xbf,
  0x03, 0x06, 0x03, 0x80, 0x05, 0x07, 0x05, 0x82, 0x05, 0x6a, 0x00, 0xd7, 0x03, 0x02, 0x02, 0x00,
  0x06, 0x7c, 0x20, 0xd5, 0x05, 0x04, 0xaa, 0x01, 0x00, 0x00, 0x52, 0xdc, 0x05, 0x00, 0x7c, 0x03,
  0x7e, 0x04, 0x7e, 0x8c, 0x02, 0x0a, 0x0c, 0x81, 0x99, 0x04, 0x87, 0xbf, 0x0c, 0x86, 0x02, 0x84,
  0x02, 0x9f, 0x03, 0x86, 0x99, 0x04, 0x87, 0xbf, 0x02, 0x81, 0x82, 0x84, 0x00, 0x02, 0x6b, 0x80,
  0x01, 0x03, 0x21, 0x82, 0x34, 0x8b, 0x82, 0x84, 0x34, 0x52, 0x04, 0xbf, 0x03, 0x02, 0x0c, 0x7e,
  0xf8, 0x00, 0x61, 0xd7, 0x02, 0x02, 0x01, 0x00, 0x02, 0x00, 0x0a, 0x38, 0xc1, 0x80, 0x00, 0x98,
  0x29, 0x01, 0x87, 0xbf, 0x68, 0x00, 0x00, 0x8b, 0xf8, 0x00, 0x61, 0xd7, 0x03, 0x04, 0x01, 0x00,
  0x06, 0x00, 0x3c, 0xd7, 0x81, 0x0a, 0x02, 0x00, 0x78, 0x00, 0x01, 0xd5, 0x80, 0x02, 0x01, 0x00,
  0x7e, 0x00, 0x6a, 0x91, 0x07, 0x00, 0xa4, 0xbf, 0x92, 0x00, 0x87, 0xbf, 0x04, 0x6a, 0x00, 0xd7,
  0x6b, 0x0c, 0x02, 0x00, 0x05, 0x7c, 0x20, 0xd5, 0x21, 0x0e, 0xaa, 0x01, 0x00, 0x00, 0x4a, 0xdc,
  0x04, 0x00, 0x7c, 0x04, 0x34, 0x81, 0x02, 0x8c, 0x35, 0x00, 0x83, 0xbe, 0xf4, 0x04, 0x6d, 0xdc,
  0x00, 0x06, 0x7c, 0x00, 0x00, 0x00, 0x51, 0xd4, 0x02, 0xa4, 0x00, 0x00, 0xf8, 0x00, 0x61, 0xd7,
  0x02, 0x06, 0x01, 0x00, 0x80, 0x02, 0x0a, 0x7e, 0xf8, 0x00, 0x61, 0xd7, 0x03, 0x08, 0x01, 0x00,
  0x02, 0x8b, 0x82, 0x84, 0x68, 0x00, 0x00, 0x8b, 0x03, 0x02, 0x0e, 0x7e, 0x75, 0x00, 0x01, 0xd5,
  0x80, 0x02, 0x01, 0x00, 0xf8, 0x00, 0x61, 0xd7, 0x02, 0x0a, 0x01, 0x00, 0x02, 0x00, 0x0c, 0x38,
  0x7e, 0x00, 0x6a, 0x91, 0xf8, 0x00, 0x61, 0xd7, 0x03, 0x0c, 0x01, 0x00, 0x02, 0x00, 0x87, 0xbf,
  0x08, 0x00, 0x3c, 0xd7, 0x81, 0x0c, 0x02, 0x00, 0x80, 0x02, 0x0c, 0x7e, 0x07, 0x00, 0xa4, 0xbf,
  0x92, 0x00, 0x87, 0xbf, 0x06, 0x6a, 0x00, 0xd7, 0x6b, 0x10, 0x02, 0x00, 0x07, 0x7c, 0x20, 0xd5,
  0x21, 0x12, 0xaa, 0x01, 0x00, 0x00, 0x4a, 0xdc, 0x06, 0x00, 0x7c, 0x06, 0x34, 0x82, 0x02, 0x8c,
  0x35, 0x00, 0x83, 0xbe, 0xfc, 0x04, 0x6d, 0xdc, 0x00, 0x08, 0x7c, 0x00, 0x00, 0x00, 0x51, 0xd4,
  0x02, 0xa4, 0x00, 0x00, 0xf8, 0x00, 0x61, 0xd7, 0x02, 0x0e, 0x01, 0x00, 0xf8, 0x00, 0x61, 0xd7,
  0x03, 0x10, 0x01, 0x00, 0x02, 0x8b, 0x82, 0x84, 0x68, 0x00, 0x00, 0x8b, 0x03, 0x02, 0x10, 0x7e,
  0xdd, 0x00, 0x01, 0xd5, 0x80, 0x02, 0x01, 0x00, 0xf8, 0x00, 0x61, 0xd7, 0x02, 0x12, 0x01, 0x00,
  0x02, 0x00, 0x0e, 0x38, 0x7e, 0x00, 0x6a, 0x91, 0xf8, 0x00, 0x61, 0xd7, 0x03, 0x14, 0x01, 0x00,
  0x02, 0x00, 0x87, 0xbf, 0x09, 0x00, 0x3c, 0xd7, 0x81, 0x0e, 0x02, 0x00, 0x07, 0x00, 0xa4, 0xbf,
  0x91, 0x00, 0x87, 0xbf, 0x07, 0x6a, 0x00, 0xd7, 0x6b, 0x12, 0x02, 0x00, 0x08, 0x7c, 0x20, 0xd5,
  0x21, 0x14, 0xaa, 0x01, 0x00, 0x00, 0x4a, 0xdc, 0x07, 0x00, 0x7c, 0x05, 0x34, 0x83, 0x02, 0x8c,
  0x35, 0x00, 0x83, 0xbe, 0x04, 0x05, 0x6d, 0xdc, 0x00, 0x09, 0x7c, 0x00, 0x00, 0x00, 0x51, 0xd4,
  0x02, 0xa4, 0x00, 0x00, 0xf8, 0x00, 0x61, 0xd7, 0x02, 0x16, 0x01, 0x00, 0x80, 0x02, 0x0e, 0x7e,
  0xf8, 0x00, 0x61, 0xd7, 0x03, 0x18, 0x01, 0x00, 0x02, 0x8b, 0x82, 0x84, 0x68, 0x00, 0x00, 0x8b,
  0x03, 0x02, 0x12, 0x7e, 0xc3, 0x00, 0x01, 0xd5, 0x80, 0x02, 0x01, 0x00, 0xf8, 0x00, 0x61, 0xd7,
  0x02, 0x1a, 0x01, 0x00, 0x02, 0x00, 0x10, 0x38, 0x7e, 0x00, 0x6a, 0x91, 0xf8, 0x00, 0x61, 0xd7,
  0x03, 0x1c, 0x01, 0x00, 0x02, 0x00, 0x87, 0xbf, 0x0a, 0x00, 0x3c, 0xd7, 0x81, 0x10, 0x02, 0x00,
  0x80, 0x02, 0x10, 0x7e, 0x07, 0x00, 0xa4, 0xbf, 0x92, 0x00, 0x87, 0xbf, 0x08, 0x6a, 0x00, 0xd7,
  0x6b, 0x14, 0x02, 0x00, 0x09, 0x7c, 0x20, 0xd5, 0x21, 0x16, 0xaa, 0x01, 0x00, 0x00, 0x4a, 0xdc,
  0x08, 0x00, 0x7c, 0x08, 0x34, 0x84, 0x02, 0x8c, 0x35, 0x00, 0x83, 0xbe, 0x0c, 0x05, 0x6d, 0xdc,
  0x00, 0x0a, 0x7c, 0x00, 0x00, 0x00, 0x51, 0xd4, 0x02, 0xa4, 0x00, 0x00, 0xf8, 0x00, 0x61, 0xd7,
  0x02, 0x1e, 0x01, 0x00, 0xf8, 0x00, 0x61, 0xd7, 0x03, 0x20, 0x01, 0x00, 0x02, 0x8b, 0x82, 0x84,
  0x68, 0x00, 0x00, 0x8b, 0x03, 0x02, 0x14, 0x7e, 0xd8, 0x00, 0x01, 0xd5, 0x80, 0x02, 0x01, 0x00,
  0xf8, 0x00, 0x61, 0xd7, 0x02, 0x22, 0x01, 0x00, 0x02, 0x00, 0x12, 0x38, 0x7e, 0x00, 0x6a, 0x91,
  0xf8, 0x00, 0x61, 0xd7, 0x03, 0x24, 0x01, 0x00, 0x02, 0x00, 0x87, 0xbf, 0x0b, 0x00, 0x3c, 0xd7,
  0x81, 0x12, 0x02, 0x00, 0x07, 0x00, 0xa4, 0xbf, 0x91, 0x00, 0x87, 0xbf, 0x09, 0x6a, 0x00, 0xd7,
  0x6b, 0x16, 0x02, 0x00, 0x0a, 0x7c, 0x20, 0xd5, 0x21, 0x18, 0xaa, 0x01, 0x00, 0x00, 0x4a, 0xdc,
  0x09, 0x00, 0x7c, 0x07, 0x34, 0x85, 0x02, 0x8c, 0x35, 0x00, 0x83, 0xbe, 0x14, 0x05, 0x6d, 0xdc,
  0x00, 0x0b, 0x7c, 0x00, 0x00, 0x00, 0x51, 0xd4, 0x02, 0xa4, 0x00, 0x00, 0xf8, 0x00, 0x61, 0xd7,
  0x02, 0x26, 0x01, 0x00, 0x80, 0x02, 0x12, 0x7e, 0xf8, 0x00, 0x61, 0xd7, 0x03, 0x28, 0x01, 0x00,
  0x02, 0x8b, 0x82, 0x84, 0x68, 0x00, 0x00, 0x8b, 0x03, 0x02, 0x16, 0x7e, 0x74, 0x00, 0x01, 0xd5,
  0x80, 0x02, 0x01, 0x00, 0xf8, 0x00, 0x61, 0xd7, 0x02, 0x2a, 0x01, 0x00, 0x02, 0x00, 0x14, 0x38,
  0x7e, 0x00, 0x6a, 0x91, 0xf8, 0x00, 0x61, 0xd7, 0x03, 0x2c, 0x01, 0x00, 0x02, 0x00, 0x87, 0xbf,
  0x0c, 0x00, 0x3c, 0xd7, 0x81, 0x14, 0x02, 0x00, 0x80, 0x02, 0x14, 0x7e, 0x07, 0x00, 0xa4, 0xbf,
  0x92, 0x00, 0x87, 0xbf, 0x0a, 0x6a, 0x00, 0xd7, 0x6b, 0x18, 0x02, 0x00, 0x0b, 0x7c, 0x20, 0xd5,
  0x21, 0x1a, 0xaa, 0x01, 0x00, 0x00, 0x4a, 0xdc, 0x0a, 0x00, 0x7c, 0x0a, 0x34, 0x86, 0x02, 0x8c,
  0x35, 0x00, 0x83, 0xbe, 0x09, 0x00, 0x87, 0xbf, 0x00, 0x00, 0x51, 0xd4, 0x02, 0xa4, 0x00, 0x00,
  0xf8, 0x00, 0x61, 0xd7, 0x02, 0x2e, 0x01, 0x00, 0xf8, 0x00, 0x61, 0xd7, 0x03, 0x30, 0x01, 0x00,
  0x68, 0x00, 0x00, 0x8b, 0x02, 0x8b, 0x82, 0x84, 0x0b, 0x00, 0x01, 0xd5, 0x80, 0x02, 0x01, 0x00,
  0x1c, 0x05, 0x6d, 0xdc, 0x00, 0x0c, 0x7c, 0x00, 0x03, 0x02, 0x18, 0x7e, 0xf8, 0x00, 0x61, 0xd7,
  0x02, 0x32, 0x01, 0x00, 0x7e, 0x00, 0x6a, 0x91, 0x0c, 0x01, 0x69, 0xdc, 0x00, 0x0b, 0x7c, 0x00,
  0x02, 0x00, 0x16, 0x38, 0xf8, 0x00, 0x61, 0xd7, 0x03, 0x34, 0x01, 0x00, 0x02, 0x00, 0x87, 0xbf,
  0x0d, 0x00, 0x3c, 0xd7, 0x81, 0x16, 0x02, 0x00, 0x07, 0x00, 0xa4, 0xbf, 0x91, 0x00, 0x87, 0xbf,
  0x0b, 0x6a, 0x00, 0xd7, 0x6b, 0x1a, 0x02, 0x00, 0x0c, 0x7c, 0x20, 0xd5, 0x21, 0x1c, 0xaa, 0x01,
  0x00, 0x00, 0x4a, 0xdc, 0x0b, 0x00, 0x7c, 0x09, 0x34, 0x87, 0x02, 0x8c, 0x35, 0x00, 0x83, 0xbe,
  0x24, 0x05, 0x6d, 0xdc, 0x00, 0x0d, 0x7c, 0x00, 0x00, 0x00, 0x51, 0xd4, 0x02, 0xa4, 0x00, 0x00,
  0xf8, 0x00, 0x61, 0xd7, 0x02, 0x36, 0x01, 0x00, 0x80, 0x00, 0x10, 0xca, 0x80, 0x00, 0x0a, 0x0c,
  0xf8, 0x00, 0x61, 0xd7, 0x03, 0x38, 0x01, 0x00, 0x02, 0x8b, 0x82, 0x84, 0x68, 0x00, 0x00, 0x8b,
  0x03, 0x02, 0x1c, 0x7e, 0xc1, 0x00, 0x01, 0xd5, 0x80, 0x02, 0x01, 0x00, 0xf8, 0x00, 0x61, 0xd7,
  0x02, 0x3a, 0x01, 0x00, 0x02, 0x00, 0x1a, 0x38, 0x7e, 0x00, 0x6a, 0x91, 0xf8, 0x00, 0x61, 0xd7,
  0x03, 0x3c, 0x01, 0x00, 0x02, 0x00, 0x87, 0xbf, 0x0f, 0x00, 0x3c, 0xd7, 0x81, 0x1a, 0x02, 0x00,
  0x07, 0x00, 0xa4, 0xbf, 0x91, 0x00, 0x87, 0xbf, 0x0d, 0x6a, 0x00, 0xd7, 0x6b, 0x1e, 0x02, 0x00,
  0x0e, 0x7c, 0x20, 0xd5, 0x21, 0x20, 0xaa, 0x01, 0x00, 0x00, 0x4a, 0xdc, 0x0d, 0x00, 0x7c, 0x0b,
  0x34, 0x88, 0x02, 0x8c, 0x35, 0x00, 0x83, 0xbe, 0x2c, 0x05, 0x6d, 0xdc, 0x00, 0x0f, 0x7c, 0x00,
  0x00, 0x00, 0x51, 0xd4, 0x02, 0xa4, 0x00, 0x00, 0xf8, 0x00, 0x61, 0xd7, 0x02, 0x3e, 0x01, 0x00,
  0xf9, 0x00, 0x61, 0xd7, 0x03, 0x00, 0x01, 0x00, 0x02, 0x8b, 0x82, 0x84, 0x09, 0x00, 0x87, 0xbf,
  0x03, 0x02, 0x1c, 0x7e, 0x68, 0x00, 0x00, 0x8b, 0xf9, 0x00, 0x61, 0xd7, 0x02, 0x02, 0x01, 0x00,
  0x02, 0x00, 0x1a, 0x38, 0xe0, 0x00, 0x01, 0xd5, 0x80, 0x02, 0x01, 0x00, 0x7e, 0x00, 0x6a, 0x91,
  0xf9, 0x00, 0x61, 0xd7, 0x03, 0x04, 0x01, 0x00, 0x03, 0x00, 0x87, 0xbf, 0x0e, 0x00, 0x3c, 0xd7,
  0x81, 0x1a, 0x02, 0x00, 0x07, 0x00, 0xa4, 0xbf, 0x91, 0x00, 0x87, 0xbf, 0x0c, 0x6a, 0x00, 0xd7,
  0x6b, 0x1c, 0x02, 0x00, 0x0d, 0x7c, 0x20, 0xd5, 0x21, 0x1e, 0xaa, 0x01, 0x00, 0x00, 0x4a, 0xdc,
  0x0c, 0x00, 0x7c, 0x0c, 0x34, 0x89, 0x02, 0x8c, 0x35, 0x00, 0x83, 0xbe, 0xd9, 0x04, 0x87, 0xbf,
  0x00, 0x00, 0x51, 0xd4, 0x02, 0xa4, 0x00, 0x00, 0xf9, 0x00, 0x61, 0xd7, 0x02, 0x06, 0x01, 0x00,
  0xf9, 0x00, 0x61, 0xd7, 0x03, 0x08, 0x01, 0x00, 0x02, 0x8b, 0x82, 0x84, 0x68, 0x00, 0x00, 0x8b,
  0x0d, 0x00, 0x01, 0xd5, 0x80, 0x02, 0x01, 0x00, 0x34, 0x05, 0x6d, 0xdc, 0x00, 0x0e, 0x7c, 0x00,
  0x03, 0x02, 0x1e, 0x7e, 0xf9, 0x00, 0x61, 0xd7, 0x02, 0x0a, 0x01, 0x00, 0x02, 0x00, 0x1c, 0x38,
  0x30, 0x00, 0x69, 0xdc, 0x00, 0x0d, 0x7c, 0x00, 0x80, 0x02, 0x1a, 0x7e, 0x7e, 0x00, 0x6a, 0x91,
  0xf9, 0x00, 0x61, 0xd7, 0x03, 0x0c, 0x01, 0x00, 0x10, 0x00, 0x3c, 0xd7, 0x81, 0x1c, 0x02, 0x00,
  0x80, 0x02, 0x1c, 0x7e, 0x07, 0x00, 0xa4, 0xbf, 0x92, 0x00, 0x87, 0xbf, 0x0e, 0x6a, 0x00, 0xd7,
  0x6b, 0x20, 0x02, 0x00, 0x0f, 0x7c, 0x20, 0xd5, 0x21, 0x22, 0xaa, 0x01, 0x00, 0x00, 0x4a, 0xdc,
  0x0e, 0x00, 0x7c, 0x0e, 0x34, 0x8a, 0x02, 0x8c, 0x35, 0x00, 0x83, 0xbe, 0x09, 0x00, 0x87, 0xbf,
  0x00, 0x00, 0x51, 0xd4, 0x02, 0xa4, 0x00, 0x00, 0xf9, 0x00, 0x61, 0xd7, 0x02, 0x0e, 0x01, 0x00,
  0xf9, 0x00, 0x61, 0xd7, 0x03, 0x10, 0x01, 0x00, 0x68, 0x00, 0x00, 0x8b, 0x02, 0x8b, 0x82, 0x84,
  0x0f, 0x00, 0x01, 0xd5, 0x80, 0x02, 0x01, 0x00, 0x3c, 0x05, 0x6d, 0xdc, 0x00, 0x10, 0x7c, 0x00,
  0x03, 0x02, 0x20, 0x7e, 0xf9, 0x00, 0x61, 0xd7, 0x02, 0x12, 0x01, 0x00, 0x7e, 0x00, 0x6a, 0x91,
  0x34, 0x00, 0x69, 0xdc, 0x00, 0x0f, 0x7c, 0x00, 0x02, 0x00, 0x1e, 0x38, 0xf9, 0x00, 0x61, 0xd7,
  0x03, 0x14, 0x01, 0x00, 0x02, 0x00, 0x87, 0xbf, 0x11, 0x00, 0x3c, 0xd7, 0x81, 0x1e, 0x02, 0x00,
  0x07, 0x00, 0xa4, 0xbf, 0x91, 0x00, 0x87, 0xbf, 0x0f, 0x6a, 0x00, 0xd7, 0x6b, 0x22, 0x02, 0x00,
  0x10, 0x7c, 0x20, 0xd5, 0x21, 0x24, 0xaa, 0x01, 0x00, 0x00, 0x4a, 0xdc, 0x0f, 0x00, 0x7c, 0x0d,
  0x34, 0x8b, 0x02, 0x8c, 0x35, 0x00, 0x83, 0xbe, 0xd9, 0x04, 0x87, 0xbf, 0x00, 0x00, 0x51, 0xd4,
  0x02, 0xa4, 0x00, 0x00, 0xf9, 0x00, 0x61, 0xd7, 0x02, 0x16, 0x01, 0x00, 0xf9, 0x00, 0x61, 0xd7,
  0x03, 0x18, 0x01, 0x00, 0x02, 0x8b, 0x82, 0x84, 0x68, 0x00, 0x00, 0x8b, 0x0f, 0x00, 0x01, 0xd5,
  0x80, 0x02, 0x01, 0x00, 0x44, 0x05, 0x6d, 0xdc, 0x00, 0x11, 0x7c, 0x00, 0x03, 0x02, 0x22, 0x7e,
  0xf9, 0x00, 0x61, 0xd7, 0x02, 0x1a, 0x01, 0x00, 0x02, 0x00, 0x20, 0x38, 0x38, 0x00, 0x69, 0xdc,
  0x00, 0x0f, 0x7c, 0x00, 0x80, 0x02, 0x1e, 0x7e, 0x7e, 0x00, 0x6a, 0x91, 0xf9, 0x00, 0x61, 0xd7,
  0x03, 0x1c, 0x01, 0x00, 0x12, 0x00, 0x3c, 0xd7, 0x81, 0x20, 0x02, 0x00, 0x80, 0x02, 0x20, 0x7e,
  0x07, 0x00, 0xa4, 0xbf, 0x92, 0x00, 0x87, 0xbf, 0x10, 0x6a, 0x00, 0xd7, 0x6b, 0x24, 0x02, 0x00,
  0x11, 0x7c, 0x20, 0xd5, 0x21, 0x26, 0xaa, 0x01, 0x00, 0x00, 0x4a, 0xdc, 0x10, 0x00, 0x7c, 0x10,
  0x34, 0x8c, 0x02, 0x8c, 0x35, 0x00, 0x83, 0xbe, 0x09, 0x00, 0x87, 0xbf, 0x00, 0x00, 0x51, 0xd4,
  0x02, 0xa4, 0x00, 0x00, 0xf9, 0x00, 0x61, 0xd7, 0x02, 0x1e, 0x01, 0x00, 0xf9, 0x00, 0x61, 0xd7,
  0x03, 0x20, 0x01, 0x00, 0x68, 0x00, 0x00, 0x8b, 0x02, 0x8b, 0x82, 0x84, 0x11, 0x00, 0x01, 0xd5,
  0x80, 0x02, 0x01, 0x00, 0x4c, 0x05, 0x6d, 0xdc, 0x00, 0x12, 0x7c, 0x00, 0x03, 0x02, 0x24, 0x7e,
  0xf9, 0x00, 0x61, 0xd7, 0x02, 0x22, 0x01, 0x00, 0x7e, 0x00, 0x6a, 0x91, 0x3c, 0x00, 0x69, 0xdc,
  0x00, 0x11, 0x7c, 0x00, 0x02, 0x00, 0x22, 0x38, 0xf9, 0x00, 0x61, 0xd7, 0x03, 0x24, 0x01, 0x00,
  0x02, 0x00, 0x87, 0xbf, 0x13, 0x00, 0x3c, 0xd7, 0x81, 0x22, 0x02, 0x00, 0x07, 0x00, 0xa4, 0xbf,
  0x91, 0x00, 0x87, 0xbf, 0x11, 0x6a, 0x00, 0xd7, 0x6b, 0x26, 0x02, 0x00, 0x12, 0x7c, 0x20, 0xd5,
  0x21, 0x28, 0xaa, 0x01, 0x00, 0x00, 0x4a, 0xdc, 0x11, 0x00, 0x7c, 0x0f, 0x34, 0x8d, 0x02, 0x8c,
  0x35, 0x00, 0x83, 0xbe, 0xd9, 0x04, 0x87, 0xbf, 0x00, 0x00, 0x51, 0xd4, 0x02, 0xa4, 0x00, 0x00,
  0xf9, 0x00, 0x61, 0xd7, 0x02, 0x26, 0x01, 0x00, 0xf9, 0x00, 0x61, 0xd7, 0x03, 0x28, 0x01, 0x00,
  0x02, 0x8b, 0x82, 0x84, 0x68, 0x00, 0x00, 0x8b, 0x11, 0x00, 0x01, 0xd5, 0x80, 0x02, 0x01, 0x00,
  0x54, 0x05, 0x6d, 0xdc, 0x00, 0x13, 0x7c, 0x00, 0x03, 0x02, 0x26, 0x7e, 0xf9, 0x00, 0x61, 0xd7,
  0x02, 0x2a, 0x01, 0x00, 0x02, 0x00, 0x24, 0x38, 0x40, 0x00, 0x69, 0xdc, 0x00, 0x11, 0x7c, 0x00,
  0x80, 0x02, 0x22, 0x7e, 0x7e, 0x00, 0x6a, 0x91, 0xf9, 0x00, 0x61, 0xd7, 0x03, 0x2c, 0x01, 0x00,
  0x14, 0x00, 0x3c, 0xd7, 0x81, 0x24, 0x02, 0x00, 0x80, 0x02, 0x24, 0x7e, 0x07, 0x00, 0xa4, 0xbf,
  0x92, 0x00, 0x87, 0xbf, 0x12, 0x6a, 0x00, 0xd7, 0x6b, 0x28, 0x02, 0x00, 0x13, 0x7c, 0x20, 0xd5,
  0x21, 0x2a, 0xaa, 0x01, 0x00, 0x00, 0x4a, 0xdc, 0x12, 0x00, 0x7c, 0x12, 0x34, 0x8e, 0x02, 0x8c,
  0x35, 0x00, 0x83, 0xbe, 0x09, 0x00, 0x87, 0xbf, 0x00, 0x00, 0x51, 0xd4, 0x02, 0xa4, 0x00, 0x00,
  0xf9, 0x00, 0x61, 0xd7, 0x02, 0x2e, 0x01, 0x00, 0xf9, 0x00, 0x61, 0xd7, 0x03, 0x30, 0x01, 0x00,
  0x68, 0x00, 0x00, 0x8b, 0x02, 0x8b, 0x82, 0x84, 0x13, 0x00, 0x01, 0xd5, 0x80, 0x02, 0x01, 0x00,
  0x5c, 0x05, 0x6d, 0xdc, 0x00, 0x14, 0x7c, 0x00, 0x03, 0x02, 0x28, 0x7e, 0xf9, 0x00, 0x61, 0xd7,
  0x02, 0x32, 0x01, 0x00, 0x7e, 0x00, 0x6a, 0x91, 0x44, 0x00, 0x69, 0xdc, 0x00, 0x13, 0x7c, 0x00,
  0x02, 0x00, 0x26, 0x38, 0xf9, 0x00, 0x61, 0xd7, 0x03, 0x34, 0x01, 0x00, 0x02, 0x00, 0x87, 0xbf,
  0x15, 0x00, 0x3c, 0xd7, 0x81, 0x26, 0x02, 0x00, 0x07, 0x00, 0xa4, 0xbf, 0x91, 0x00, 0x87, 0xbf,
  0x13, 0x6a, 0x00, 0xd7, 0x6b, 0x2a, 0x02, 0x00, 0x14, 0x7c, 0x20, 0xd5, 0x21, 0x2c, 0xaa, 0x01,
  0x00, 0x00, 0x4a, 0xdc, 0x13, 0x00, 0x7c, 0x11, 0x34, 0x8f, 0x02, 0x8c, 0x35, 0x00, 0x83, 0xbe,
  0x80, 0x02, 0x28, 0x7e, 0x00, 0x00, 0x51, 0xd4, 0x02, 0xa4, 0x00, 0x00, 0xf9, 0x00, 0x61, 0xd7,
  0x02, 0x36, 0x01, 0x00, 0xf9, 0x00, 0x61, 0xd7, 0x03, 0x38, 0x01, 0x00, 0x02, 0x8b, 0x82, 0x84,
  0x68, 0x00, 0x00, 0x8b, 0x09, 0x00, 0x87, 0xbf, 0x13, 0x00, 0x01, 0xd5, 0x80, 0x02, 0x01, 0x00,
  0x64, 0x05, 0x6d, 0xdc, 0x00, 0x15, 0x7c, 0x00, 0x03, 0x02, 0x2c, 0x7e, 0xf9, 0x00, 0x61, 0xd7,
  0x02, 0x3a, 0x01, 0x00, 0x02, 0x00, 0x2a, 0x38, 0x48, 0x00, 0x69, 0xdc, 0x00, 0x13, 0x7c, 0x00,
  0x80, 0x02, 0x26, 0x7e, 0x7e, 0x00, 0x6a, 0x91, 0xf9, 0x00, 0x61, 0xd7, 0x03, 0x3c, 0x01, 0x00,
  0x17, 0x00, 0x3c, 0xd7, 0x81, 0x2a, 0x02, 0x00, 0x07, 0x00, 0xa4, 0xbf, 0x91, 0x00, 0x87, 0xbf,
  0x15, 0x6a, 0x00, 0xd7, 0x6b, 0x2e, 0x02, 0x00, 0x16, 0x7c, 0x20, 0xd5, 0x21, 0x30, 0xaa, 0x01,
  0x00, 0x00, 0x4a, 0xdc, 0x15, 0x00, 0x7c, 0x13, 0x34, 0x90, 0x02, 0x8c, 0x35, 0x00, 0x83, 0xbe,
  0xc9, 0x04, 0x87, 0xbf, 0x00, 0x00, 0x51, 0xd4, 0x02, 0xa4, 0x00, 0x00, 0xf9, 0x00, 0x61, 0xd7,
  0x02, 0x3e, 0x01, 0x00, 0xfa, 0x00, 0x61, 0xd7, 0x03, 0x00, 0x01, 0x00, 0x02, 0x8b, 0x82, 0x84,
  0x03, 0x02, 0x2c, 0x7e, 0x68, 0x00, 0x00, 0x8b, 0xfa, 0x00, 0x61, 0xd7, 0x02, 0x02, 0x01, 0x00,
  0x15, 0x00, 0x01, 0xd5, 0x80, 0x02, 0x01, 0x00, 0x6c, 0x05, 0x6d, 0xdc, 0x00, 0x17, 0x7c, 0x00,
  0x7e, 0x00, 0x6a, 0x91, 0xfa, 0x00, 0x61, 0xd7, 0x03, 0x04, 0x01, 0x00, 0x4c, 0x00, 0x69, 0xdc,
  0x00, 0x15, 0x7c, 0x00, 0x02, 0x00, 0x2a, 0x38, 0x01, 0x00, 0x87, 0xbf, 0x16, 0x00, 0x3c, 0xd7,
  0x81, 0x2a, 0x02, 0x00, 0x07, 0x00, 0xa4, 0xbf, 0x91, 0x00, 0x87, 0xbf, 0x14, 0x6a, 0x00, 0xd7,
  0x6b, 0x2c, 0x02, 0x00, 0x15, 0x7c, 0x20, 0xd5, 0x21, 0x2e, 0xaa, 0x01, 0x00, 0x00, 0x4a, 0xdc,
  0x14, 0x00, 0x7c, 0x14, 0x34, 0x91, 0x02, 0x8c, 0x35, 0x00, 0x83, 0xbe, 0x09, 0x00, 0x87, 0xbf,
  0x00, 0x00, 0x51, 0xd4, 0x02, 0xa4, 0x00, 0x00, 0xfa, 0x00, 0x61, 0xd7, 0x02, 0x06, 0x01, 0x00,
  0xfa, 0x00, 0x61, 0xd7, 0x03, 0x08, 0x01, 0x00, 0x02, 0x8b, 0x82, 0x84, 0x68, 0x00, 0x00, 0x8b,
  0x03, 0x02, 0x30, 0x7e, 0x15, 0x00, 0x01, 0xd5, 0x80, 0x02, 0x01, 0x00, 0x74, 0x05, 0x6d, 0xdc,
  0x00, 0x16, 0x7c, 0x00, 0xfa, 0x00, 0x61, 0xd7, 0x02, 0x0a, 0x01, 0x00, 0x02, 0x00, 0x2e, 0x38,
  0x80, 0x02, 0x2c, 0x7e, 0x7e, 0x00, 0x6a, 0x91, 0x50, 0x00, 0x69, 0xdc, 0x00, 0x15, 0x7c, 0x00,
  0xfa, 0x00, 0x61, 0xd7, 0x03, 0x0c, 0x01, 0x00, 0x19, 0x00, 0x3c, 0xd7, 0x81, 0x2e, 0x02, 0x00,
  0x80, 0x02, 0x30, 0x7e, 0x07, 0x00, 0xa4, 0xbf, 0x92, 0x00, 0x87, 0xbf, 0x17, 0x6a, 0x00, 0xd7,
  0x6b, 0x32, 0x02, 0x00, 0x18, 0x7c, 0x20, 0xd5, 0x21, 0x34, 0xaa, 0x01, 0x00, 0x00, 0x4a, 0xdc,
  0x17, 0x00, 0x7c, 0x18, 0x34, 0x92, 0x02, 0x8c, 0x35, 0x00, 0x83, 0xbe, 0xd9, 0x04, 0x87, 0xbf,
  0x00, 0x00, 0x51, 0xd4, 0x02, 0xa4, 0x00, 0x00, 0xfa, 0x00, 0x61, 0xd7, 0x02, 0x0e, 0x01, 0x00,
  0xfa, 0x00, 0x61, 0xd7, 0x03, 0x10, 0x01, 0x00, 0x02, 0x8b, 0x82, 0x84, 0x68, 0x00, 0x00, 0x8b,
  0x15, 0x00, 0x01, 0xd5, 0x80, 0x02, 0x01, 0x00, 0x7c, 0x05, 0x6d, 0xdc, 0x00, 0x19, 0x7c, 0x00,
  0x03, 0x02, 0x34, 0x7e, 0xfa, 0x00, 0x61, 0xd7, 0x02, 0x12, 0x01, 0x00, 0x02, 0x00, 0x32, 0x38,
  0x7e, 0x00, 0x6a, 0x91, 0x54, 0x00, 0x69, 0xdc, 0x00, 0x15, 0x7c, 0x00, 0xfa, 0x00, 0x61, 0xd7,
  0x03, 0x14, 0x01, 0x00, 0x19, 0x00, 0x3c, 0xd7, 0x81, 0x32, 0x02, 0x00, 0x07, 0x00, 0xa4, 0xbf,
  0x91, 0x00, 0x87, 0xbf, 0x15, 0x6a, 0x00, 0xd7, 0x6b, 0x32, 0x02, 0x00, 0x16, 0x7c, 0x20, 0xd5,
  0x21, 0x34, 0xaa, 0x01, 0x00, 0x00, 0x4a, 0xdc, 0x15, 0x00, 0x7c, 0x16, 0x34, 0x93, 0x02, 0x8c,
  0x35, 0x00, 0x83, 0xbe, 0x09, 0x00, 0x87, 0xbf, 0x00, 0x00, 0x51, 0xd4, 0x02, 0xa4, 0x00, 0x00,
  0xfa, 0x00, 0x61, 0xd7, 0x02, 0x16, 0x01, 0x00, 0xfa, 0x00, 0x61, 0xd7, 0x03, 0x18, 0x01, 0x00,
  0x02, 0x8b, 0x82, 0x84, 0x68, 0x00, 0x00, 0x8b, 0x03, 0x02, 0x36, 0x7e, 0x15, 0x00, 0x01, 0xd5,
  0x80, 0x02, 0x01, 0x00, 0x84, 0x05, 0x6d, 0xdc, 0x00, 0x19, 0x7c, 0x00, 0xfa, 0x00, 0x61, 0xd7,
  0x02, 0x1a, 0x01, 0x00, 0x02, 0x00, 0x34, 0x38, 0x80, 0x02, 0x32, 0x7e, 0x7e, 0x00, 0x6a, 0x91,
  0x58, 0x00, 0x69, 0xdc, 0x00, 0x15, 0x7c, 0x00, 0xfa, 0x00, 0x61, 0xd7, 0x03, 0x1c, 0x01, 0x00,
  0x1c, 0x00, 0x3c, 0xd7, 0x81, 0x34, 0x02, 0x00, 0x80, 0x02, 0x34, 0x7e, 0x07, 0x00, 0xa4, 0xbf,
  0x92, 0x00, 0x87, 0xbf, 0x1a, 0x6a, 0x00, 0xd7, 0x6b, 0x38, 0x02, 0x00, 0x1b, 0x7c, 0x20, 0xd5,
  0x21, 0x3a, 0xaa, 0x01, 0x00, 0x00, 0x4a, 0xdc, 0x1a, 0x00, 0x7c, 0x1a, 0x34, 0x94, 0x02, 0x8c,
  0x35, 0x00, 0x83, 0xbe, 0xd9, 0x04, 0x87, 0xbf, 0x00, 0x00, 0x51, 0xd4, 0x02, 0xa4, 0x00, 0x00,
  0xfa, 0x00, 0x61, 0xd7, 0x02, 0x1e, 0x01, 0x00, 0xfa, 0x00, 0x61, 0xd7, 0x03, 0x20, 0x01, 0x00,
  0x02, 0x8b, 0x82, 0x84, 0x68, 0x00, 0x00, 0x8b, 0x15, 0x00, 0x01, 0xd5, 0x80, 0x02, 0x01, 0x00,
  0x8c, 0x05, 0x6d, 0xdc, 0x00, 0x1c, 0x7c, 0x00, 0x03, 0x02, 0x38, 0x7e, 0xfa, 0x00, 0x61, 0xd7,
  0x02, 0x22, 0x01, 0x00, 0x02, 0x00, 0x36, 0x38, 0x7e, 0x00, 0x6a, 0x91, 0x5c, 0x00, 0x69, 0xdc,
  0x00, 0x15, 0x7c, 0x00, 0xfa, 0x00, 0x61, 0xd7, 0x03, 0x24, 0x01, 0x00, 0x1d, 0x00, 0x3c, 0xd7,
  0x81, 0x36, 0x02, 0x00, 0x07, 0x00, 0xa4, 0xbf, 0x91, 0x00, 0x87, 0xbf, 0x1b, 0x6a, 0x00, 0xd7,
  0x6b, 0x3a, 0x02, 0x00, 0x1c, 0x7c, 0x20, 0xd5, 0x21, 0x3c, 0xaa, 0x01, 0x00, 0x00, 0x4a, 0xdc,
  0x1b, 0x00, 0x7c, 0x19, 0x34, 0x95, 0x02, 0x8c, 0x35, 0x00, 0x83, 0xbe, 0x80, 0x02, 0x36, 0x7e,
  0x00, 0x00, 0x51, 0xd4, 0x02, 0xa4, 0x00, 0x00, 0xfa, 0x00, 0x61, 0xd7, 0x02, 0x26, 0x01, 0x00,
  0xfa, 0x00, 0x61, 0xd7, 0x03, 0x28, 0x01, 0x00, 0x02, 0x8b, 0x82, 0x84, 0x68, 0x00, 0x00, 0x8b,
  0x09, 0x00, 0x87, 0xbf, 0x15, 0x00, 0x01, 0xd5, 0x80, 0x02, 0x01, 0x00, 0x94, 0x05, 0x6d, 0xdc,
  0x00, 0x1d, 0x7c, 0x00, 0x03, 0x02, 0x3a, 0x7e, 0xfa, 0x00, 0x61, 0xd7, 0x02, 0x2a, 0x01, 0x00,
  0x02, 0x00, 0x38, 0x38, 0x7e, 0x00, 0x6a, 0x91, 0x60, 0x00, 0x69, 0xdc, 0x00, 0x15, 0x7c, 0x00,
  0xfa, 0x00, 0x61, 0xd7, 0x03, 0x2c, 0x01, 0x00, 0x1e, 0x00, 0x3c, 0xd7, 0x81, 0x38, 0x02, 0x00,
  0x80, 0x02, 0x38, 0x7e, 0x07, 0x00, 0xa4, 0xbf, 0x92, 0x00, 0x87, 0xbf, 0x1c, 0x6a, 0x00, 0xd7,
  0x6b, 0x3c, 0x02, 0x00, 0x1d, 0x7c, 0x20, 0xd5, 0x21, 0x3e, 0xaa, 0x01, 0x00, 0x00, 0x4a, 0xdc,
  0x1c, 0x00, 0x7c, 0x1c, 0x34, 0x96, 0x02, 0x8c, 0x35, 0x00, 0x83, 0xbe, 0xd9, 0x04, 0x87, 0xbf,
  0x00, 0x00, 0x51, 0xd4, 0x02, 0xa4, 0x00, 0x00, 0xfa, 0x00, 0x61, 0xd7, 0x02, 0x2e, 0x01, 0x00,
  0xfa, 0x00, 0x61, 0xd7, 0x03, 0x30, 0x01, 0x00, 0x02, 0x8b, 0x82, 0x84, 0x68, 0x00, 0x00, 0x8b,
  0x15, 0x00, 0x01, 0xd5, 0x80, 0x02, 0x01, 0x00, 0x9c, 0x05, 0x6d, 0xdc, 0x00, 0x1e, 0x7c, 0x00,
  0x03, 0x02, 0x3c, 0x7e, 0xfa, 0x00, 0x61, 0xd7, 0x02, 0x32, 0x01, 0x00, 0x02, 0x00, 0x3a, 0x38,
  0x7e, 0x00, 0x6a, 0x91, 0x64, 0x00, 0x69, 0xdc, 0x00, 0x15, 0x7c, 0x00, 0xfa, 0x00, 0x61, 0xd7,
  0x03, 0x34, 0x01, 0x00, 0x1f, 0x00, 0x3c, 0xd7, 0x81, 0x3a, 0x02, 0x00, 0x07, 0x00, 0xa4, 0xbf,
  0x91, 0x00, 0x87, 0xbf, 0x1d, 0x6a, 0x00, 0xd7, 0x6b, 0x3e, 0x02, 0x00, 0x1e, 0x7c, 0x20, 0xd5,
  0x21, 0x40, 0xaa, 0x01, 0x00, 0x00, 0x4a, 0xdc, 0x1d, 0x00, 0x7c, 0x1b, 0x34, 0x97, 0x02, 0x8c,
  0x35, 0x00, 0x83, 0xbe, 0x80, 0x02, 0x2e, 0x7e, 0x00, 0x00, 0x51, 0xd4, 0x02, 0xa4, 0x00, 0x00,
  0xfa, 0x00, 0x61, 0xd7, 0x02, 0x36, 0x01, 0x00, 0x02, 0x8b, 0x84, 0x84, 0xb9, 0x04, 0x87, 0xbf,
  0x05, 0x02, 0x3c, 0x7e, 0xfa, 0x00, 0x61, 0xd7, 0x03, 0x38, 0x01, 0x00, 0x68, 0x00, 0x00, 0x8b,
  0x15, 0x00, 0x01, 0xd5, 0x80, 0x02, 0x01, 0x00, 0xa4, 0x05, 0x6d, 0xdc, 0x00, 0x1f, 0x7c, 0x00,
  0xfa, 0x00, 0x61, 0xd7, 0x04, 0x3a, 0x01, 0x00, 0x04, 0x00, 0x3a, 0x38, 0x7e, 0x00, 0x6a, 0x91,
  0x68, 0x00, 0x69, 0xdc, 0x00, 0x15, 0x7c, 0x00, 0xfa, 0x00, 0x61, 0xd7, 0x05, 0x3c, 0x01, 0x00,
  0x1f, 0x00, 0x3c, 0xd7, 0x81, 0x3a, 0x02, 0x00, 0x80, 0x02, 0x3a, 0x7e, 0x07, 0x00, 0xa4, 0xbf,
  0x92, 0x00, 0x87, 0xbf, 0x1d, 0x6a, 0x00, 0xd7, 0x6b, 0x3e, 0x02, 0x00, 0x1e, 0x7c, 0x20, 0xd5,
  0x21, 0x40, 0xaa, 0x01, 0x00, 0x00, 0x4a, 0xdc, 0x1d, 0x00, 0x7c, 0x1d, 0x34, 0x98, 0x04, 0x8c,
  0x35, 0x00, 0x85, 0xbe, 0xd9, 0x04, 0x87, 0xbf, 0x00, 0x00, 0x51, 0xd4, 0x04, 0xa4, 0x00, 0x00,
  0xfa, 0x00, 0x61, 0xd7, 0x04, 0x3e, 0x01, 0x00, 0xfc, 0x00, 0x61, 0xd7, 0x05, 0x00, 0x01, 0x00,
  0x04, 0x8b, 0x86, 0x84, 0x68, 0x00, 0x00, 0x8b, 0x15, 0x00, 0x01, 0xd5, 0x80, 0x02, 0x01, 0x00,
  0xac, 0x05, 0x6d, 0xdc, 0x00, 0x1f, 0x7c, 0x00, 0x07, 0x02, 0x3e, 0x7e, 0xfc, 0x00, 0x61, 0xd7,
  0x06, 0x02, 0x01, 0x00, 0x06, 0x00, 0x3c, 0x38, 0x7e, 0x00, 0x6a, 0x91, 0x6c, 0x00, 0x69, 0xdc,
  0x00, 0x15, 0x7c, 0x00, 0xfc, 0x00, 0x61, 0xd7, 0x07, 0x04, 0x01, 0x00, 0x20, 0x00, 0x3c, 0xd7,
  0x81, 0x3c, 0x02, 0x00, 0x07, 0x00, 0xa4, 0xbf, 0x91, 0x00, 0x87, 0xbf, 0x1e, 0x6a, 0x00, 0xd7,
  0x6b, 0x40, 0x02, 0x00, 0x1f, 0x7c, 0x20, 0xd5, 0x21, 0x42, 0xaa, 0x01, 0x00, 0x00, 0x4a, 0xdc,
  0x1e, 0x00, 0x7c, 0x17, 0x34, 0x99, 0x04, 0x8c, 0x35, 0x00, 0x85, 0xbe, 0x80, 0x02, 0x3c, 0x7e,
  0x00, 0x00, 0x51, 0xd4, 0x04, 0xa4, 0x00, 0x00, 0xfc, 0x00, 0x61, 0xd7, 0x04, 0x06, 0x01, 0x00,
  0x04, 0x8b, 0x86, 0x84, 0xfc, 0x00, 0x61, 0xd7, 0x05, 0x08, 0x01, 0x00, 0x68, 0x00, 0x00, 0x8b,
  0x09, 0x00, 0x87, 0xbf, 0x15, 0x00, 0x01, 0xd5, 0x80, 0x02, 0x01, 0x00, 0xb4, 0x05, 0x6d, 0xdc,
  0x00, 0x20, 0x7c, 0x00, 0x07, 0x02, 0x40, 0x7e, 0xfc, 0x00, 0x61, 0xd7, 0x06, 0x0a, 0x01, 0x00,
  0x06, 0x00, 0x3e, 0x38, 0x7e, 0x00, 0x6a, 0x91, 0x70, 0x00, 0x69, 0xdc, 0x00, 0x15, 0x7c, 0x00,
  0xfc, 0x00, 0x61, 0xd7, 0x07, 0x0c, 0x01, 0x00, 0x21, 0x00, 0x3c, 0xd7, 0x81, 0x3e, 0x02, 0x00,
  0x80, 0x02, 0x3e, 0x7e, 0x07, 0x00, 0xa4, 0xbf, 0x92, 0x00, 0x87, 0xbf, 0x1f, 0x6a, 0x00, 0xd7,
  0x6b, 0x42, 0x02, 0x00, 0x20, 0x7c, 0x20, 0xd5, 0x21, 0x44, 0xaa, 0x01, 0x00, 0x00, 0x4a, 0xdc,
  0x1f, 0x00, 0x7c, 0x1f, 0xfc, 0x00, 0x61, 0xd7, 0x0a, 0x0e, 0x01, 0x00, 0x34, 0x9a, 0x04, 0x8c,
  0x35, 0x00, 0x85, 0xbe, 0x09, 0x00, 0x87, 0xbf, 0x00, 0x00, 0x51, 0xd4, 0x04, 0xa4, 0x00, 0x00,
  0xfc, 0x00, 0x61, 0xd7, 0x0b, 0x10, 0x01, 0x00, 0x68, 0x00, 0x00, 0x8b, 0xfc, 0x00, 0x61, 0xd7,
  0x04, 0x12, 0x01, 0x00, 0x04, 0x8b, 0x86, 0x84, 0x15, 0x00, 0x01, 0xd5, 0x80, 0x02, 0x01, 0x00,
  0xbc, 0x05, 0x6d, 0xdc, 0x00, 0x21, 0x7c, 0x00, 0x07, 0x02, 0x42, 0x7e, 0xfc, 0x00, 0x61, 0xd7,
  0x05, 0x14, 0x01, 0x00, 0x7e, 0x00, 0x6a, 0x91, 0x74, 0x00, 0x69, 0xdc, 0x00, 0x15, 0x7c, 0x00,
  0xfc, 0x00, 0x61, 0xd7, 0x06, 0x16, 0x01, 0x00, 0x06, 0x00, 0x40, 0x38, 0xfc, 0x00, 0x61, 0xd7,
  0x07, 0x18, 0x01, 0x00, 0x02, 0x00, 0x87, 0xbf, 0x22, 0x00, 0x3c, 0xd7, 0x81, 0x40, 0x02, 0x00,
  0x07, 0x00, 0xa4, 0xbf, 0x91, 0x00, 0x87, 0xbf, 0x20, 0x6a, 0x00, 0xd7, 0x6b, 0x44, 0x02, 0x00,
  0x21, 0x7c, 0x20, 0xd5, 0x21, 0x46, 0xaa, 0x01, 0x00, 0x00, 0x4a, 0xdc, 0x20, 0x00, 0x7c, 0x1e,
  0x34, 0x9b, 0x04, 0x8c, 0x35, 0x00, 0x85, 0xbe, 0x80, 0x02, 0x40, 0x7e, 0x00, 0x00, 0x51, 0xd4,
  0x04, 0xa4, 0x00, 0x00, 0xfc, 0x00, 0x61, 0xd7, 0x04, 0x1a, 0x01, 0x00, 0x04, 0x8b, 0x86, 0x84,
  0xfc, 0x00, 0x61, 0xd7, 0x05, 0x1c, 0x01, 0x00, 0x68, 0x00, 0x00, 0x8b, 0x09, 0x00, 0x87, 0xbf,
  0x15, 0x00, 0x01, 0xd5, 0x80, 0x02, 0x01, 0x00, 0xc4, 0x05, 0x6d, 0xdc, 0x00, 0x22, 0x7c, 0x00,
  0x07, 0x02, 0x44, 0x7e, 0xfc, 0x00, 0x61, 0xd7, 0x06, 0x1e, 0x01, 0x00, 0x06, 0x00, 0x42, 0x38,
  0x7e, 0x00, 0x6a, 0x91, 0x78, 0x00, 0x69, 0xdc, 0x00, 0x15, 0x7c, 0x00, 0xfc, 0x00, 0x61, 0xd7,
  0x07, 0x20, 0x01, 0x00, 0x23, 0x00, 0x3c, 0xd7, 0x81, 0x42, 0x02, 0x00, 0x80, 0x02, 0x42, 0x7e,
  0x07, 0x00, 0xa4, 0xbf, 0x92, 0x00, 0x87, 0xbf, 0x21, 0x6a, 0x00, 0xd7, 0x6b, 0x46, 0x02, 0x00,
  0x22, 0x7c, 0x20, 0xd5, 0x21, 0x48, 0xaa, 0x01, 0x00, 0x00, 0x4a, 0xdc, 0x21, 0x00, 0x7c, 0x21,
  0x34, 0x9c, 0x08, 0x8c, 0x35, 0x00, 0x89, 0xbe, 0xb9, 0x04, 0x87, 0xbf, 0x00, 0x00, 0x51, 0xd4,
  0x08, 0xa4, 0x00, 0x00, 0x08, 0x8b, 0x86, 0x84, 0x68, 0x00, 0x00, 0x8b, 0x15, 0x00, 0x01, 0xd5,
  0x80, 0x02, 0x01, 0x00, 0xcc, 0x05, 0x6d, 0xdc, 0x00, 0x23, 0x7c, 0x00, 0x07, 0x02, 0x46, 0x7e,
  0xfc, 0x00, 0x61, 0xd7, 0x06, 0x22, 0x01, 0x00, 0x06, 0x00, 0x44, 0x38, 0x7e, 0x00, 0x6a, 0x91,
  0x7c, 0x00, 0x69, 0xdc, 0x00, 0x15, 0x7c, 0x00, 0xfc, 0x00, 0x61, 0xd7, 0x07, 0x24, 0x01, 0x00,
  0x24, 0x00, 0x3c, 0xd7, 0x81, 0x44, 0x02, 0x00, 0x07, 0x00, 0xa4, 0xbf, 0x91, 0x00, 0x87, 0xbf,
  0x22, 0x6a, 0x00, 0xd7, 0x6b, 0x48, 0x02, 0x00, 0x23, 0x7c, 0x20, 0xd5, 0x21, 0x4a, 0xaa, 0x01,
  0x00, 0x00, 0x4a, 0xdc, 0x22, 0x00, 0x7c, 0x20, 0x34, 0x9d, 0x04, 0x8c, 0x35, 0x00, 0x85, 0xbe,
  0x80, 0x02, 0x44, 0x7e, 0x00, 0x00, 0x51, 0xd4, 0x04, 0xa4, 0x00, 0x00, 0xfc, 0x00, 0x61, 0xd7,
  0x04, 0x26, 0x01, 0x00, 0x04, 0x8b, 0x86, 0x84, 0xfc, 0x00, 0x61, 0xd7, 0x05, 0x28, 0x01, 0x00,
  0x68, 0x00, 0x00, 0x8b, 0x09, 0x00, 0x87, 0xbf, 0x15, 0x00, 0x01, 0xd5, 0x80, 0x02, 0x01, 0x00,
  0xd4, 0x05, 0x6d, 0xdc, 0x00, 0x24, 0x7c, 0x00, 0x07, 0x02, 0x48, 0x7e, 0xfc, 0x00, 0x61, 0xd7,
  0x06, 0x2a, 0x01, 0x00, 0x06, 0x00, 0x46, 0x38, 0x7e, 0x00, 0x6a, 0x91, 0x80, 0x00, 0x69, 0xdc,
  0x00, 0x15, 0x7c, 0x00, 0xfc, 0x00, 0x61, 0xd7, 0x07, 0x2c, 0x01, 0x00, 0x25, 0x00, 0x3c, 0xd7,
  0x81, 0x46, 0x02, 0x00, 0x80, 0x02, 0x46, 0x7e, 0x07, 0x00, 0xa4, 0xbf, 0x92, 0x00, 0x87, 0xbf,
  0x23, 0x6a, 0x00, 0xd7, 0x6b, 0x4a, 0x02, 0x00, 0x24, 0x7c, 0x20, 0xd5, 0x21, 0x4c, 0xaa, 0x01,
  0x00, 0x00, 0x4a, 0xdc, 0x23, 0x00, 0x7c, 0x23, 0x34, 0x9e, 0x64, 0x8c, 0x35, 0x00, 0xe5, 0xbe,
  0xb9, 0x04, 0x87, 0xbf, 0x00, 0x00, 0x51, 0xd4, 0x64, 0xa4, 0x00, 0x00, 0x64, 0x8b, 0x86, 0x84,
  0x68, 0x00, 0x00, 0x8b, 0x15, 0x00, 0x01, 0xd5, 0x80, 0x02, 0x01, 0x00, 0xdc, 0x05, 0x6d, 0xdc,
  0x00, 0x25, 0x7c, 0x00, 0x07, 0x02, 0x4a, 0x7e, 0xfc, 0x00, 0x61, 0xd7, 0x06, 0x2e, 0x01, 0x00,
  0x06, 0x00, 0x48, 0x38, 0x7e, 0x00, 0x6a, 0x91, 0x84, 0x00, 0x69, 0xdc, 0x00, 0x15, 0x7c, 0x00,
  0xfc, 0x00, 0x61, 0xd7, 0x07, 0x30, 0x01, 0x00, 0x26, 0x00, 0x3c, 0xd7, 0x81, 0x48, 0x02, 0x00,
  0x07, 0x00, 0xa4, 0xbf, 0x91, 0x00, 0x87, 0xbf, 0x24, 0x6a, 0x00, 0xd7, 0x6b, 0x4c, 0x02, 0x00,
  0x25, 0x7c, 0x20, 0xd5, 0x21, 0x4e, 0xaa, 0x01, 0x00, 0x00, 0x4a, 0xdc, 0x24, 0x00, 0x7c, 0x22,
  0x34, 0x9f, 0x66, 0x8c, 0x35, 0x00, 0xe7, 0xbe, 0x80, 0x02, 0x4a, 0x7e, 0x00, 0x00, 0x51, 0xd4,
  0x66, 0xa4, 0x00, 0x00, 0x66, 0x8b, 0x86, 0x84, 0x80, 0x02, 0x48, 0x7e, 0x68, 0x00, 0x00, 0x8b,
  0x09, 0x00, 0x87, 0xbf, 0x15, 0x00, 0x01, 0xd5, 0x80, 0x02, 0x01, 0x00, 0xe4, 0x05, 0x6d, 0xdc,
  0x00, 0x26, 0x7c, 0x00, 0x07, 0x02, 0x4e, 0x7e, 0xfc, 0x00, 0x61, 0xd7, 0x06, 0x32, 0x01, 0x00,
  0x06, 0x00, 0x4c, 0x38, 0x7e, 0x00, 0x6a, 0x91, 0x88, 0x00, 0x69, 0xdc, 0x00, 0x15, 0x7c, 0x00,
  0xfc, 0x00, 0x61, 0xd7, 0x07, 0x34, 0x01, 0x00, 0x28, 0x00, 0x3c, 0xd7, 0x81, 0x4c, 0x02, 0x00,
  0x07, 0x00, 0xa4, 0xbf, 0x91, 0x00, 0x87, 0xbf, 0x26, 0x6a, 0x00, 0xd7, 0x6b, 0x50, 0x02, 0x00,
  0x27, 0x7c, 0x20, 0xd5, 0x21, 0x52, 0xaa, 0x01, 0x00, 0x00, 0x4a, 0xdc, 0x26, 0x00, 0x7c, 0x24,
  0x34, 0xa0, 0x04, 0x8c, 0x35, 0x00, 0x85, 0xbe, 0xa9, 0x04, 0x87, 0xbf, 0x00, 0x00, 0x51, 0xd4,
  0x04, 0xa4, 0x00, 0x00, 0x04, 0x8b, 0x86, 0x84, 0x07, 0x02, 0x4e, 0x7e, 0xfc, 0x00, 0x61, 0xd7,
  0x06, 0x36, 0x01, 0x00, 0x06, 0x00, 0x4c, 0x38, 0x68, 0x00, 0x00, 0x8b, 0x09, 0x00, 0x87, 0xbf,
  0x15, 0x00, 0x01, 0xd5, 0x80, 0x02, 0x01, 0x00, 0xec, 0x05, 0x6d, 0xdc, 0x00, 0x28, 0x7c, 0x00,
  0x27, 0x00, 0x3c, 0xd7, 0x81, 0x4c, 0x02, 0x00, 0xfc, 0x00, 0x61, 0xd7, 0x07, 0x38, 0x01, 0x00,
  0x7e, 0x00, 0x6a, 0x91, 0x8c, 0x00, 0x69, 0xdc, 0x00, 0x15, 0x7c, 0x00, 0x07, 0x00, 0xa4, 0xbf,
  0x25, 0x6a, 0x00, 0xd7, 0x6b, 0x4e, 0x02, 0x00, 0x01, 0x00, 0x87, 0xbf, 0x26, 0x7c, 0x20, 0xd5,
  0x21, 0x50, 0xaa, 0x01, 0x00, 0x00, 0x4a, 0xdc, 0x25, 0x00, 0x7c, 0x25, 0x34, 0xa1, 0x16, 0x8c,
  0x35, 0x00, 0x97, 0xbe, 0x80, 0x02, 0x4c, 0x7e, 0x00, 0x00, 0x51, 0xd4, 0x16, 0xa4, 0x00, 0x00,
  0x16, 0x8b, 0x86, 0x84, 0x68, 0x00, 0x00, 0x8b, 0x09, 0x00, 0x87, 0xbf, 0x15, 0x00, 0x01, 0xd5,
  0x80, 0x02, 0x01, 0x00, 0xf4, 0x05, 0x6d, 0xdc, 0x00, 0x27, 0x7c, 0x00, 0x07, 0x02, 0x50, 0x7e,
  0xfc, 0x00, 0x61, 0xd7, 0x06, 0x3a, 0x01, 0x00, 0x06, 0x00, 0x4e, 0x38, 0x7e, 0x00, 0x6a, 0x91,
  0x90, 0x00, 0x69, 0xdc, 0x00, 0x15, 0x7c, 0x00, 0xfc, 0x00, 0x61, 0xd7, 0x07, 0x3c, 0x01, 0x00,
  0x29, 0x00, 0x3c, 0xd7, 0x81, 0x4e, 0x02, 0x00, 0x80, 0x02, 0x4e, 0x7e, 0x07, 0x00, 0xa4, 0xbf,
  0x92, 0x00, 0x87, 0xbf, 0x27, 0x6a, 0x00, 0xd7, 0x6b, 0x52, 0x02, 0x00, 0x28, 0x7c, 0x20, 0xd5,
  0x21, 0x54, 0xaa, 0x01, 0x00, 0x00, 0x4a, 0xdc, 0x27, 0x00, 0x7c, 0x27, 0x34, 0xa2, 0x18, 0x8c,
  0x35, 0x00, 0x99, 0xbe, 0xb9, 0x04, 0x87, 0xbf, 0x00, 0x00, 0x51, 0xd4, 0x18, 0xa4, 0x00, 0x00,
  0x18, 0x8b, 0x86, 0x84, 0x68, 0x00, 0x00, 0x8b, 0x15, 0x00, 0x01, 0xd5, 0x80, 0x02, 0x01, 0x00,
  0xfc, 0x05, 0x6d, 0xdc, 0x00, 0x29, 0x7c, 0x00, 0x07, 0x02, 0x52, 0x7e, 0xfc, 0x00, 0x61, 0xd7,
  0x06, 0x3e, 0x01, 0x00, 0x06, 0x00, 0x50, 0x38, 0xfd, 0x00, 0x61, 0xd7, 0x07, 0x00, 0x01, 0x00,
  0x7e, 0x00, 0x6a, 0x91, 0x94, 0x00, 0x69, 0xdc, 0x00, 0x15, 0x7c, 0x00, 0x2a, 0x00, 0x3c, 0xd7,
  0x81, 0x50, 0x02, 0x00, 0x07, 0x00, 0xa4, 0xbf, 0x91, 0x00, 0x87, 0xbf, 0x28, 0x6a, 0x00, 0xd7,
  0x6b, 0x54, 0x02, 0x00, 0x29, 0x7c, 0x20, 0xd5, 0x21, 0x56, 0xaa, 0x01, 0x00, 0x00, 0x4a, 0xdc,
  0x28, 0x00, 0x7c, 0x26, 0x34, 0xa3, 0x1a, 0x8c, 0x35, 0x00, 0x9b, 0xbe, 0x80, 0x02, 0x50, 0x7e,
  0x00, 0x00, 0x51, 0xd4, 0x1a, 0xa4, 0x00, 0x00, 0x1a, 0x8b, 0x86, 0x84, 0x68, 0x00, 0x00, 0x8b,
  0x09, 0x00, 0x87, 0xbf, 0x15, 0x00, 0x01, 0xd5, 0x80, 0x02, 0x01, 0x00, 0x04, 0x06, 0x6d, 0xdc,
  0x00, 0x2a, 0x7c, 0x00, 0x07, 0x02, 0x54, 0x7e, 0xfd, 0x00, 0x61, 0xd7, 0x06, 0x02, 0x01, 0x00,
  0x06, 0x00, 0x52, 0x38, 0x7e, 0x00, 0x6a, 0x91, 0x98, 0x00, 0x69, 0xdc, 0x00, 0x15, 0x7c, 0x00,
  0xfd, 0x00, 0x61, 0xd7, 0x07, 0x04, 0x01, 0x00, 0x2b, 0x00, 0x3c, 0xd7, 0x81, 0x52, 0x02, 0x00,
  0x80, 0x02, 0x52, 0x7e, 0x07, 0x00, 0xa4, 0xbf, 0x92, 0x00, 0x87, 0xbf, 0x29, 0x6a, 0x00, 0xd7,
  0x6b, 0x56, 0x02, 0x00, 0x2a, 0x7c, 0x20, 0xd5, 0x21, 0x58, 0xaa, 0x01, 0x00, 0x00, 0x4a, 0xdc,
  0x29, 0x00, 0x7c, 0x29, 0x34, 0xa4, 0x1c, 0x8c, 0x35, 0x00, 0x9d, 0xbe, 0xb9, 0x04, 0x87, 0xbf,
  0x00, 0x00, 0x51, 0xd4, 0x1c, 0xa4, 0x00, 0x00, 0x1c, 0x8b, 0x86, 0x84, 0x68, 0x00, 0x00, 0x8b,
  0x15, 0x00, 0x01, 0xd5, 0x80, 0x02, 0x01, 0x00, 0x0c, 0x06, 0x6d, 0xdc, 0x00, 0x2b, 0x7c, 0x00,
  0x07, 0x02, 0x56, 0x7e, 0xfd, 0x00, 0x61, 0xd7, 0x06, 0x06, 0x01, 0x00, 0x06, 0x00, 0x54, 0x38,
  0x7e, 0x00, 0x6a, 0x91, 0x9c, 0x00, 0x69, 0xdc, 0x00, 0x15, 0x7c, 0x00, 0xfd, 0x00, 0x61, 0xd7,
  0x07, 0x08, 0x01, 0x00, 0x2c, 0x00, 0x3c, 0xd7, 0x81, 0x54, 0x02, 0x00, 0x07, 0x00, 0xa4, 0xbf,
  0x91, 0x00, 0x87, 0xbf, 0x2a, 0x6a, 0x00, 0xd7, 0x6b, 0x58, 0x02, 0x00, 0x2b, 0x7c, 0x20, 0xd5,
  0x21, 0x5a, 0xaa, 0x01, 0x00, 0x00, 0x4a, 0xdc, 0x2a, 0x00, 0x7c, 0x28, 0x34, 0xa5, 0x1e, 0x8c,
  0x35, 0x00, 0x9f, 0xbe, 0x80, 0x02, 0x54, 0x7e, 0x00, 0x00, 0x51, 0xd4, 0x1e, 0xa4, 0x00, 0x00,
  0x1e, 0x8b, 0x86, 0x84, 0x68, 0x00, 0x00, 0x8b, 0x09, 0x00, 0x87, 0xbf, 0x15, 0x00, 0x01, 0xd5,
  0x80, 0x02, 0x01, 0x00, 0x14, 0x06, 0x6d, 0xdc, 0x00, 0x2c, 0x7c, 0x00, 0x07, 0x02, 0x58, 0x7e,
  0xfd, 0x00, 0x61, 0xd7, 0x06, 0x0a, 0x01, 0x00, 0x06, 0x00, 0x56, 0x38, 0x7e, 0x00, 0x6a, 0x91,
  0xa0, 0x00, 0x69, 0xdc, 0x00, 0x15, 0x7c, 0x00, 0xfd, 0x00, 0x61, 0xd7, 0x07, 0x0c, 0x01, 0x00,
  0x2d, 0x00, 0x3c, 0xd7, 0x81, 0x56, 0x02, 0x00, 0x80, 0x02, 0x56, 0x7e, 0x07, 0x00, 0xa4, 0xbf,
  0x92, 0x00, 0x87, 0xbf, 0x2b, 0x6a, 0x00, 0xd7, 0x6b, 0x5a, 0x02, 0x00, 0x2c, 0x7c, 0x20, 0xd5,
  0x21, 0x5c, 0xaa, 0x01, 0x00, 0x00, 0x4a, 0xdc, 0x2b, 0x00, 0x7c, 0x2b, 0x34, 0xa6, 0x22, 0x8c,
  0x35, 0x00, 0xa3, 0xbe, 0xb9, 0x04, 0x87, 0xbf, 0x00, 0x00, 0x51, 0xd4, 0x22, 0xa4, 0x00, 0x00,
  0x22, 0x8b, 0x86, 0x84, 0x68, 0x00, 0x00, 0x8b, 0x15, 0x00, 0x01, 0xd5, 0x80, 0x02, 0x01, 0x00,
  0x1c, 0x06, 0x6d, 0xdc, 0x00, 0x2d, 0x7c, 0x00, 0x07, 0x02, 0x5a, 0x7e, 0xfd, 0x00, 0x61, 0xd7,
  0x06, 0x0e, 0x01, 0x00, 0x06, 0x00, 0x58, 0x38, 0x7e, 0x00, 0x6a, 0x91, 0xa4, 0x00, 0x69, 0xdc,
  0x00, 0x15, 0x7c, 0x00, 0xfd, 0x00, 0x61, 0xd7, 0x07, 0x10, 0x01, 0x00, 0x2e, 0x00, 0x3c, 0xd7,
  0x81, 0x58, 0x02, 0x00, 0x07, 0x00, 0xa4, 0xbf, 0x91, 0x00, 0x87, 0xbf, 0x2c, 0x6a, 0x00, 0xd7,
  0x6b, 0x5c, 0x02, 0x00, 0x2d, 0x7c, 0x20, 0xd5, 0x21, 0x5e, 0xaa, 0x01, 0x00, 0x00, 0x4a, 0xdc,
  0x2c, 0x00, 0x7c, 0x2a, 0x34, 0xa7, 0x24, 0x8c, 0x35, 0x00, 0xa5, 0xbe, 0x80, 0x02, 0x5a, 0x7e,
  0x00, 0x00, 0x51, 0xd4, 0x24, 0xa4, 0x00, 0x00, 0x24, 0x8b, 0x86, 0x84, 0x80, 0x02, 0x58, 0x7e,
  0x68, 0x00, 0x00, 0x8b, 0x09, 0x00, 0x87, 0xbf, 0x15, 0x00, 0x01, 0xd5, 0x80, 0x02, 0x01, 0x00,
  0x24, 0x06, 0x6d, 0xdc, 0x00, 0x2e, 0x7c, 0x00, 0x07, 0x02, 0x5e, 0x7e, 0xfd, 0x00, 0x61, 0xd7,
  0x06, 0x12, 0x01, 0x00, 0x06, 0x00, 0x5c, 0x38, 0x7e, 0x00, 0x6a, 0x91, 0xa8, 0x00, 0x69, 0xdc,
  0x00, 0x15, 0x7c, 0x00, 0xfd, 0x00, 0x61, 0xd7, 0x07, 0x14, 0x01, 0x00, 0x30, 0x00, 0x3c, 0xd7,
  0x81, 0x5c, 0x02, 0x00, 0x07, 0x00, 0xa4, 0xbf, 0x91, 0x00, 0x87, 0xbf, 0x2e, 0x6a, 0x00, 0xd7,
  0x6b, 0x60, 0x02, 0x00, 0x2f, 0x7c, 0x20, 0xd5, 0x21, 0x62, 0xaa, 0x01, 0x00, 0x00, 0x4a, 0xdc,
  0x2e, 0x00, 0x7c, 0x2c, 0x34, 0xa8, 0x26, 0x8c, 0x35, 0x00, 0xa7, 0xbe, 0xa9, 0x04, 0x87, 0xbf,
  0x00, 0x00, 0x51, 0xd4, 0x26, 0xa4, 0x00, 0x00, 0x26, 0x8b, 0x86, 0x84, 0x07, 0x02, 0x5e, 0x7e,
  0xfd, 0x00, 0x61, 0xd7, 0x06, 0x16, 0x01, 0x00, 0x06, 0x00, 0x5c, 0x38, 0x68, 0x00, 0x00, 0x8b,
  0x09, 0x00, 0x87, 0xbf, 0x15, 0x00, 0x01, 0xd5, 0x80, 0x02, 0x01, 0x00, 0x2c, 0x06, 0x6d, 0xdc,
  0x00, 0x30, 0x7c, 0x00, 0x2f, 0x00, 0x3c, 0xd7, 0x81, 0x5c, 0x02, 0x00, 0xfd, 0x00, 0x61, 0xd7,
  0x07, 0x18, 0x01, 0x00, 0x7e, 0x00, 0x6a, 0x91, 0xac, 0x00, 0x69, 0xdc, 0x00, 0x15, 0x7c, 0x00,
  0x07, 0x00, 0xa4, 0xbf, 0x2d, 0x6a, 0x00, 0xd7, 0x6b, 0x5e, 0x02, 0x00, 0x01, 0x00, 0x87, 0xbf,
  0x2e, 0x7c, 0x20, 0xd5, 0x21, 0x60, 0xaa, 0x01, 0x00, 0x00, 0x4a, 0xdc, 0x2d, 0x00, 0x7c, 0x2d,
  0x34, 0xa9, 0x28, 0x8c, 0x35, 0x00, 0xa9, 0xbe, 0x80, 0x02, 0x5c, 0x7e, 0x00, 0x00, 0x51, 0xd4,
  0x28, 0xa4, 0x00, 0x00, 0x28, 0x8b, 0x86, 0x84, 0x68, 0x00, 0x00, 0x8b, 0x09, 0x00, 0x87, 0xbf,
  0x15, 0x00, 0x01, 0xd5, 0x80, 0x02, 0x01, 0x00, 0x34, 0x06, 0x6d, 0xdc, 0x00, 0x2f, 0x7c, 0x00,
  0x07, 0x02, 0x60, 0x7e, 0xfd, 0x00, 0x61, 0xd7, 0x06, 0x1a, 0x01, 0x00, 0x06, 0x00, 0x5e, 0x38,
  0x7e, 0x00, 0x6a, 0x91, 0xb0, 0x00, 0x69, 0xdc, 0x00, 0x15, 0x7c, 0x00, 0xfd, 0x00, 0x61, 0xd7,
  0x07, 0x1c, 0x01, 0x00, 0x31, 0x00, 0x3c, 0xd7, 0x81, 0x5e, 0x02, 0x00, 0x80, 0x02, 0x5e, 0x7e,
  0x07, 0x00, 0xa4, 0xbf, 0x92, 0x00, 0x87, 0xbf, 0x2f, 0x6a, 0x00, 0xd7, 0x6b, 0x62, 0x02, 0x00,
  0x30, 0x7c, 0x20, 0xd5, 0x21, 0x64, 0xaa, 0x01, 0x00, 0x00, 0x4a, 0xdc, 0x2f, 0x00, 0x7c, 0x2f,
  0x34, 0xaa, 0x2a, 0x8c, 0x35, 0x00, 0xab, 0xbe, 0xb9, 0x04, 0x87, 0xbf, 0x00, 0x00, 0x51, 0xd4,
  0x2a, 0xa4, 0x00, 0x00, 0x2a, 0x8b, 0x86, 0x84, 0x68, 0x00, 0x00, 0x8b, 0x15, 0x00, 0x01, 0xd5,
  0x80, 0x02, 0x01, 0x00, 0x3c, 0x06, 0x6d, 0xdc, 0x00, 0x31, 0x7c, 0x00, 0x07, 0x02, 0x62, 0x7e,
  0xfd, 0x00, 0x61, 0xd7, 0x06, 0x1e, 0x01, 0x00, 0x06, 0x00, 0x60, 0x38, 0x7e, 0x00, 0x6a, 0x91,
  0xb4, 0x00, 0x69, 0xdc, 0x00, 0x15, 0x7c, 0x00, 0xfd, 0x00, 0x61, 0xd7, 0x07, 0x20, 0x01, 0x00,
  0x32, 0x00, 0x3c, 0xd7, 0x81, 0x60, 0x02, 0x00, 0x07, 0x00, 0xa4, 0xbf, 0x91, 0x00, 0x87, 0xbf,
  0x30, 0x6a, 0x00, 0xd7, 0x6b, 0x64, 0x02, 0x00, 0x31, 0x7c, 0x20, 0xd5, 0x21, 0x66, 0xaa, 0x01,
  0x00, 0x00, 0x4a, 0xdc, 0x30, 0x00, 0x7c, 0x2e, 0x34, 0xab, 0x2c, 0x8c, 0x35, 0x00, 0xad, 0xbe,
  0x80, 0x02, 0x60, 0x7e, 0x00, 0x00, 0x51, 0xd4, 0x2c, 0xa4, 0x00, 0x00, 0x2c, 0x8b, 0x86, 0x84,
  0x68, 0x00, 0x00, 0x8b, 0x09, 0x00, 0x87, 0xbf, 0x15, 0x00, 0x01, 0xd5, 0x80, 0x02, 0x01, 0x00,
  0x44, 0x06, 0x6d, 0xdc, 0x00, 0x32, 0x7c, 0x00, 0x07, 0x02, 0x64, 0x7e, 0xfd, 0x00, 0x61, 0xd7,
  0x06, 0x22, 0x01, 0x00, 0x06, 0x00, 0x62, 0x38, 0x7e, 0x00, 0x6a, 0x91, 0xbc, 0x00, 0x69, 0xdc,
  0x00, 0x15, 0x7c, 0x00, 0xfd, 0x00, 0x61, 0xd7, 0x07, 0x24, 0x01, 0x00, 0x33, 0x00, 0x3c, 0xd7,
  0x81, 0x62, 0x02, 0x00, 0x80, 0x02, 0x62, 0x7e, 0x07, 0x00, 0xa4, 0xbf, 0x92, 0x00, 0x87, 0xbf,
  0x31, 0x6a, 0x00, 0xd7, 0x6b, 0x66, 0x02, 0x00, 0x32, 0x7c, 0x20, 0xd5, 0x21, 0x68, 0xaa, 0x01,
  0x00, 0x00, 0x4a, 0xdc, 0x31, 0x00, 0x7c, 0x31, 0x34, 0xac, 0x2e, 0x8c, 0x35, 0x00, 0xaf, 0xbe,
  0xb9, 0x04, 0x87, 0xbf, 0x00, 0x00, 0x51, 0xd4, 0x2e, 0xa4, 0x00, 0x00, 0x2e, 0x8b, 0x86, 0x84,
  0x68, 0x00, 0x00, 0x8b, 0x15, 0x00, 0x01, 0xd5, 0x80, 0x02, 0x01, 0x00, 0x4c, 0x06, 0x6d, 0xdc,
  0x00, 0x33, 0x7c, 0x00, 0x07, 0x02, 0x66, 0x7e, 0xfd, 0x00, 0x61, 0xd7, 0x06, 0x26, 0x01, 0x00,
  0x06, 0x00, 0x64, 0x38, 0x7e, 0x00, 0x6a, 0x91, 0xc0, 0x00, 0x69, 0xdc, 0x00, 0x15, 0x7c, 0x00,
  0xfd, 0x00, 0x61, 0xd7, 0x07, 0x28, 0x01, 0x00, 0x34, 0x00, 0x3c, 0xd7, 0x81, 0x64, 0x02, 0x00,
  0x07, 0x00, 0xa4, 0xbf, 0x91, 0x00, 0x87, 0xbf, 0x32, 0x6a, 0x00, 0xd7, 0x6b, 0x68, 0x02, 0x00,
  0x33, 0x7c, 0x20, 0xd5, 0x21, 0x6a, 0xaa, 0x01, 0x00, 0x00, 0x4a, 0xdc, 0x32, 0x00, 0x7c, 0x30,
  0x34, 0xad, 0x30, 0x8c, 0x35, 0x00, 0xb1, 0xbe, 0x80, 0x02, 0x64, 0x7e, 0x00, 0x00, 0x51, 0xd4,
  0x30, 0xa4, 0x00, 0x00, 0x30, 0x8b, 0x86, 0x84, 0x68, 0x00, 0x00, 0x8b, 0x09, 0x00, 0x87, 0xbf,
  0x15, 0x00, 0x01, 0xd5, 0x80, 0x02, 0x01, 0x00, 0x54, 0x06, 0x6d, 0xdc, 0x00, 0x34, 0x7c, 0x00,
  0x07, 0x02, 0x68, 0x7e, 0xfd, 0x00, 0x61, 0xd7, 0x06, 0x2a, 0x01, 0x00, 0x06, 0x00, 0x66, 0x38,
  0x7e, 0x00, 0x6a, 0x91, 0xc4, 0x00, 0x69, 0xdc, 0x00, 0x15, 0x7c, 0x00, 0xfd, 0x00, 0x61, 0xd7,
  0x07, 0x2c, 0x01, 0x00, 0x35, 0x00, 0x3c, 0xd7, 0x81, 0x66, 0x02, 0x00, 0x80, 0x02, 0x66, 0x7e,
  0x07, 0x00, 0xa4, 0xbf, 0x92, 0x00, 0x87, 0xbf, 0x33, 0x6a, 0x00, 0xd7, 0x6b, 0x6a, 0x02, 0x00,
  0x34, 0x7c, 0x20, 0xd5, 0x21, 0x6c, 0xaa, 0x01, 0x00, 0x00, 0x4a, 0xdc, 0x33, 0x00, 0x7c, 0x33,
  0x34, 0xae, 0x5c, 0x8c, 0x35, 0x00, 0xdd, 0xbe, 0xb9, 0x04, 0x87, 0xbf, 0x00, 0x00, 0x51, 0xd4,
  0x5c, 0xa4, 0x00, 0x00, 0x5c, 0x8b, 0x86, 0x84, 0x68, 0x00, 0x00, 0x8b, 0x15, 0x00, 0x01, 0xd5,
  0x80, 0x02, 0x01, 0x00, 0x5c, 0x06, 0x6d, 0xdc, 0x00, 0x35, 0x7c, 0x00, 0x07, 0x02, 0x6a, 0x7e,
  0xfd, 0x00, 0x61, 0xd7, 0x06, 0x2e, 0x01, 0x00, 0x06, 0x00, 0x68, 0x38, 0x7e, 0x00, 0x6a, 0x91,
  0xc8, 0x00, 0x69, 0xdc, 0x00, 0x15, 0x7c, 0x00, 0xfd, 0x00, 0x61, 0xd7, 0x07, 0x30, 0x01, 0x00,
  0x36, 0x00, 0x3c, 0xd7, 0x81, 0x68, 0x02, 0x00, 0x07, 0x00, 0xa4, 0xbf, 0x91, 0x00, 0x87, 0xbf,
  0x34, 0x6a, 0x00, 0xd7, 0x6b, 0x6c, 0x02, 0x00, 0x35, 0x7c, 0x20, 0xd5, 0x21, 0x6e, 0xaa, 0x01,
  0x00, 0x00, 0x4a, 0xdc, 0x34, 0x00, 0x7c, 0x32, 0x34, 0xaf, 0x32, 0x8c, 0x35, 0x00, 0xb3, 0xbe,
  0x80, 0x02, 0x6a, 0x7e, 0x00, 0x00, 0x51, 0xd4, 0x32, 0xa4, 0x00, 0x00, 0x32, 0x8b, 0x86, 0x84,
  0x80, 0x02, 0x68, 0x7e, 0x68, 0x00, 0x00, 0x8b, 0x09, 0x00, 0x87, 0xbf, 0x15, 0x00, 0x01, 0xd5,
  0x80, 0x02, 0x01, 0x00, 0x64, 0x06, 0x6d, 0xdc, 0x00, 0x36, 0x7c, 0x00, 0x07, 0x02, 0x6e, 0x7e,
  0xfd, 0x00, 0x61, 0xd7, 0x06, 0x32, 0x01, 0x00, 0x06, 0x00, 0x6c, 0x38, 0x7e, 0x00, 0x6a, 0x91,
  0xcc, 0x00, 0x69, 0xdc, 0x00, 0x15, 0x7c, 0x00, 0xfd, 0x00, 0x61, 0xd7, 0x07, 0x34, 0x01, 0x00,
  0x38, 0x00, 0x3c, 0xd7, 0x81, 0x6c, 0x02, 0x00, 0x07, 0x00, 0xa4, 0xbf, 0x91, 0x00, 0x87, 0xbf,
  0x36, 0x6a, 0x00, 0xd7, 0x6b, 0x70, 0x02, 0x00, 0x37, 0x7c, 0x20, 0xd5, 0x21, 0x72, 0xaa, 0x01,
  0x00, 0x00, 0x4a, 0xdc, 0x36, 0x00, 0x7c, 0x34, 0x34, 0xb0, 0x46, 0x8c, 0x35, 0x00, 0xc7, 0xbe,
  0xa9, 0x04, 0x87, 0xbf, 0x00, 0x00, 0x51, 0xd4, 0x46, 0xa4, 0x00, 0x00, 0x46, 0x8b, 0x86, 0x84,
  0x07, 0x02, 0x6e, 0x7e, 0xfd, 0x00, 0x61, 0xd7, 0x06, 0x36, 0x01, 0x00, 0x06, 0x00, 0x6c, 0x38,
  0x68, 0x00, 0x00, 0x8b, 0x09, 0x00, 0x87, 0xbf, 0x15, 0x00, 0x01, 0xd5, 0x80, 0x02, 0x01, 0x00,
  0x6c, 0x06, 0x6d, 0xdc, 0x00, 0x38, 0x7c, 0x00, 0x37, 0x00, 0x3c, 0xd7, 0x81, 0x6c, 0x02, 0x00,
  0xfd, 0x00, 0x61, 0xd7, 0x07, 0x38, 0x01, 0x00, 0x7e, 0x00, 0x6a, 0x91, 0xd0, 0x00, 0x69, 0xdc,
  0x00, 0x15, 0x7c, 0x00, 0x07, 0x00, 0xa4, 0xbf, 0x35, 0x6a, 0x00, 0xd7, 0x6b, 0x6e, 0x02, 0x00,
  0x01, 0x00, 0x87, 0xbf, 0x36, 0x7c, 0x20, 0xd5, 0x21, 0x70, 0xaa, 0x01, 0x00, 0x00, 0x4a, 0xdc,
  0x35, 0x00, 0x7c, 0x35, 0x34, 0xb1, 0x00, 0x8c, 0x35, 0x00, 0x81, 0xbe, 0x80, 0x02, 0x6c, 0x7e,
  0x36, 0x00, 0x51, 0xd4, 0x00, 0xa4, 0x00, 0x00, 0x00, 0x8b, 0x86, 0x84, 0x68, 0x36, 0x36, 0x8b,
  0x09, 0x00, 0x87, 0xbf, 0x15, 0x00, 0x01, 0xd5, 0x80, 0x02, 0xd9, 0x00, 0x74, 0x06, 0x6d, 0xdc,
  0x00, 0x37, 0x7c, 0x00, 0x07, 0x02, 0x70, 0x7e, 0xfd, 0x00, 0x61, 0xd7, 0x06, 0x3a, 0x01, 0x00,
  0x06, 0x00, 0x6e, 0x38, 0x7e, 0x36, 0x6a, 0x91, 0xd4, 0x00, 0x69, 0xdc, 0x00, 0x15, 0x7c, 0x00,
  0xfd, 0x00, 0x61, 0xd7, 0x07, 0x3c, 0x01, 0x00, 0x39, 0x00, 0x3c, 0xd7, 0x81, 0x6e, 0x02, 0x00,
  0x80, 0x02, 0x6e, 0x7e, 0x07, 0x00, 0xa4, 0xbf, 0x92, 0x00, 0x87, 0xbf, 0x37, 0x6a, 0x00, 0xd7,
  0x6b, 0x72, 0x02, 0x00, 0x38, 0x7c, 0x20, 0xd5, 0x21, 0x74, 0xaa, 0x01, 0x00, 0x00, 0x4a, 0xdc,
  0x37, 0x00, 0x7c, 0x37, 0x34, 0xb2, 0x44, 0x8c, 0x35, 0x00, 0xc5, 0xbe, 0xb9, 0x04, 0x87, 0xbf,
  0x36, 0x00, 0x51, 0xd4, 0x44, 0xa4, 0x00, 0x00, 0x44, 0x8b, 0x86, 0x84, 0x68, 0x36, 0x36, 0x8b,
  0x15, 0x00, 0x01, 0xd5, 0x80, 0x02, 0xd9, 0x00, 0x7c, 0x06, 0x6d, 0xdc, 0x00, 0x39, 0x7c, 0x00,
  0x07, 0x02, 0x72, 0x7e, 0xfd, 0x00, 0x61, 0xd7, 0x06, 0x3e, 0x01, 0x00, 0x06, 0x00, 0x70, 0x38,
  0xfb, 0x00, 0x61, 0xd7, 0x07, 0x00, 0x01, 0x00, 0x7e, 0x36, 0x6a, 0x91, 0xdc, 0x00, 0x69, 0xdc,
  0x00, 0x15, 0x7c, 0x00, 0x3a, 0x00, 0x3c, 0xd7, 0x81, 0x70, 0x02, 0x00, 0x07, 0x00, 0xa4, 0xbf,
  0x91, 0x00, 0x87, 0xbf, 0x38, 0x6a, 0x00, 0xd7, 0x6b, 0x74, 0x02, 0x00, 0x39, 0x7c, 0x20, 0xd5,
  0x21, 0x76, 0xaa, 0x01, 0x00, 0x00, 0x4a, 0xdc, 0x38, 0x00, 0x7c, 0x36, 0x34, 0xb3, 0x48, 0x8c,
  0x35, 0x00, 0xc9, 0xbe, 0x80, 0x02, 0x70, 0x7e, 0x36, 0x00, 0x51, 0xd4, 0x48, 0xa4, 0x00, 0x00,
  0x48, 0x8b, 0x86, 0x84, 0x68, 0x36, 0x36, 0x8b, 0x09, 0x00, 0x87, 0xbf, 0x15, 0x00, 0x01, 0xd5,
  0x80, 0x02, 0xd9, 0x00, 0x84, 0x06, 0x6d, 0xdc, 0x00, 0x3a, 0x7c, 0x00, 0x07, 0x02, 0x74, 0x7e,
  0xfb, 0x00, 0x61, 0xd7, 0x06, 0x02, 0x01, 0x00, 0x06, 0x00, 0x72, 0x38, 0x7e, 0x36, 0x6a, 0x91,
  0xe0, 0x00, 0x69, 0xdc, 0x00, 0x15, 0x7c, 0x00, 0xfb, 0x00, 0x61, 0xd7, 0x07, 0x04, 0x01, 0x00,
  0x3b, 0x00, 0x3c, 0xd7, 0x81, 0x72, 0x02, 0x00, 0x80, 0x02, 0x72, 0x7e, 0x07, 0x00, 0xa4, 0xbf,
  0x92, 0x00, 0x87, 0xbf, 0x39, 0x6a, 0x00, 0xd7, 0x6b, 0x76, 0x02, 0x00, 0x3a, 0x7c, 0x20, 0xd5,
  0x21, 0x78, 0xaa, 0x01, 0x00, 0x00, 0x4a, 0xdc, 0x39, 0x00, 0x7c, 0x39, 0x34, 0xb4, 0x4a, 0x8c,
  0x35, 0x00, 0xcb, 0xbe, 0xb9, 0x04, 0x87, 0xbf, 0x36, 0x00, 0x51, 0xd4, 0x4a, 0xa4, 0x00, 0x00,
  0x4a, 0x8b, 0x86, 0x84, 0x68, 0x36, 0x36, 0x8b, 0x15, 0x00, 0x01, 0xd5, 0x80, 0x02, 0xd9, 0x00,
  0x8c, 0x06, 0x6d, 0xdc, 0x00, 0x3b, 0x7c, 0x00, 0x07, 0x02, 0x76, 0x7e, 0xfb, 0x00, 0x61, 0xd7,
  0x06, 0x06, 0x01, 0x00, 0x06, 0x00, 0x74, 0x38, 0x7e, 0x36, 0x6a, 0x91, 0xe4, 0x00, 0x69, 0xdc,
  0x00, 0x15, 0x7c, 0x00, 0xfb, 0x00, 0x61, 0xd7, 0x07, 0x08, 0x01, 0x00, 0x3c, 0x00, 0x3c, 0xd7,
  0x81, 0x74, 0x02, 0x00, 0x07, 0x00, 0xa4, 0xbf, 0x91, 0x00, 0x87, 0xbf, 0x3a, 0x6a, 0x00, 0xd7,
  0x6b, 0x78, 0x02, 0x00, 0x3b, 0x7c, 0x20, 0xd5, 0x21, 0x7a, 0xaa, 0x01, 0x00, 0x00, 0x4a, 0xdc,
  0x3a, 0x00, 0x7c, 0x38, 0x34, 0xb5, 0x4c, 0x8c, 0x35, 0x00, 0xcd, 0xbe, 0x80, 0x02, 0x74, 0x7e,
  0x36, 0x00, 0x51, 0xd4, 0x4c, 0xa4, 0x00, 0x00, 0x4c, 0x8b, 0x86, 0x84, 0x68, 0x36, 0x36, 0x8b,
  0x09, 0x00, 0x87, 0xbf, 0x15, 0x00, 0x01, 0xd5, 0x80, 0x02, 0xd9, 0x00, 0x94, 0x06, 0x6d, 0xdc,
  0x00, 0x3c, 0x7c, 0x00, 0x07, 0x02, 0x78, 0x7e, 0xfb, 0x00, 0x61, 0xd7, 0x06, 0x0a, 0x01, 0x00,
  0x06, 0x00, 0x76, 0x38, 0x7e, 0x36, 0x6a, 0x91, 0xe8, 0x00, 0x69, 0xdc, 0x00, 0x15, 0x7c, 0x00,
  0xfb, 0x00, 0x61, 0xd7, 0x07, 0x0c, 0x01, 0x00, 0x3d, 0x00, 0x3c, 0xd7, 0x81, 0x76, 0x02, 0x00,
  0x80, 0x02, 0x76, 0x7e, 0x07, 0x00, 0xa4, 0xbf, 0x92, 0x00, 0x87, 0xbf, 0x3b, 0x6a, 0x00, 0xd7,
  0x6b, 0x7a, 0x02, 0x00, 0x3c, 0x7c, 0x20, 0xd5, 0x21, 0x7c, 0xaa, 0x01, 0x00, 0x00, 0x4a, 0xdc,
  0x3b, 0x00, 0x7c, 0x3b, 0x34, 0xb6, 0x4e, 0x8c, 0x35, 0x00, 0xcf, 0xbe, 0xb9, 0x04, 0x87, 0xbf,
  0x36, 0x00, 0x51, 0xd4, 0x4e, 0xa4, 0x00, 0x00, 0x4e, 0x8b, 0x86, 0x84, 0x68, 0x36, 0x36, 0x8b,
  0x15, 0x00, 0x01, 0xd5, 0x80, 0x02, 0xd9, 0x00, 0x9c, 0x06, 0x6d, 0xdc, 0x00, 0x3d, 0x7c, 0x00,
  0x07, 0x02, 0x7a, 0x7e, 0xfb, 0x00, 0x61, 0xd7, 0x06, 0x0e, 0x01, 0x00, 0x06, 0x00, 0x78, 0x38,
  0x7e, 0x36, 0x6a, 0x91, 0xec, 0x00, 0x69, 0xdc, 0x00, 0x15, 0x7c, 0x00, 0xfb, 0x00, 0x61, 0xd7,
  0x07, 0x10, 0x01, 0x00, 0x3e, 0x00, 0x3c, 0xd7, 0x81, 0x78, 0x02, 0x00, 0x07, 0x00, 0xa4, 0xbf,
  0x91, 0x00, 0x87, 0xbf, 0x3c, 0x6a, 0x00, 0xd7, 0x6b, 0x7c, 0x02, 0x00, 0x3d, 0x7c, 0x20, 0xd5,
  0x21, 0x7e, 0xaa, 0x01, 0x00, 0x00, 0x4a, 0xdc, 0x3c, 0x00, 0x7c, 0x3a, 0x34, 0xb7, 0x50, 0x8c,
  0x35, 0x00, 0xd1, 0xbe, 0x80, 0x02, 0x7a, 0x7e, 0x36, 0x00, 0x51, 0xd4, 0x50, 0xa4, 0x00, 0x00,
  0x50, 0x8b, 0x86, 0x84, 0x80, 0x02, 0x78, 0x7e, 0x68, 0x36, 0x36, 0x8b, 0x09, 0x00, 0x87, 0xbf,
  0x15, 0x00, 0x01, 0xd5, 0x80, 0x02, 0xd9, 0x00, 0xa4, 0x06, 0x6d, 0xdc, 0x00, 0x3e, 0x7c, 0x00,
  0x07, 0x02, 0x7e, 0x7e, 0xfb, 0x00, 0x61, 0xd7, 0x06, 0x12, 0x01, 0x00, 0x06, 0x00, 0x7c, 0x38,
  0x7e, 0x36, 0x6a, 0x91, 0xf4, 0x00, 0x69, 0xdc, 0x00, 0x15, 0x7c, 0x00, 0xfb, 0x00, 0x61, 0xd7,
  0x07, 0x14, 0x01, 0x00, 0x40, 0x00, 0x3c, 0xd7, 0x81, 0x7c, 0x02, 0x00, 0x07, 0x00, 0xa4, 0xbf,
  0x91, 0x00, 0x87, 0xbf, 0x3e, 0x6a, 0x00, 0xd7, 0x6b, 0x80, 0x02, 0x00, 0x3f, 0x7c, 0x20, 0xd5,
  0x21, 0x82, 0xaa, 0x01, 0x00, 0x00, 0x4a, 0xdc, 0x3e, 0x00, 0x7c, 0x3c, 0x34, 0xb8, 0x54, 0x8c,
  0x35, 0x00, 0xd5, 0xbe, 0xa9, 0x04, 0x87, 0xbf, 0x36, 0x00, 0x51, 0xd4, 0x54, 0xa4, 0x00, 0x00,
  0x54, 0x8b, 0x86, 0x84, 0x07, 0x02, 0x7e, 0x7e, 0xfb, 0x00, 0x61, 0xd7, 0x06, 0x16, 0x01, 0x00,
  0x06, 0x00, 0x7c, 0x38, 0x68, 0x36, 0x36, 0x8b, 0x09, 0x00, 0x87, 0xbf, 0x15, 0x00, 0x01, 0xd5,
  0x80, 0x02, 0xd9, 0x00, 0xac, 0x06, 0x6d, 0xdc, 0x00, 0x40, 0x7c, 0x00, 0x3f, 0x00, 0x3c, 0xd7,
  0x81, 0x7c, 0x02, 0x00, 0xfb, 0x00, 0x61, 0xd7, 0x07, 0x18, 0x01, 0x00, 0x7e, 0x36, 0x6a, 0x91,
  0xf8, 0x00, 0x69, 0xdc, 0x00, 0x15, 0x7c, 0x00, 0x07, 0x00, 0xa4, 0xbf, 0x3d, 0x6a, 0x00, 0xd7,
  0x6b, 0x7e, 0x02, 0x00, 0x01, 0x00, 0x87, 0xbf, 0x3e, 0x7c, 0x20, 0xd5, 0x21, 0x80, 0xaa, 0x01,
  0x00, 0x00, 0x4a, 0xdc, 0x3d, 0x00, 0x7c, 0x3d, 0x34, 0xb9, 0x56, 0x8c, 0x35, 0x00, 0xd7, 0xbe,
  0x80, 0x02, 0x7c, 0x7e, 0x36, 0x00, 0x51, 0xd4, 0x56, 0xa4, 0x00, 0x00, 0x56, 0x8b, 0x86, 0x84,
  0x68, 0x36, 0x36, 0x8b, 0x09, 0x00, 0x87, 0xbf, 0x15, 0x00, 0x01, 0xd5, 0x80, 0x02, 0xd9, 0x00,
  0xb4, 0x06, 0x6d, 0xdc, 0x00, 0x3f, 0x7c, 0x00, 0x07, 0x02, 0x80, 0x7e, 0xfb, 0x00, 0x61, 0xd7,
  0x06, 0x1a, 0x01, 0x00, 0x06, 0x00, 0x7e, 0x38, 0x7e, 0x36, 0x6a, 0x91, 0x00, 0x01, 0x69, 0xdc,
  0x00, 0x15, 0x7c, 0x00, 0xfb, 0x00, 0x61, 0xd7, 0x07, 0x1c, 0x01, 0x00, 0x41, 0x00, 0x3c, 0xd7,
  0x81, 0x7e, 0x02, 0x00, 0x80, 0x02, 0x80, 0x7e, 0x07, 0x00, 0xa4, 0xbf, 0x92, 0x00, 0x87, 0xbf,
  0x3f, 0x6a, 0x00, 0xd7, 0x6b, 0x82, 0x02, 0x00, 0x40, 0x7c, 0x20, 0xd5, 0x21, 0x84, 0xaa, 0x01,
  0x00, 0x00, 0x4a, 0xdc, 0x3f, 0x00, 0x7c, 0x40, 0x34, 0xba, 0x58, 0x8c, 0x35, 0x00, 0xd9, 0xbe,
  0xb9, 0x04, 0x87, 0xbf, 0x36, 0x00, 0x51, 0xd4, 0x58, 0xa4, 0x00, 0x00, 0x58, 0x8b, 0x86, 0x84,
  0x68, 0x36, 0x36, 0x8b, 0x15, 0x00, 0x01, 0xd5, 0x80, 0x02, 0xd9, 0x00, 0xbc, 0x06, 0x6d, 0xdc,
  0x00, 0x41, 0x7c, 0x00, 0x07, 0x02, 0x84, 0x7e, 0xfb, 0x00, 0x61, 0xd7, 0x06, 0x1e, 0x01, 0x00,
  0x06, 0x00, 0x82, 0x38, 0x7e, 0x36, 0x6a, 0x91, 0x04, 0x01, 0x69, 0xdc, 0x00, 0x15, 0x7c, 0x00,
  0xfb, 0x00, 0x61, 0xd7, 0x07, 0x20, 0x01, 0x00, 0x41, 0x00, 0x3c, 0xd7, 0x81, 0x82, 0x02, 0x00,
  0x07, 0x00, 0xa4, 0xbf, 0x91, 0x00, 0x87, 0xbf, 0x3e, 0x6a, 0x00, 0xd7, 0x6b, 0x82, 0x02, 0x00,
  0x3f, 0x7c, 0x20, 0xd5, 0x21, 0x84, 0xaa, 0x01, 0x00, 0x00, 0x4a, 0xdc, 0x3e, 0x00, 0x7c, 0x3e,
  0x34, 0xbb, 0x5a, 0x8c, 0x35, 0x00, 0xdb, 0xbe, 0xa9, 0x04, 0x87, 0xbf, 0x36, 0x00, 0x51, 0xd4,
  0x5a, 0xa4, 0x00, 0x00, 0x5a, 0x8b, 0x86, 0x84, 0x07, 0x02, 0x86, 0x7e, 0xfb, 0x00, 0x61, 0xd7,
  0x06, 0x22, 0x01, 0x00, 0x68, 0x36, 0x36, 0x8b, 0x09, 0x00, 0x87, 0xbf, 0x15, 0x00, 0x01, 0xd5,
  0x80, 0x02, 0xd9, 0x00, 0xc4, 0x06, 0x6d, 0xdc, 0x00, 0x41, 0x7c, 0x00, 0x06, 0x00, 0x84, 0x38,
  0xfb, 0x00, 0x61, 0xd7, 0x07, 0x24, 0x01, 0x00, 0x80, 0x02, 0x82, 0x7e, 0x7e, 0x36, 0x6a, 0x91,
  0x08, 0x01, 0x69, 0xdc, 0x00, 0x15, 0x7c, 0x00, 0x44, 0x00, 0x3c, 0xd7, 0x81, 0x84, 0x02, 0x00,
  0x80, 0x02, 0x84, 0x7e, 0x07, 0x00, 0xa4, 0xbf, 0x92, 0x00, 0x87, 0xbf, 0x42, 0x6a, 0x00, 0xd7,
  0x6b, 0x88, 0x02, 0x00, 0x43, 0x7c, 0x20, 0xd5, 0x21, 0x8a, 0xaa, 0x01, 0x00, 0x00, 0x4a, 0xdc,
  0x42, 0x00, 0x7c, 0x42, 0x34, 0xbc, 0x42, 0x8c, 0x35, 0x00, 0xc3, 0xbe, 0xb9, 0x04, 0x87, 0xbf,
  0x36, 0x00, 0x51, 0xd4, 0x42, 0xa4, 0x00, 0x00, 0x42, 0x8b, 0x86, 0x84, 0x68, 0x36, 0x36, 0x8b,
  0x15, 0x00, 0x01, 0xd5, 0x80, 0x02, 0xd9, 0x00, 0xcc, 0x06, 0x6d, 0xdc, 0x00, 0x44, 0x7c, 0x00,
  0x07, 0x02, 0x88, 0x7e, 0xfb, 0x00, 0x61, 0xd7, 0x06, 0x26, 0x01, 0x00, 0x06, 0x00, 0x86, 0x38,
  0x7e, 0x36, 0x6a, 0x91, 0xfc, 0x00, 0x69, 0xdc, 0x00, 0x15, 0x7c, 0x00, 0xfb, 0x00, 0x61, 0xd7,
  0x07, 0x28, 0x01, 0x00, 0x45, 0x00, 0x3c, 0xd7, 0x81, 0x86, 0x02, 0x00, 0x07, 0x00, 0xa4, 0xbf,
  0x91, 0x00, 0x87, 0xbf, 0x43, 0x6a, 0x00, 0xd7, 0x6b, 0x8a, 0x02, 0x00, 0x44, 0x7c, 0x20, 0xd5,
  0x21, 0x8c, 0xaa, 0x01, 0x00, 0x00, 0x4a, 0xdc, 0x43, 0x00, 0x7c, 0x41, 0x34, 0xbd, 0x36, 0x8c,
  0x35, 0x00, 0xb7, 0xbe, 0x80, 0x02, 0x86, 0x7e, 0x38, 0x00, 0x51, 0xd4, 0x36, 0xa4, 0x00, 0x00,
  0x36, 0x8b, 0x86, 0x84, 0x68, 0x38, 0x38, 0x8b, 0x09, 0x00, 0x87, 0xbf, 0x15, 0x00, 0x01, 0xd5,
  0x80, 0x02, 0xe1, 0x00, 0xd4, 0x06, 0x6d, 0xdc, 0x00, 0x45, 0x7c, 0x00, 0x07, 0x02, 0x8a, 0x7e,
  0xfb, 0x00, 0x61, 0xd7, 0x06, 0x2a, 0x01, 0x00, 0x06, 0x00, 0x88, 0x38, 0x7e, 0x38, 0x6a, 0x91,
  0xd8, 0x00, 0x69, 0xdc, 0x00, 0x15, 0x7c, 0x00, 0xfb, 0x00, 0x61, 0xd7, 0x07, 0x2c, 0x01, 0x00,
  0x46, 0x00, 0x3c, 0xd7, 0x81, 0x88, 0x02, 0x00, 0x80, 0x02, 0x88, 0x7e, 0x07, 0x00, 0xa4, 0xbf,
  0x92, 0x00, 0x87, 0xbf, 0x44, 0x6a, 0x00, 0xd7, 0x6b, 0x8c, 0x02, 0x00, 0x45, 0x7c, 0x20, 0xd5,
  0x21, 0x8e, 0xaa, 0x01, 0x00, 0x00, 0x4a, 0xdc, 0x44, 0x00, 0x7c, 0x44, 0x34, 0xbe, 0x38, 0x8c,
  0x35, 0x00, 0xb9, 0xbe, 0xb9, 0x04, 0x87, 0xbf, 0x3a, 0x00, 0x51, 0xd4, 0x38, 0xa4, 0x00, 0x00,
  0x38, 0x8b, 0x86, 0x84, 0x68, 0x3a, 0x3a, 0x8b, 0x15, 0x00, 0x01, 0xd5, 0x80, 0x02, 0xe9, 0x00,
  0xdc, 0x06, 0x6d, 0xdc, 0x00, 0x46, 0x7c, 0x00, 0x07, 0x02, 0x8c, 0x7e, 0xfb, 0x00, 0x61, 0xd7,
  0x06, 0x2e, 0x01, 0x00, 0x06, 0x00, 0x8a, 0x38, 0x7e, 0x3a, 0x6a, 0x91, 0xb8, 0x00, 0x69, 0xdc,
  0x00, 0x15, 0x7c, 0x00, 0xfb, 0x00, 0x61, 0xd7, 0x07, 0x30, 0x01, 0x00, 0x76, 0x00, 0x3c, 0xd7,
  0x81, 0x8a, 0x02, 0x00, 0x07, 0x00, 0xa4, 0xbf, 0x91, 0x00, 0x87, 0xbf, 0x45, 0x6a, 0x00, 0xd7,
  0x6b, 0xec, 0x02, 0x00, 0x46, 0x7c, 0x20, 0xd5, 0x21, 0xee, 0xaa, 0x01, 0x00, 0x00, 0x4a, 0xdc,
  0x45, 0x00, 0x7c, 0x43, 0xfb, 0x00, 0x61, 0xd7, 0x3c, 0x32, 0x01, 0x00, 0x9e, 0x00, 0x04, 0xf4,
  0x08, 0x00, 0x00, 0xf8, 0x34, 0xbf, 0x3a, 0x8c, 0x35, 0x00, 0xbb, 0xbe, 0x80, 0x02, 0x7e, 0x7e,
  0xfb, 0x00, 0x61, 0xd7, 0x3d, 0x34, 0x01, 0x00, 0x3c, 0x00, 0x51, 0xd4, 0x3a, 0xa4, 0x00, 0x00,
  0x3a, 0x8b, 0x86, 0x84, 0xc9, 0x04, 0x87, 0xbf, 0x07, 0x02, 0x8c, 0x7e, 0xfb, 0x00, 0x61, 0xd7,
  0x06, 0x36, 0x01, 0x00, 0x06, 0x00, 0x8a, 0x38, 0x68, 0x3c, 0x3c, 0x8b, 0xda, 0x00, 0x01, 0xd5,
  0x80, 0x02, 0xf1, 0x00, 0xfb, 0x00, 0x61, 0xd7, 0x07, 0x38, 0x01, 0x00, 0x03, 0x00, 0x87, 0xbf,
  0x47, 0x00, 0x3c, 0xd7, 0x81, 0x8a, 0x02, 0x00, 0x80, 0x02, 0x8a, 0x7e, 0x7e, 0x3c, 0x6a, 0x91,
  0x07, 0x00, 0xa4, 0xbf, 0x92, 0x00, 0x87, 0xbf, 0x45, 0x6a, 0x00, 0xd7, 0x6b, 0x8e, 0x02, 0x00,
  0x46, 0x7c, 0x20, 0xd5, 0x21, 0x90, 0xaa, 0x01, 0x00, 0x00, 0x4a, 0xdc, 0x45, 0x00, 0x7c, 0x45,
  0x81, 0x00, 0x2a, 0x30, 0xec, 0x06, 0x6d, 0xdc, 0x00, 0x47, 0x7c, 0x00, 0x80, 0x2a, 0xee, 0x4b,
  0x46, 0x00, 0x45, 0xd6, 0x15, 0x21, 0x01, 0x02, 0xf7, 0x03, 0x89, 0xbf, 0x00, 0x00, 0x7c, 0xd8,
  0xf7, 0x04, 0x00, 0x00, 0x00, 0x04, 0x7c, 0xd8, 0xf7, 0x0c, 0x00, 0x00, 0x00, 0x08, 0x7c, 0xd8,
  0xf7, 0x14, 0x00, 0x00, 0x00, 0x0c, 0x7c, 0xd8, 0xf7, 0x17, 0x00, 0x00, 0x00, 0x10, 0x7c, 0xd8,
  0xf7, 0x25, 0x00, 0x00, 0x00, 0x14, 0x7c, 0xd8, 0xf7, 0x2d, 0x00, 0x00, 0x00, 0x18, 0x7c, 0xd8,
  0xf7, 0x35, 0x00, 0x00, 0x00, 0x1c, 0x7c, 0xd8, 0xf7, 0x3d, 0x00, 0x00, 0x04, 0x00, 0x45, 0xd6,
  0x15, 0x41, 0x01, 0x02, 0x8f, 0x00, 0x18, 0x36, 0x80, 0x00, 0x7c, 0xd8, 0x46, 0x06, 0x00, 0x00,
  0x80, 0x04, 0x7c, 0xd8, 0x46, 0x0e, 0x00, 0x00, 0x80, 0x08, 0x7c, 0xd8, 0x46, 0x18, 0x00, 0x00,
  0x80, 0x0c, 0x7c, 0xd8, 0x46, 0x1f, 0x00, 0x00, 0x80, 0x10, 0x7c, 0xd8, 0x46, 0x27, 0x00, 0x00,
  0x80, 0x14, 0x7c, 0xd8, 0x46, 0x2f, 0x00, 0x00, 0x80, 0x18, 0x7c, 0xd8, 0x46, 0x37, 0x00, 0x00,
  0x80, 0x1c, 0x7c, 0xd8, 0x46, 0x40, 0x00, 0x00, 0x06, 0x00, 0x45, 0xd6, 0x15, 0x61, 0x01, 0x02,
  0x00, 0x01, 0x7c, 0xd8, 0x04, 0x05, 0x00, 0x00, 0x00, 0x05, 0x7c, 0xd8, 0x04, 0x0d, 0x00, 0x00,
  0x00, 0x09, 0x7c, 0xd8, 0x04, 0x16, 0x00, 0x00, 0x00, 0x0d, 0x7c, 0xd8, 0x04, 0x1e, 0x00, 0x00,
  0x00, 0x11, 0x7c, 0xd8, 0x04, 0x26, 0x00, 0x00, 0x00, 0x15, 0x7c, 0xd8, 0x04, 0x2e, 0x00, 0x00,
  0x00, 0x19, 0x7c, 0xd8, 0x04, 0x36, 0x00, 0x00, 0x00, 0x1d, 0x7c, 0xd8, 0x04, 0x3e, 0x00, 0x00,
  0x04, 0x00, 0x45, 0xd6, 0x15, 0x81, 0x01, 0x02, 0x80, 0x01, 0x7c, 0xd8, 0x06, 0x08, 0x00, 0x00,
  0x80, 0x05, 0x7c, 0xd8, 0x06, 0x10, 0x00, 0x00, 0x80, 0x09, 0x7c, 0xd8, 0x06, 0x1a, 0x00, 0x00,
  0x80, 0x0d, 0x7c, 0xd8, 0x06, 0x21, 0x00, 0x00, 0x80, 0x11, 0x7c, 0xd8, 0x06, 0x29, 0x00, 0x00,
  0x80, 0x15, 0x7c, 0xd8, 0x06, 0x31, 0x00, 0x00, 0x80, 0x19, 0x7c, 0xd8, 0x06, 0x39, 0x00, 0x00,
  0x80, 0x1d, 0x7c, 0xd8, 0x06, 0x42, 0x00, 0x00, 0x05, 0x00, 0x45, 0xd6, 0xff, 0x2a, 0x02, 0x02,
  0x50, 0x00, 0x00, 0x00, 0x00, 0x02, 0x7c, 0xd8, 0x04, 0x07, 0x00, 0x00, 0x00, 0x06, 0x7c, 0xd8,
  0x04, 0x0f, 0x00, 0x00, 0x00, 0x0a, 0x7c, 0xd8, 0x04, 0x19, 0x00, 0x00, 0x00, 0x0e, 0x7c, 0xd8,
  0x04, 0x20, 0x00, 0x00, 0x00, 0x12, 0x7c, 0xd8, 0x04, 0x28, 0x00, 0x00, 0x00, 0x16, 0x7c, 0xd8,
  0x04, 0x30, 0x00, 0x00, 0x00, 0x1a, 0x7c, 0xd8, 0x04, 0x38, 0x00, 0x00, 0x00, 0x1e, 0x7c, 0xd8,
  0x04, 0x41, 0x00, 0x00, 0x04, 0x00, 0x45, 0xd6, 0xff, 0x2a, 0x02, 0x02, 0x60, 0x00, 0x00, 0x00,
  0x87, 0x18, 0x0c, 0x30, 0x84, 0x00, 0x0e, 0x30, 0x80, 0x02, 0x7c, 0xd8, 0x05, 0x0a, 0x00, 0x00,
  0x80, 0x06, 0x7c, 0xd8, 0x05, 0x12, 0x00, 0x00, 0x80, 0x0a, 0x7c, 0xd8, 0x05, 0x1c, 0x00, 0x00,
  0x80, 0x0e, 0x7c, 0xd8, 0x05, 0x23, 0x00, 0x00, 0x80, 0x12, 0x7c, 0xd8, 0x05, 0x2b, 0x00, 0x00,
  0x80, 0x16, 0x7c, 0xd8, 0x05, 0x33, 0x00, 0x00, 0x80, 0x1a, 0x7c, 0xd8, 0x05, 0x3b, 0x00, 0x00,
  0x80, 0x1e, 0x7c, 0xd8, 0x05, 0x44, 0x00, 0x00, 0x05, 0x00, 0x45, 0xd6, 0xff, 0x2a, 0x02, 0x02,
  0x70, 0x00, 0x00, 0x00, 0x00, 0x03, 0x7c, 0xd8, 0x04, 0x09, 0x00, 0x00, 0x00, 0x07, 0x7c, 0xd8,
  0x04, 0x11, 0x00, 0x00, 0x00, 0x0b, 0x7c, 0xd8, 0x04, 0x1b, 0x00, 0x00, 0x00, 0x0f, 0x7c, 0xd8,
  0x04, 0x22, 0x00, 0x00, 0x00, 0x13, 0x7c, 0xd8, 0x04, 0x2a, 0x00, 0x00, 0x00, 0x17, 0x7c, 0xd8,
  0x04, 0x32, 0x00, 0x00, 0x00, 0x1b, 0x7c, 0xd8, 0x04, 0x3a, 0x00, 0x00, 0x00, 0x1f, 0x7c, 0xd8,
  0x04, 0x43, 0x00, 0x00, 0x80, 0x03, 0x7c, 0xd8, 0x05, 0x0b, 0x00, 0x00, 0x80, 0x07, 0x7c, 0xd8,
  0x05, 0x13, 0x00, 0x00, 0x80, 0x0b, 0x7c, 0xd8, 0x05, 0x1d, 0x00, 0x00, 0x80, 0x0f, 0x7c, 0xd8,
  0x05, 0x24, 0x00, 0x00, 0x80, 0x13, 0x7c, 0xd8, 0x05, 0x2c, 0x00, 0x00, 0x80, 0x17, 0x7c, 0xd8,
  0x05, 0x34, 0x00, 0x00, 0x80, 0x1b, 0x7c, 0xd8, 0x05, 0x3c, 0x00, 0x00, 0x80, 0x1f, 0x7c, 0xd8,
  0x05, 0x45, 0x00, 0x00, 0x04, 0x00, 0x57, 0xd6, 0xff, 0x0e, 0x1a, 0x04, 0x70, 0x00, 0x00, 0x00,
  0x07, 0xfc, 0x89, 0xbf, 0x00, 0x00, 0x7c, 0xbc, 0x00, 0x00, 0xbd, 0xbf, 0x00, 0x00, 0xac, 0xe0,
  0x00, 0x00, 0x00, 0x00, 0x80, 0x08, 0x0a, 0x4a, 0x06, 0x00, 0x45, 0xd6, 0x04, 0x21, 0x01, 0x02,
  0x00, 0x00, 0xfc, 0xdb, 0x05, 0x00, 0x00, 0x1e, 0x00, 0x08, 0xfc, 0xdb, 0x05, 0x00, 0x00, 0x1a,
  0x00, 0x10, 0xfc, 0xdb, 0x05, 0x00, 0x00, 0x16, 0x00, 0x18, 0xfc, 0xdb, 0x05, 0x00, 0x00, 0x0d,
  0x00, 0x00, 0xfc, 0xdb, 0x06, 0x00, 0x00, 0x22, 0x05, 0x00, 0x45, 0xd6, 0x04, 0x41, 0x01, 0x02,
  0x07, 0x00, 0x45, 0xd6, 0x04, 0x61, 0x01, 0x02, 0x47, 0xfc, 0x89, 0xbf, 0x50, 0x02, 0x75, 0xdc,
  0x00, 0x1e, 0x7c, 0x00, 0x07, 0xfc, 0x89, 0xbf, 0x60, 0x02, 0x75, 0xdc, 0x00, 0x22, 0x7c, 0x00,
  0x00, 0x08, 0xfc, 0xdb, 0x06, 0x00, 0x00, 0x1e, 0xd0, 0x01, 0x75, 0xdc, 0x00, 0x1a, 0x7c, 0x00,
  0x07, 0xfc, 0x89, 0xbf, 0xe0, 0x01, 0x75, 0xdc, 0x00, 0x1e, 0x7c, 0x00, 0x00, 0x10, 0xfc, 0xdb,
  0x06, 0x00, 0x00, 0x1a, 0x50, 0x01, 0x75, 0xdc, 0x00, 0x16, 0x7c, 0x00, 0x07, 0xfc, 0x89, 0xbf,
  0x60, 0x01, 0x75, 0xdc, 0x00, 0x1a, 0x7c, 0x00, 0x00, 0x18, 0xfc, 0xdb, 0x06, 0x00, 0x00, 0x11,
  0x00, 0x00, 0xfc, 0xdb, 0x05, 0x00, 0x00, 0x1a, 0x00, 0x08, 0xfc, 0xdb, 0x05, 0x00, 0x00, 0x16,
  0x00, 0x00, 0xfc, 0xdb, 0x07, 0x00, 0x00, 0x1e, 0x06, 0x00, 0x45, 0xd6, 0x04, 0x81, 0x01, 0x02,
  0x27, 0xfc, 0x89, 0xbf, 0x70, 0x02, 0x75, 0xdc, 0x00, 0x1a, 0x7c, 0x00, 0x07, 0xfc, 0x89, 0xbf,
  0x80, 0x02, 0x75, 0xdc, 0x00, 0x1e, 0x7c, 0x00, 0x00, 0x08, 0xfc, 0xdb, 0x07, 0x00, 0x00, 0x1a,
  0xf0, 0x01, 0x75, 0xdc, 0x00, 0x16, 0x7c, 0x00, 0x07, 0xfc, 0x89, 0xbf, 0x00, 0x02, 0x75, 0xdc,
  0x00, 0x1a, 0x7c, 0x00, 0x00, 0x10, 0xfc, 0xdb, 0x05, 0x00, 0x00, 0x16, 0x00, 0x18, 0xfc, 0xdb,
  0x05, 0x00, 0x00, 0xc4, 0x00, 0x10, 0xfc, 0xdb, 0x07, 0x00, 0x00, 0x1a, 0x05, 0x00, 0x45, 0xd6,
  0xff, 0x08, 0x02, 0x02, 0x50, 0x00, 0x00, 0x00, 0x27, 0xfc, 0x89, 0xbf, 0x70, 0x01, 0x75, 0xdc,
  0x00, 0x16, 0x7c, 0x00, 0x07, 0xfc, 0x89, 0xbf, 0x80, 0x01, 0x75, 0xdc, 0x00, 0x1a, 0x7c, 0x00,
  0x00, 0x18, 0xfc, 0xdb, 0x07, 0x00, 0x00, 0xc8, 0x00, 0x00, 0xfc, 0xdb, 0x06, 0x00, 0x00, 0x1a,
  0x00, 0x08, 0xfc, 0xdb, 0x06, 0x00, 0x00, 0x16, 0x00, 0x00, 0xfc, 0xdb, 0x05, 0x00, 0x00, 0x1e,
  0x07, 0x00, 0x45, 0xd6, 0xff, 0x08, 0x02, 0x02, 0x60, 0x00, 0x00, 0x00, 0x04, 0x00, 0x45, 0xd6,
  0xff, 0x08, 0x02, 0x02, 0x70, 0x00, 0x00, 0x00, 0x27, 0xfc, 0x89, 0xbf, 0x90, 0x02, 0x75, 0xdc,
  0x00, 0x1a, 0x7c, 0x00, 0x07, 0xfc, 0x89, 0xbf, 0xa0, 0x02, 0x75, 0xdc, 0x00, 0x1e, 0x7c, 0x00,
  0x00, 0x08, 0xfc, 0xdb, 0x05, 0x00, 0x00, 0x1a, 0x10, 0x02, 0x75, 0xdc, 0x00, 0x16, 0x7c, 0x00,
  0x07, 0xfc, 0x89, 0xbf, 0x20, 0x02, 0x75, 0xdc, 0x00, 0x1a, 0x7c, 0x00, 0x00, 0x10, 0xfc, 0xdb,
  0x06, 0x00, 0x00, 0x16, 0x00, 0x18, 0xfc, 0xdb, 0x06, 0x00, 0x00, 0x79, 0x00, 0x10, 0xfc, 0xdb,
  0x05, 0x00, 0x00, 0x1a, 0x27, 0xfc, 0x89, 0xbf, 0x90, 0x01, 0x75, 0xdc, 0x00, 0x16, 0x7c, 0x00,
  0x07, 0xfc, 0x89, 0xbf, 0xa0, 0x01, 0x75, 0xdc, 0x00, 0x1a, 0x7c, 0x00, 0x00, 0x18, 0xfc, 0xdb,
  0x05, 0x00, 0x00, 0x7d, 0x00, 0x00, 0xfc, 0xdb, 0x04, 0x00, 0x00, 0x1a, 0x00, 0x00, 0xfc, 0xdb,
  0x07, 0x00, 0x00, 0x16, 0x07, 0xfc, 0x89, 0xbf, 0x01, 0x00, 0x85, 0xbf, 0xb0, 0x02, 0x75, 0xdc,
  0x00, 0x16, 0x7c, 0x00, 0xc0, 0x02, 0x75, 0xdc, 0x00, 0x1a, 0x7c, 0x00, 0x00, 0x08, 0xfc, 0xdb,
  0x07, 0x00, 0x00, 0x16, 0x00, 0x08, 0xfc, 0xdb, 0x04, 0x00, 0x00, 0x1a, 0x17, 0xfc, 0x89, 0xbf,
  0x30, 0x02, 0x75, 0xdc, 0x00, 0x16, 0x7c, 0x00, 0x07, 0xfc, 0x89, 0xbf, 0x40, 0x02, 0x75, 0xdc,
  0x00, 0x1a, 0x7c, 0x00, 0x00, 0x10, 0xfc, 0xdb, 0x04, 0x00, 0x00, 0x1a, 0x00, 0x10, 0xfc, 0xdb,
  0x07, 0x00, 0x00, 0x16, 0x07, 0xfc, 0x89, 0xbf, 0x01, 0x00, 0x85, 0xbf, 0xb0, 0x01, 0x75, 0xdc,
  0x00, 0x16, 0x7c, 0x00, 0xc0, 0x01, 0x75, 0xdc, 0x00, 0x1a, 0x7c, 0x00, 0x00, 0x18, 0xfc, 0xdb,
  0x07, 0x00, 0x00, 0x05, 0x00, 0x18, 0xfc, 0xdb, 0x04, 0x00, 0x00, 0x09, 0x17, 0xfc, 0x89, 0xbf,
  0x30, 0x01, 0x75, 0xdc, 0x00, 0x05, 0x7c, 0x00, 0x07, 0xfc, 0x89, 0xbf, 0x40, 0x01, 0x75, 0xdc,
  0x00, 0x09, 0x7c, 0x00, 0x0d, 0x20, 0xa1, 0xbe, 0x13, 0x00, 0xa5, 0xbf, 0x06, 0x00, 0x60, 0xd7,
  0xfb, 0x33, 0x01, 0x00, 0x07, 0x00, 0x60, 0xd7, 0xfb, 0x35, 0x01, 0x00, 0x0c, 0x9f, 0x0d, 0x86,
  0x09, 0x00, 0x87, 0xbf, 0x0c, 0x82, 0xbc, 0x84, 0x83, 0x1a, 0x04, 0xf4, 0x30, 0x00, 0x00, 0xf8,
  0x07, 0xfc, 0x89, 0xbf, 0x6a, 0x3c, 0x3c, 0x80, 0x6b, 0x3d, 0x3d, 0x82, 0x01, 0x6a, 0x00, 0xd7,
  0x3c, 0x02, 0x02, 0x00, 0x01, 0x00, 0x87, 0xbf, 0x02, 0x7c, 0x20, 0xd5, 0x3d, 0x04, 0xaa, 0x01,
  0x00, 0x00, 0x52, 0xdc, 0x01, 0x00, 0x7c, 0x3f, 0x7e, 0x21, 0x7e, 0x8c, 0x01, 0x00, 0x46, 0xd6,
  0x00, 0x05, 0x01, 0x02, 0x80, 0x02, 0x2c, 0x7e, 0xf7, 0x03, 0x89, 0xbf, 0x00, 0x00, 0x7c, 0xbc,
  0x00, 0x00, 0xbd, 0xbf, 0x00, 0x00, 0xac, 0xe0, 0x00, 0x00, 0x00, 0x00, 0x00, 0x00, 0x34, 0xd8,
  0x01, 0x3f, 0x00, 0x00, 0x07, 0xfc, 0x89, 0xbf, 0x00, 0x00, 0xbd, 0xbf, 0x00, 0x00, 0xac, 0xe0,
  0x00, 0x00, 0x00, 0x00, 0x00, 0x00, 0xfc, 0xdb, 0x16, 0x00, 0x00, 0x4f, 0x10, 0x00, 0xfc, 0xdb,
  0x16, 0x00, 0x00, 0x4b, 0x20, 0x00, 0xfc, 0xdb, 0x16, 0x00, 0x00, 0x47, 0x30, 0x00, 0xfc, 0xdb,
  0x16, 0x00, 0x00, 0x43, 0x40, 0x00, 0xfc, 0xdb, 0x16, 0x00, 0x00, 0x3f, 0x50, 0x00, 0xfc, 0xdb,
  0x16, 0x00, 0x00, 0x3b, 0x60, 0x00, 0xfc, 0xdb, 0x16, 0x00, 0x00, 0x37, 0x70, 0x00, 0xfc, 0xdb,
  0x16, 0x00, 0x00, 0x33, 0x80, 0x00, 0xfc, 0xdb, 0x16, 0x00, 0x00, 0x2f, 0x90, 0x00, 0xfc, 0xdb,
  0x16, 0x00, 0x00, 0x2b, 0xa0, 0x00, 0xfc, 0xdb, 0x16, 0x00, 0x00, 0x27, 0xb0, 0x00, 0xfc, 0xdb,
  0x16, 0x00, 0x00, 0x23, 0xc0, 0x00, 0xfc, 0xdb, 0x16, 0x00, 0x00, 0x1f, 0xd0, 0x00, 0xfc, 0xdb,
  0x16, 0x00, 0x00, 0x17, 0xe0, 0x00, 0xfc, 0xdb, 0x16, 0x00, 0x00, 0x1b, 0xf0, 0x00, 0xfc, 0xdb,
  0x16, 0x00, 0x00, 0x07, 0x07, 0xfc, 0x89, 0xbf, 0x00, 0x00, 0xbd, 0xbf, 0x00, 0x00, 0xac, 0xe0,
  0x00, 0x00, 0x00, 0x00, 0x00, 0x00, 0x34, 0xd8, 0x01, 0x03, 0x00, 0x00, 0xff, 0x9e, 0xc6, 0xc8,
  0xff, 0x9a, 0x02, 0x02, 0x3b, 0xaa, 0xb8, 0x3f, 0xff, 0xa0, 0xc6, 0xc8, 0xff, 0x96, 0x00, 0x04,
  0x3b, 0xaa, 0xb8, 0x3f, 0xff, 0xa2, 0x0a, 0x10, 0x3b, 0xaa, 0xb8, 0x3f, 0x03, 0x00, 0x87, 0xbf,
  0x06, 0x00, 0x14, 0xd4, 0xff, 0x04, 0x02, 0x00, 0x00, 0x00, 0xfc, 0xc2, 0xff, 0xa4, 0x0c, 0x10,
  0x3b, 0xaa, 0xb8, 0x3f, 0xff, 0x98, 0x04, 0x10, 0x3b, 0xaa, 0xb8, 0x3f, 0x0c, 0x00, 0xbc, 0xbe,
  0x01, 0x00, 0x85, 0xbf, 0x80, 0x04, 0x75, 0xdc, 0x00, 0x4f, 0x7c, 0x00, 0x70, 0x04, 0x75, 0xdc,
  0x00, 0x4b, 0x7c, 0x00, 0xfb, 0x00, 0x61, 0xd7, 0x06, 0x3a, 0x01, 0x00, 0x06, 0x00, 0x14, 0xd4,
  0xff, 0x08, 0x02, 0x00, 0x00, 0x00, 0xfc, 0xc2, 0xff, 0x9c, 0x08, 0x10, 0x3b, 0xaa, 0xb8, 0x3f,
  0x03, 0x00, 0x85, 0xbf, 0xa0, 0x03, 0x75, 0xdc, 0x00, 0x17, 0x7c, 0x00, 0x90, 0x03, 0x75, 0xdc,
  0x00, 0x07, 0x7c, 0x00, 0x60, 0x04, 0x75, 0xdc, 0x00, 0x47, 0x7c, 0x00, 0x50, 0x04, 0x75, 0xdc,
  0x00, 0x43, 0x7c, 0x00, 0xfb, 0x00, 0x61, 0xd7, 0x06, 0x3c, 0x01, 0x00, 0x06, 0x00, 0x14, 0xd4,
  0xff, 0x0a, 0x02, 0x00, 0x00, 0x00, 0xfc, 0xc2, 0xff, 0x8e, 0x0a, 0x10, 0x3b, 0xaa, 0xb8, 0x3f,
  0x03, 0x00, 0x85, 0xbf, 0x40, 0x04, 0x75, 0xdc, 0x00, 0x3f, 0x7c, 0x00, 0x30, 0x04, 0x75, 0xdc,
  0x00, 0x3b, 0x7c, 0x00, 0x20, 0x04, 0x75, 0xdc, 0x00, 0x37, 0x7c, 0x00, 0x10, 0x04, 0x75, 0xdc,
  0x00, 0x33, 0x7c, 0x00, 0xfb, 0x00, 0x61, 0xd7, 0x06, 0x3e, 0x01, 0x00, 0x06, 0x00, 0x14, 0xd4,
  0xff, 0x0c, 0x02, 0x00, 0x00, 0x00, 0xfc, 0xc2, 0x03, 0x00, 0x85, 0xbf, 0x00, 0x04, 0x75, 0xdc,
  0x00, 0x2f, 0x7c, 0x00, 0xf0, 0x03, 0x75, 0xdc, 0x00, 0x2b, 0x7c, 0x00, 0xe0, 0x03, 0x75, 0xdc,
  0x00, 0x27, 0x7c, 0x00, 0xd0, 0x03, 0x75, 0xdc, 0x00, 0x23, 0x7c, 0x00, 0xfe, 0x00, 0x61, 0xd7,
  0x06, 0x00, 0x01, 0x00, 0x06, 0x00, 0x14, 0xd4, 0xff, 0x02, 0x02, 0x00, 0x00, 0x00, 0xfc, 0xc2,
  0xff, 0x90, 0x02, 0x10, 0x3b, 0xaa, 0xb8, 0x3f, 0x01, 0x00, 0x85, 0xbf, 0xc0, 0x03, 0x75, 0xdc,
  0x00, 0x1f, 0x7c, 0x00, 0xb0, 0x03, 0x75, 0xdc, 0x00, 0x1b, 0x7c, 0x00, 0x07, 0xfc, 0x89, 0xbf,
  0x00, 0x00, 0x7c, 0xbc, 0xfe, 0x00, 0x61, 0xd7, 0x06, 0x02, 0x01, 0x00, 0x06, 0x00, 0x14, 0xd4,
  0xff, 0x04, 0x02, 0x00, 0x00, 0x00, 0xfc, 0xc2, 0xff, 0x92, 0x04, 0x10, 0x3b, 0xaa, 0xb8, 0x3f,
  0x00, 0x00, 0xbd, 0xbf, 0x00, 0x00, 0xac, 0xe0, 0x00, 0x00, 0x00, 0x00, 0x3c, 0x87, 0x3c, 0x84,
  0xfe, 0x00, 0x61, 0xd7, 0x06, 0x04, 0x01, 0x00, 0x06, 0x00, 0x14, 0xd4, 0xff, 0x06, 0x02, 0x00,
  0x00, 0x00, 0xfc, 0xc2, 0xff, 0x94, 0x06, 0x10, 0x3b, 0xaa, 0xb8, 0x3f, 0x3c, 0x9f, 0x3d, 0x86,
  0x81, 0xf0, 0x9a, 0x7c, 0x3c, 0x81, 0xbc, 0x84, 0xfe, 0x00, 0x61, 0xd7, 0x06, 0x06, 0x01, 0x00,
  0x06, 0x00, 0x14, 0xd4, 0xff, 0x08, 0x02, 0x00, 0x00, 0x00, 0xfc, 0xc2, 0xff, 0x86, 0x08, 0x10,
  0x3b, 0xaa, 0xb8, 0x3f, 0x02, 0x3c, 0x21, 0x80, 0x03, 0x3d, 0x6b, 0x82, 0x7e, 0x6a, 0x6a, 0x8b,
  0xfe, 0x00, 0x61, 0xd7, 0x06, 0x08, 0x01, 0x00, 0x06, 0x00, 0x14, 0xd4, 0xff, 0x0a, 0x02, 0x00,
  0x00, 0x00, 0xfc, 0xc2, 0xff, 0x88, 0x0a, 0x10, 0x3b, 0xaa, 0xb8, 0x3f, 0x32, 0x01, 0x87, 0xbf,
  0xfe, 0x00, 0x61, 0xd7, 0x06, 0x0a, 0x01, 0x00, 0x06, 0x00, 0x14, 0xd4, 0xff, 0x02, 0x02, 0x00,
  0x00, 0x00, 0xfc, 0xc2, 0xff, 0x8a, 0x02, 0x10, 0x3b, 0xaa, 0xb8, 0x3f, 0xfe, 0x00, 0x61, 0xd7,
  0x06, 0x0c, 0x01, 0x00, 0x06, 0x00, 0x14, 0xd4, 0xff, 0x04, 0x02, 0x00, 0x00, 0x00, 0xfc, 0xc2,
  0xff, 0x8c, 0x04, 0x10, 0x3b, 0xaa, 0xb8, 0x3f, 0x32, 0x01, 0x87, 0xbf, 0xfe, 0x00, 0x61, 0xd7,
  0x06, 0x0e, 0x01, 0x00, 0x06, 0x00, 0x14, 0xd4, 0xff, 0x06, 0x02, 0x00, 0x00, 0x00, 0xfc, 0xc2,
  0xff, 0x7e, 0x06, 0x10, 0x3b, 0xaa, 0xb8, 0x3f, 0xfe, 0x00, 0x61, 0xd7, 0x06, 0x10, 0x01, 0x00,
  0x06, 0x00, 0x14, 0xd4, 0xff, 0x08, 0x02, 0x00, 0x00, 0x00, 0xfc, 0xc2, 0xff, 0x80, 0x08, 0x10,
  0x3b, 0xaa, 0xb8, 0x3f, 0x32, 0x01, 0x87, 0xbf, 0xfe, 0x00, 0x61, 0xd7, 0x06, 0x12, 0x01, 0x00,
  0x06, 0x00, 0x14, 0xd4, 0xff, 0x0a, 0x02, 0x00, 0x00, 0x00, 0xfc, 0xc2, 0xff, 0x82, 0x0a, 0x10,
  0x3b, 0xaa, 0xb8, 0x3f, 0xfe, 0x00, 0x61, 0xd7, 0x06, 0x14, 0x01, 0x00, 0x06, 0x00, 0x14, 0xd4,
  0xff, 0x02, 0x02, 0x00, 0x00, 0x00, 0xfc, 0xc2, 0xff, 0x84, 0x02, 0x10, 0x3b, 0xaa, 0xb8, 0x3f,
  0x32, 0x01, 0x87, 0xbf, 0xfe, 0x00, 0x61, 0xd7, 0x06, 0x16, 0x01, 0x00, 0x06, 0x00, 0x14, 0xd4,
  0xff, 0x04, 0x02, 0x00, 0x00, 0x00, 0xfc, 0xc2, 0xff, 0x76, 0x04, 0x10, 0x3b, 0xaa, 0xb8, 0x3f,
  0xfe, 0x00, 0x61, 0xd7, 0x06, 0x18, 0x01, 0x00, 0x06, 0x00, 0x14, 0xd4, 0xff, 0x06, 0x02, 0x00,
  0x00, 0x00, 0xfc, 0xc2, 0xff, 0x78, 0x06, 0x10, 0x3b, 0xaa, 0xb8, 0x3f, 0x32, 0x01, 0x87, 0xbf,
  0xfe, 0x00, 0x61, 0xd7, 0x06, 0x1a, 0x01, 0x00, 0x06, 0x00, 0x14, 0xd4, 0xff, 0x08, 0x02, 0x00,
  0x00, 0x00, 0xfc, 0xc2, 0xff, 0x7a, 0x08, 0x10, 0x3b, 0xaa, 0xb8, 0x3f, 0xfe, 0x00, 0x61, 0xd7,
  0x06, 0x1c, 0x01, 0x00, 0x06, 0x00, 0x14, 0xd4, 0xff, 0x0a, 0x02, 0x00, 0x00, 0x00, 0xfc, 0xc2,
  0xff, 0x7c, 0x0a, 0x10, 0x3b, 0xaa, 0xb8, 0x3f, 0x32, 0x01, 0x87, 0xbf, 0xfe, 0x00, 0x61, 0xd7,
  0x06, 0x1e, 0x01, 0x00, 0x06, 0x00, 0x14, 0xd4, 0xff, 0x02, 0x02, 0x00, 0x00, 0x00, 0xfc, 0xc2,
  0xff, 0x6e, 0x02, 0x10, 0x3b, 0xaa, 0xb8, 0x3f, 0xfe, 0x00, 0x61, 0xd7, 0x06, 0x20, 0x01, 0x00,
  0x06, 0x00, 0x14, 0xd4, 0xff, 0x04, 0x02, 0x00, 0x00, 0x00, 0xfc, 0xc2, 0xff, 0x70, 0x04, 0x10,
  0x3b, 0xaa, 0xb8, 0x3f, 0x32, 0x02, 0x87, 0xbf, 0xfe, 0x00, 0x61, 0xd7, 0x06, 0x22, 0x01, 0x00,
  0x06, 0x00, 0x14, 0xd4, 0xff, 0x06, 0x02, 0x00, 0x00, 0x00, 0xfc, 0xc2, 0xff, 0x72, 0x06, 0x10,
  0x3b, 0xaa, 0xb8, 0x3f, 0x41, 0x00, 0x14, 0xd4, 0xff, 0x04, 0x02, 0x00, 0x00, 0x00, 0xfc, 0xc2,
  0xff, 0x6a, 0x04, 0x10, 0x3b, 0xaa, 0xb8, 0x3f, 0x34, 0x01, 0x87, 0xbf, 0xfe, 0x00, 0x61, 0xd7,
  0x06, 0x24, 0x01, 0x00, 0x06, 0x00, 0x14, 0xd4, 0xff, 0x08, 0x02, 0x00, 0x00, 0x00, 0xfc, 0xc2,
  0xff, 0x74, 0x08, 0x10, 0x3b, 0xaa, 0xb8, 0x3f, 0xfe, 0x00, 0x61, 0xd7, 0x06, 0x26, 0x01, 0x00,
  0x06, 0x00, 0x14, 0xd4, 0xff, 0x0a, 0x02, 0x00, 0x00, 0x00, 0xfc, 0xc2, 0xff, 0x66, 0x0a, 0x10,
  0x3b, 0xaa, 0xb8, 0x3f, 0x32, 0x01, 0x87, 0xbf, 0xfe, 0x00, 0x61, 0xd7, 0x06, 0x28, 0x01, 0x00,
  0x06, 0x00, 0x14, 0xd4, 0xff, 0x02, 0x02, 0x00, 0x00, 0x00, 0xfc, 0xc2, 0xff, 0x68, 0x02, 0x10,
  0x3b, 0xaa, 0xb8, 0x3f, 0xfe, 0x00, 0x61, 0xd7, 0x06, 0x2a, 0x01, 0x00, 0x06, 0x00, 0x14, 0xd4,
  0xff, 0x06, 0x02, 0x00, 0x00, 0x00, 0xfc, 0xc2, 0xff, 0x6c, 0x06, 0x10, 0x3b, 0xaa, 0xb8, 0x3f,
  0x32, 0x01, 0x87, 0xbf, 0xfe, 0x00, 0x61, 0xd7, 0x06, 0x2c, 0x01, 0x00, 0x06, 0x00, 0x14, 0xd4,
  0xff, 0x08, 0x02, 0x00, 0x00, 0x00, 0xfc, 0xc2, 0xff, 0x5e, 0x08, 0x10, 0x3b, 0xaa, 0xb8, 0x3f,
  0xfe, 0x00, 0x61, 0xd7, 0x06, 0x2e, 0x01, 0x00, 0x06, 0x00, 0x14, 0xd4, 0xff, 0x0a, 0x02, 0x00,
  0x00, 0x00, 0xfc, 0xc2, 0xff, 0x60, 0x0a, 0x10, 0x3b, 0xaa, 0xb8, 0x3f, 0x32, 0x01, 0x87, 0xbf,
  0xfe, 0x00, 0x61, 0xd7, 0x06, 0x30, 0x01, 0x00, 0x06, 0x00, 0x14, 0xd4, 0xff, 0x02, 0x02, 0x00,
  0x00, 0x00, 0xfc, 0xc2, 0xff, 0x62, 0x02, 0x10, 0x3b, 0xaa, 0xb8, 0x3f, 0xfe, 0x00, 0x61, 0xd7,
  0x06, 0x32, 0x01, 0x00, 0x06, 0x00, 0x14, 0xd4, 0xff, 0x04, 0x02, 0x00, 0x00, 0x00, 0xfc, 0xc2,
  0xff, 0x64, 0x04, 0x10, 0x3b, 0xaa, 0xb8, 0x3f, 0x32, 0x01, 0x87, 0xbf, 0xfe, 0x00, 0x61, 0xd7,
  0x06, 0x34, 0x01, 0x00, 0x06, 0x00, 0x14, 0xd4, 0xff, 0x06, 0x02, 0x00, 0x00, 0x00, 0xfc, 0xc2,
  0xff, 0x56, 0x06, 0x10, 0x3b, 0xaa, 0xb8, 0x3f, 0xfe, 0x00, 0x61, 0xd7, 0x06, 0x36, 0x01, 0x00,
  0x06, 0x00, 0x14, 0xd4, 0xff, 0x08, 0x02, 0x00, 0x00, 0x00, 0xfc, 0xc2, 0xff, 0x58, 0x08, 0x10,
  0x3b, 0xaa, 0xb8, 0x3f, 0x52, 0x02, 0x87, 0xbf, 0xfe, 0x00, 0x61, 0xd7, 0x06, 0x38, 0x01, 0x00,
  0x06, 0x00, 0x14, 0xd4, 0xff, 0x04, 0x02, 0x00, 0x00, 0x00, 0xfc, 0xc2, 0xff, 0x4e, 0x04, 0x10,
  0x3b, 0xaa, 0xb8, 0x3f, 0x15, 0x00, 0x14, 0xd4, 0xff, 0x0a, 0x02, 0x00, 0x00, 0x00, 0xfc, 0xc2,
  0xff, 0x5a, 0x0a, 0x10, 0x3b, 0xaa, 0xb8, 0x3f, 0xfe, 0x00, 0x61, 0xd7, 0x06, 0x3a, 0x01, 0x00,
  0x06, 0x00, 0x14, 0xd4, 0xff, 0x06, 0x02, 0x00, 0x00, 0x00, 0xfc, 0xc2, 0x62, 0x00, 0x14, 0xd4,
  0xff, 0x04, 0x02, 0x00, 0x00, 0x00, 0xfc, 0xc2, 0xff, 0x48, 0x04, 0x10, 0x3b, 0xaa, 0xb8, 0x3f,
  0x5f, 0x00, 0x14, 0xd4, 0xff, 0x02, 0x02, 0x00, 0x00, 0x00, 0xfc, 0xc2, 0xff, 0x5c, 0x02, 0x10,
  0x3b, 0xaa, 0xb8, 0x3f, 0xfe, 0x00, 0x61, 0xd7, 0x06, 0x3c, 0x01, 0x00, 0x06, 0x00, 0x14, 0xd4,
  0xff, 0x08, 0x02, 0x00, 0x00, 0x00, 0xfc, 0xc2, 0xff, 0x52, 0xc6, 0xc8, 0xff, 0x50, 0x02, 0x04,
  0x3b, 0xaa, 0xb8, 0x3f, 0x0b, 0x00, 0x14, 0xd4, 0xff, 0x04, 0x02, 0x00, 0x00, 0x00, 0xfc, 0xc2,
  0xff, 0x42, 0x04, 0x10, 0x3b, 0xaa, 0xb8, 0x3f, 0x14, 0x02, 0x87, 0xbf, 0xfe, 0x00, 0x61, 0xd7,
  0x06, 0x3e, 0x01, 0x00, 0x60, 0x00, 0x14, 0xd4, 0xff, 0x08, 0x02, 0x00, 0x00, 0x00, 0xfc, 0xc2,
  0xff, 0x4c, 0x08, 0x10, 0x3b, 0xaa, 0xb8, 0x3f, 0x06, 0x00, 0x14, 0xd4, 0xff, 0x0a, 0x02, 0x00,
  0x00, 0x00, 0xfc, 0xc2, 0xff, 0x54, 0x0a, 0x10, 0x3b, 0xaa, 0xb8, 0x3f, 0x63, 0x00, 0x14, 0xd4,
  0xff, 0x02, 0x02, 0x00, 0x00, 0x00, 0xfc, 0xc2, 0xff, 0x46, 0x02, 0x10, 0x3b, 0xaa, 0xb8, 0x3f,
  0x0d, 0x00, 0x14, 0xd4, 0xff, 0x08, 0x02, 0x00, 0x00, 0x00, 0xfc, 0xc2, 0xff, 0x2e, 0x08, 0x10,
  0x3b, 0xaa, 0xb8, 0x3f, 0xff, 0x00, 0x61, 0xd7, 0x06, 0x00, 0x01, 0x00, 0x61, 0x00, 0x14, 0xd4,
  0xff, 0x06, 0x02, 0x00, 0x00, 0x00, 0xfc, 0xc2, 0xff, 0x4a, 0x06, 0x10, 0x3b, 0xaa, 0xb8, 0x3f,
  0x11, 0x00, 0x14, 0xd4, 0xff, 0x04, 0x02, 0x00, 0x00, 0x00, 0xfc, 0xc2, 0x0f, 0x00, 0x14, 0xd4,
  0xff, 0x08, 0x02, 0x00, 0x00, 0x00, 0xfc, 0xc2, 0xff, 0x34, 0x04, 0x10, 0x3b, 0xaa, 0xb8, 0x3f,
  0x06, 0x00, 0x14, 0xd4, 0xff, 0x02, 0x02, 0x00, 0x00, 0x00, 0xfc, 0xc2, 0xff, 0x38, 0x08, 0x10,
  0x3b, 0xaa, 0xb8, 0x3f, 0x5e, 0x00, 0x14, 0xd4, 0xff, 0x0a, 0x02, 0x00, 0x00, 0x00, 0xfc, 0xc2,
  0xff, 0x3e, 0x0a, 0x10, 0x3b, 0xaa, 0xb8, 0x3f, 0xff, 0x40, 0x02, 0x10, 0x3b, 0xaa, 0xb8, 0x3f,
  0xff, 0x00, 0x61, 0xd7, 0x06, 0x02, 0x01, 0x00, 0x06, 0x00, 0x14, 0xd4, 0xff, 0x04, 0x02, 0x00,
  0x00, 0x00, 0xfc, 0xc2, 0x13, 0x00, 0x14, 0xd4, 0xff, 0x08, 0x02, 0x00, 0x00, 0x00, 0xfc, 0xc2,
  0xff, 0x0e, 0x04, 0x10, 0x3b, 0xaa, 0xb8, 0x3f, 0x0a, 0x00, 0x14, 0xd4, 0xff, 0x06, 0x02, 0x00,
  0x00, 0x00, 0xfc, 0xc2, 0xff, 0x44, 0xc6, 0xc8, 0xff, 0x12, 0x04, 0x03, 0x3b, 0xaa, 0xb8, 0x3f,
  0x40, 0x00, 0x14, 0xd4, 0xff, 0x0a, 0x02, 0x00, 0x00, 0x00, 0xfc, 0xc2, 0xff, 0x30, 0x0a, 0x10,
  0x3b, 0xaa, 0xb8, 0x3f, 0xff, 0x00, 0x61, 0xd7, 0x06, 0x04, 0x01, 0x00, 0x24, 0x02, 0x87, 0xbf,
  0x0e, 0x00, 0x14, 0xd4, 0xff, 0x06, 0x02, 0x00, 0x00, 0x00, 0xfc, 0xc2, 0xff, 0x36, 0xd0, 0xc8,
  0x80, 0x00, 0x18, 0x03, 0x3b, 0xaa, 0xb8, 0x3f, 0x0c, 0x00, 0x14, 0xd4, 0xff, 0x0a, 0x02, 0x00,
  0x00, 0x00, 0xfc, 0xc2, 0xff, 0x3a, 0x0a, 0x10, 0x3b, 0xaa, 0xb8, 0x3f, 0x10, 0x00, 0x14, 0xd4,
  0xff, 0x02, 0x02, 0x00, 0x00, 0x00, 0xfc, 0xc2, 0x04, 0x00, 0x87, 0xbf, 0x12, 0x00, 0x14, 0xd4,
  0xff, 0x06, 0x02, 0x00, 0x00, 0x00, 0xfc, 0xc2, 0xff, 0x10, 0x06, 0x10, 0x3b, 0xaa, 0xb8, 0x3f,
  0xff, 0x32, 0x02, 0x10, 0x3b, 0xaa, 0xb8, 0x3f, 0x06, 0x00, 0x14, 0xd4, 0xff, 0x0a, 0x02, 0x00,
  0x00, 0x00, 0xfc, 0xc2, 0xff, 0x14, 0x0a, 0x10, 0x3b, 0xaa, 0xb8, 0x3f, 0x3e, 0x00, 0x14, 0xd4,
  0xff, 0x04, 0x02, 0x00, 0x00, 0x00, 0xfc, 0xc2, 0x14, 0x02, 0x87, 0xbf, 0x14, 0x00, 0x14, 0xd4,
  0xff, 0x02, 0x02, 0x00, 0x00, 0x00, 0xfc, 0xc2, 0xff, 0x00, 0x61, 0xd7, 0x06, 0x06, 0x01, 0x00,
  0x06, 0x00, 0x14, 0xd4, 0xff, 0x06, 0x02, 0x00, 0x00, 0x00, 0xfc, 0xc2, 0xff, 0x3c, 0x02, 0x10,
  0x3b, 0xaa, 0xb8, 0x3f, 0xa2, 0x01, 0x87, 0xbf, 0xff, 0x00, 0x61, 0xd7, 0x06, 0x08, 0x01, 0x00,
  0x06, 0x00, 0x14, 0xd4, 0xff, 0x08, 0x02, 0x00, 0x00, 0x00, 0xfc, 0xc2, 0x3f, 0x00, 0x14, 0xd4,
  0xff, 0x02, 0x02, 0x00, 0x00, 0x00, 0xfc, 0xc2, 0x02, 0x00, 0x87, 0xbf, 0xff, 0x00, 0x61, 0xd7,
  0x06, 0x0a, 0x01, 0x00, 0x06, 0x00, 0x14, 0xd4, 0xff, 0x0a, 0x02, 0x00, 0x00, 0x00, 0xfc, 0xc2,
  0x00, 0x00, 0xfc, 0xdb, 0x16, 0x00, 0x00, 0x09, 0x10, 0x00, 0xfc, 0xdb, 0x16, 0x00, 0x00, 0x05,
  0x20, 0x00, 0xfc, 0xdb, 0x16, 0x00, 0x00, 0x01, 0x30, 0x00, 0xfc, 0xdb, 0x16, 0x00, 0x00, 0xf1,
  0x40, 0x00, 0xfc, 0xdb, 0x16, 0x00, 0x00, 0xed, 0x50, 0x00, 0xfc, 0xdb, 0x16, 0x00, 0x00, 0xe9,
  0x60, 0x00, 0xfc, 0xdb, 0x16, 0x00, 0x00, 0xe5, 0x70, 0x00, 0xfc, 0xdb, 0x16, 0x00, 0x00, 0xe1,
  0x80, 0x00, 0xfc, 0xdb, 0x16, 0x00, 0x00, 0xd4, 0x90, 0x00, 0xfc, 0xdb, 0x16, 0x00, 0x00, 0x19,
  0xff, 0x00, 0x61, 0xd7, 0x06, 0x0c, 0x01, 0x00, 0x3c, 0x01, 0x86, 0xbe, 0x34, 0x8c, 0xbc, 0x84,
  0x09, 0x00, 0x87, 0xbf, 0xff, 0x00, 0x61, 0xd7, 0x3c, 0x0e, 0x01, 0x00, 0xff, 0x00, 0x61, 0xd7,
  0x3d, 0x10, 0x01, 0x00, 0x07, 0xfc, 0x89, 0xbf, 0x20, 0x00, 0x75, 0xdc, 0x00, 0x19, 0x7c, 0x00,
  0xa0, 0x00, 0xfc, 0xdb, 0x16, 0x00, 0x00, 0x19, 0x07, 0xfc, 0x89, 0xbf, 0x10, 0x00, 0x75, 0xdc,
  0x00, 0x19, 0x7c, 0x00, 0xb0, 0x00, 0xfc, 0xdb, 0x16, 0x00, 0x00, 0x19, 0x07, 0xfc, 0x89, 0xbf,
  0x00, 0x00, 0x75, 0xdc, 0x00, 0x19, 0x7c, 0x00, 0xc0, 0x00, 0xfc, 0xdb, 0x16, 0x00, 0x00, 0x19,
  0x07, 0xfc, 0x89, 0xbf, 0x30, 0x03, 0x75, 0xdc, 0x00, 0x19, 0x7c, 0x00, 0xd0, 0x00, 0xfc, 0xdb,
  0x16, 0x00, 0x00, 0x19, 0x07, 0xfc, 0x89, 0xbf, 0x20, 0x03, 0x75, 0xdc, 0x00, 0x19, 0x7c, 0x00,
  0xe0, 0x00, 0xfc, 0xdb, 0x16, 0x00, 0x00, 0xd0, 0xf0, 0x00, 0xfc, 0xdb, 0x16, 0x00, 0x00, 0xcc,
  0x0a, 0x00, 0xa4, 0xbf, 0x3c, 0x00, 0x60, 0xd7, 0xff, 0x0f, 0x01, 0x00, 0x3d, 0x00, 0x60, 0xd7,
  0xff, 0x11, 0x01, 0x00, 0x3c, 0x81, 0xbc, 0x84, 0x09, 0x00, 0x87, 0xbf, 0x21, 0x3c, 0x3c, 0x80,
  0x6b, 0x3d, 0x3d, 0x82, 0x00, 0x00, 0x4a, 0xdc, 0x15, 0x00, 0x3c, 0x18, 0x3c, 0x00, 0x60, 0xd7,
  0xf8, 0x07, 0x01, 0x00, 0x3d, 0x00, 0x60, 0xd7, 0xf8, 0x09, 0x01, 0x00, 0x81, 0xea, 0x9a, 0x7c,
  0x3c, 0x8d, 0xbc, 0x84, 0xb9, 0x00, 0x87, 0xbf, 0x21, 0x3c, 0x3c, 0x80, 0x6b, 0x3d, 0x3d, 0x82,
  0x4d, 0x3c, 0x00, 0xd7, 0x3c, 0x2a, 0x02, 0x00, 0x4e, 0x7c, 0x20, 0xd5, 0x3d, 0x00, 0xf1, 0x00,
  0x02, 0x00, 0xa4, 0xbf, 0x00, 0x00, 0x4a, 0xdc, 0x4d, 0x00, 0x7c, 0x16, 0x3c, 0x00, 0x60, 0xd7,
  0xf8, 0x0f, 0x01, 0x00, 0x3d, 0x00, 0x60, 0xd7, 0xf8, 0x11, 0x01, 0x00, 0x81, 0xba, 0x9b, 0x7c,
  0x80, 0x00, 0x10, 0xca, 0x80, 0x00, 0x1a, 0x19, 0x3c, 0x8d, 0xbc, 0x84, 0xb9, 0x00, 0x87, 0xbf,
  0x21, 0x3c, 0x3c, 0x80, 0x6b, 0x3d, 0x3d, 0x82, 0x4f, 0x3c, 0x00, 0xd7, 0x3c, 0x2a, 0x02, 0x00,
  0x50, 0x7c, 0x20, 0xd5, 0x3d, 0x00, 0xf1, 0x00, 0x02, 0x00, 0xa4, 0xbf, 0x00, 0x00, 0x4a, 0xdc,
  0x4f, 0x00, 0x7c, 0x1a, 0x3c, 0x00, 0x60, 0xd7, 0xf8, 0x17, 0x01, 0x00, 0x3d, 0x00, 0x60, 0xd7,
  0xf8, 0x19, 0x01, 0x00, 0x81, 0x86, 0x9b, 0x7c, 0x3c, 0x8d, 0xbc, 0x84, 0xb9, 0x00, 0x87, 0xbf,
  0x21, 0x3c, 0x3c, 0x80, 0x6b, 0x3d, 0x3d, 0x82, 0x51, 0x3c, 0x00, 0xd7, 0x3c, 0x2a, 0x02, 0x00,
  0x52, 0x7c, 0x20, 0xd5, 0x3d, 0x00, 0xf1, 0x00, 0x02, 0x00, 0xa4, 0xbf, 0x00, 0x00, 0x4a, 0xdc,
  0x51, 0x00, 0x7c, 0x19, 0x3c, 0x00, 0x60, 0xd7, 0xf8, 0x1f, 0x01, 0x00, 0x3d, 0x00, 0x60, 0xd7,
  0xf8, 0x21, 0x01, 0x00, 0x81, 0xb0, 0x9b, 0x7c, 0x80, 0x00, 0x10, 0xca, 0x80, 0x00, 0x1c, 0x1b,
  0x3c, 0x8d, 0xbc, 0x84, 0xb9, 0x00, 0x87, 0xbf, 0x21, 0x3c, 0x3c, 0x80, 0x6b, 0x3d, 0x3d, 0x82,
  0x53, 0x3c, 0x00, 0xd7, 0x3c, 0x2a, 0x02, 0x00, 0x54, 0x7c, 0x20, 0xd5, 0x3d, 0x00, 0xf1, 0x00,
  0x02, 0x00, 0xa4, 0xbf, 0x00, 0x00, 0x4a, 0xdc, 0x53, 0x00, 0x7c, 0x1c, 0x3c, 0x00, 0x60, 0xd7,
  0xf8, 0x27, 0x01, 0x00, 0x3d, 0x00, 0x60, 0xd7, 0xf8, 0x29, 0x01, 0x00, 0x81, 0xe8, 0x9a, 0x7c,
  0x3c, 0x8d, 0xbc, 0x84, 0xb9, 0x00, 0x87, 0xbf, 0x21, 0x3c, 0x3c, 0x80, 0x6b, 0x3d, 0x3d, 0x82,
  0x55, 0x3c, 0x00, 0xd7, 0x3c, 0x2a, 0x02, 0x00, 0x56, 0x7c, 0x20, 0xd5, 0x3d, 0x00, 0xf1, 0x00,
  0x02, 0x00, 0xa4, 0xbf, 0x00, 0x00, 0x4a, 0xdc, 0x55, 0x00, 0x7c, 0x1b, 0x0c, 0x01, 0x51, 0xdc,
  0x00, 0x00, 0x7c, 0x17, 0x3c, 0x00, 0x60, 0xd7, 0xf8, 0x2f, 0x01, 0x00, 0x3d, 0x00, 0x60, 0xd7,
  0xf8, 0x31, 0x01, 0x00, 0x80, 0x00, 0x10, 0xca, 0x80, 0x00, 0x1e, 0x1d, 0x3c, 0x8d, 0xbc, 0x84,
  0xb9, 0x00, 0x87, 0xbf, 0x21, 0x3c, 0x3c, 0x80, 0x6b, 0x3d, 0x3d, 0x82, 0x57, 0x3c, 0x00, 0xd7,
  0x3c, 0x2a, 0x02, 0x00, 0x58, 0x7c, 0x20, 0xd5, 0x3d, 0x00, 0xf1, 0x00, 0xf7, 0x03, 0x89, 0xbf,
  0x81, 0x2e, 0x9a, 0x7c, 0x02, 0x00, 0xa4, 0xbf, 0x00, 0x00, 0x4a, 0xdc, 0x57, 0x00, 0x7c, 0x1e,
  0x3c, 0x00, 0x60, 0xd7, 0xf8, 0x37, 0x01, 0x00, 0x3d, 0x00, 0x60, 0xd7, 0xf8, 0x39, 0x01, 0x00,
  0x81, 0x82, 0x9b, 0x7c, 0x3c, 0x8d, 0xbc, 0x84, 0xb9, 0x00, 0x87, 0xbf, 0x21, 0x3c, 0x3c, 0x80,
  0x6b, 0x3d, 0x3d, 0x82, 0x59, 0x3c, 0x00, 0xd7, 0x3c, 0x2a, 0x02, 0x00, 0x5a, 0x7c, 0x20, 0xd5,
  0x3d, 0x00, 0xf1, 0x00, 0x02, 0x00, 0xa4, 0xbf, 0x00, 0x00, 0x4a, 0xdc, 0x59, 0x00, 0x7c, 0x1d,
  0x3c, 0x00, 0x60, 0xd7, 0xf8, 0x3f, 0x01, 0x00, 0x3d, 0x00, 0x60, 0xd7, 0xf9, 0x01, 0x01, 0x00,
  0x81, 0xc0, 0x9b, 0x7c, 0x80, 0x00, 0x10, 0xca, 0x80, 0x00, 0x20, 0x1f, 0x3c, 0x8d, 0xbc, 0x84,
  0xb9, 0x00, 0x87, 0xbf, 0x21, 0x3c, 0x3c, 0x80, 0x6b, 0x3d, 0x3d, 0x82, 0x5b, 0x3c, 0x00, 0xd7,
  0x3c, 0x2a, 0x02, 0x00, 0x5c, 0x7c, 0x20, 0xd5, 0x3d, 0x00, 0xf1, 0x00, 0x02, 0x00, 0xa4, 0xbf,
  0x00, 0x00, 0x4a, 0xdc, 0x5b, 0x00, 0x7c, 0x20, 0x30, 0x00, 0x51, 0xdc, 0x00, 0x00, 0x7c, 0x17,
  0x3c, 0x00, 0x60, 0xd7, 0xf9, 0x07, 0x01, 0x00, 0x3d, 0x00, 0x60, 0xd7, 0xf9, 0x09, 0x01, 0x00,
  0x3c, 0x8d, 0xbc, 0x84, 0xb9, 0x00, 0x87, 0xbf, 0x21, 0x3c, 0x3c, 0x80, 0x6b, 0x3d, 0x3d, 0x82,
  0x5d, 0x3c, 0x00, 0xd7, 0x3c, 0x2a, 0x02, 0x00, 0x5e, 0x7c, 0x20, 0xd5, 0x3d, 0x00, 0xf1, 0x00,
  0xf7, 0x03, 0x89, 0xbf, 0x81, 0x2e, 0x9a, 0x7c, 0x02, 0x00, 0xa4, 0xbf, 0x00, 0x00, 0x4a, 0xdc,
  0x5d, 0x00, 0x7c, 0x1f, 0x34, 0x00, 0x51, 0xdc, 0x00, 0x00, 0x7c, 0x17, 0x3c, 0x00, 0x60, 0xd7,
  0xf9, 0x0f, 0x01, 0x00, 0x3d, 0x00, 0x60, 0xd7, 0xf9, 0x11, 0x01, 0x00, 0x80, 0x00, 0x10, 0xca,
  0x80, 0x00, 0x22, 0x21, 0x3c, 0x8d, 0xbc, 0x84, 0xb9, 0x00, 0x87, 0xbf, 0x21, 0x3c, 0x3c, 0x80,
  0x6b, 0x3d, 0x3d, 0x82, 0x5f, 0x3c, 0x00, 0xd7, 0x3c, 0x2a, 0x02, 0x00, 0x60, 0x7c, 0x20, 0xd5,
  0x3d, 0x00, 0xf1, 0x00, 0xf7, 0x03, 0x89, 0xbf, 0x81, 0x2e, 0x9a, 0x7c, 0x02, 0x00, 0xa4, 0xbf,
  0x00, 0x00, 0x4a, 0xdc, 0x5f, 0x00, 0x7c, 0x22, 0x38, 0x00, 0x51, 0xdc, 0x00, 0x00, 0x7c, 0x17,
  0x3c, 0x00, 0x60, 0xd7, 0xf9, 0x17, 0x01, 0x00, 0x3d, 0x00, 0x60, 0xd7, 0xf9, 0x19, 0x01, 0x00,
  0x3c, 0x8d, 0xbc, 0x84, 0xb9, 0x00, 0x87, 0xbf, 0x21, 0x3c, 0x3c, 0x80, 0x6b, 0x3d, 0x3d, 0x82,
  0x81, 0x3c, 0x00, 0xd7, 0x3c, 0x2a, 0x02, 0x00, 0x82, 0x7c, 0x20, 0xd5, 0x3d, 0x00, 0xf1, 0x00,
  0xf7, 0x03, 0x89, 0xbf, 0x81, 0x2e, 0x9a, 0x7c, 0x02, 0x00, 0xa4, 0xbf, 0x00, 0x00, 0x4a, 0xdc,
  0x81, 0x00, 0x7c, 0x21, 0x3c, 0x00, 0x51, 0xdc, 0x00, 0x00, 0x7c, 0x17, 0x3c, 0x00, 0x60, 0xd7,
  0xf9, 0x1f, 0x01, 0x00, 0x3d, 0x00, 0x60, 0xd7, 0xf9, 0x21, 0x01, 0x00, 0x80, 0x00, 0x10, 0xca,
  0x80, 0x00, 0x24, 0x73, 0x3c, 0x8d, 0xbc, 0x84, 0xb9, 0x00, 0x87, 0xbf, 0x21, 0x3c, 0x3c, 0x80,
  0x6b, 0x3d, 0x3d, 0x82, 0x83, 0x3c, 0x00, 0xd7, 0x3c, 0x2a, 0x02, 0x00, 0x84, 0x7c, 0x20, 0xd5,
  0x3d, 0x00, 0xf1, 0x00, 0xf7, 0x03, 0x89, 0xbf, 0x81, 0x2e, 0x9a, 0x7c, 0x02, 0x00, 0xa4, 0xbf,
  0x00, 0x00, 0x4a, 0xdc, 0x83, 0x00, 0x7c, 0x24, 0x40, 0x00, 0x51, 0xdc, 0x00, 0x00, 0x7c, 0x17,
  0x3c, 0x00, 0x60, 0xd7, 0xf9, 0x27, 0x01, 0x00, 0x3d, 0x00, 0x60, 0xd7, 0xf9, 0x29, 0x01, 0x00,
  0x3c, 0x8d, 0xbc, 0x84, 0xb9, 0x00, 0x87, 0xbf, 0x21, 0x3c, 0x3c, 0x80, 0x6b, 0x3d, 0x3d, 0x82,
  0x85, 0x3c, 0x00, 0xd7, 0x3c, 0x2a, 0x02, 0x00, 0x86, 0x7c, 0x20, 0xd5, 0x3d, 0x00, 0xf1, 0x00,
  0xf7, 0x03, 0x89, 0xbf, 0x81, 0x2e, 0x9a, 0x7c, 0x02, 0x00, 0xa4, 0xbf, 0x00, 0x00, 0x4a, 0xdc,
  0x85, 0x00, 0x7c, 0x73, 0x44, 0x00, 0x51, 0xdc, 0x00, 0x00, 0x7c, 0x17, 0x3c, 0x00, 0x60, 0xd7,
  0xf9, 0x2f, 0x01, 0x00, 0x3d, 0x00, 0x60, 0xd7, 0xf9, 0x31, 0x01, 0x00, 0x80, 0x00, 0x10, 0xca,
  0x80, 0x00, 0x26, 0x25, 0x3c, 0x8d, 0xbc, 0x84, 0xb9, 0x00, 0x87, 0xbf, 0x21, 0x3c, 0x3c, 0x80,
  0x6b, 0x3d, 0x3d, 0x82, 0x87, 0x3c, 0x00, 0xd7, 0x3c, 0x2a, 0x02, 0x00, 0x88, 0x7c, 0x20, 0xd5,
  0x3d, 0x00, 0xf1, 0x00, 0xf7, 0x03, 0x89, 0xbf, 0x81, 0x2e, 0x9a, 0x7c, 0x02, 0x00, 0xa4, 0xbf,
  0x00, 0x00, 0x4a, 0xdc, 0x87, 0x00, 0x7c, 0x26, 0x48, 0x00, 0x51, 0xdc, 0x00, 0x00, 0x7c, 0x17,
  0x3c, 0x00, 0x60, 0xd7, 0xf9, 0x37, 0x01, 0x00, 0x3d, 0x00, 0x60, 0xd7, 0xf9, 0x39, 0x01, 0x00,
  0x3c, 0x8d, 0xbc, 0x84, 0xb9, 0x00, 0x87, 0xbf, 0x21, 0x3c, 0x3c, 0x80, 0x6b, 0x3d, 0x3d, 0x82,
  0x89, 0x3c, 0x00, 0xd7, 0x3c, 0x2a, 0x02, 0x00, 0x8a, 0x7c, 0x20, 0xd5, 0x3d, 0x00, 0xf1, 0x00,
  0xf7, 0x03, 0x89, 0xbf, 0x81, 0x2e, 0x9a, 0x7c, 0x02, 0x00, 0xa4, 0xbf, 0x00, 0x00, 0x4a, 0xdc,
  0x89, 0x00, 0x7c, 0x25, 0x4c, 0x00, 0x51, 0xdc, 0x00, 0x00, 0x7c, 0x17, 0x3c, 0x00, 0x60, 0xd7,
  0xf9, 0x3f, 0x01, 0x00, 0x3d, 0x00, 0x60, 0xd7, 0xfa, 0x01, 0x01, 0x00, 0x80, 0x00, 0x10, 0xca,
  0x80, 0x00, 0x28, 0x27, 0x3c, 0x8d, 0xbc, 0x84, 0xb9, 0x00, 0x87, 0xbf, 0x21, 0x3c, 0x3c, 0x80,
  0x6b, 0x3d, 0x3d, 0x82, 0x8b, 0x3c, 0x00, 0xd7, 0x3c, 0x2a, 0x02, 0x00, 0x8c, 0x7c, 0x20, 0xd5,
  0x3d, 0x00, 0xf1, 0x00, 0xf7, 0x03, 0x89, 0xbf, 0x81, 0x2e, 0x9a, 0x7c, 0x02, 0x00, 0xa4, 0xbf,
  0x00, 0x00, 0x4a, 0xdc, 0x8b, 0x00, 0x7c, 0x28, 0x50, 0x00, 0x51, 0xdc, 0x00, 0x00, 0x7c, 0x17,
  0x3c, 0x00, 0x60, 0xd7, 0xfa, 0x07, 0x01, 0x00, 0x3d, 0x00, 0x60, 0xd7, 0xfa, 0x09, 0x01, 0x00,
  0x3c, 0x8d, 0xbc, 0x84, 0xb9, 0x00, 0x87, 0xbf, 0x21, 0x3c, 0x3c, 0x80, 0x6b, 0x3d, 0x3d, 0x82,
  0x8d, 0x3c, 0x00, 0xd7, 0x3c, 0x2a, 0x02, 0x00, 0x8e, 0x7c, 0x20, 0xd5, 0x3d, 0x00, 0xf1, 0x00,
  0xf7, 0x03, 0x89, 0xbf, 0x81, 0x2e, 0x9a, 0x7c, 0x02, 0x00, 0xa4, 0xbf, 0x00, 0x00, 0x4a, 0xdc,
  0x8d, 0x00, 0x7c, 0x27, 0x54, 0x00, 0x51, 0xdc, 0x00, 0x00, 0x7c, 0x17, 0x3c, 0x00, 0x60, 0xd7,
  0xfa, 0x0f, 0x01, 0x00, 0x3d, 0x00, 0x60, 0xd7, 0xfa, 0x11, 0x01, 0x00, 0x80, 0x00, 0x10, 0xca,
  0x80, 0x00, 0x2a, 0x29, 0x3c, 0x8d, 0xbc, 0x84, 0xb9, 0x00, 0x87, 0xbf, 0x21, 0x3c, 0x3c, 0x80,
  0x6b, 0x3d, 0x3d, 0x82, 0x8f, 0x3c, 0x00, 0xd7, 0x3c, 0x2a, 0x02, 0x00, 0x90, 0x7c, 0x20, 0xd5,
  0x3d, 0x00, 0xf1, 0x00, 0xf7, 0x03, 0x89, 0xbf, 0x81, 0x2e, 0x9a, 0x7c, 0x02, 0x00, 0xa4, 0xbf,
  0x00, 0x00, 0x4a, 0xdc, 0x8f, 0x00, 0x7c, 0x2a, 0x58, 0x00, 0x51, 0xdc, 0x00, 0x00, 0x7c, 0x17,
  0x3c, 0x00, 0x60, 0xd7, 0xfa, 0x17, 0x01, 0x00, 0x3d, 0x00, 0x60, 0xd7, 0xfa, 0x19, 0x01, 0x00,
  0x3c, 0x8d, 0xbc, 0x84, 0xb9, 0x00, 0x87, 0xbf, 0x21, 0x3c, 0x3c, 0x80, 0x6b, 0x3d, 0x3d, 0x82,
  0x91, 0x3c, 0x00, 0xd7, 0x3c, 0x2a, 0x02, 0x00, 0x92, 0x7c, 0x20, 0xd5, 0x3d, 0x00, 0xf1, 0x00,
  0xf7, 0x03, 0x89, 0xbf, 0x81, 0x2e, 0x9a, 0x7c, 0x02, 0x00, 0xa4, 0xbf, 0x00, 0x00, 0x4a, 0xdc,
  0x91, 0x00, 0x7c, 0x29, 0x5c, 0x00, 0x51, 0xdc, 0x00, 0x00, 0x7c, 0x17, 0x3c, 0x00, 0x60, 0xd7,
  0xfa, 0x1f, 0x01, 0x00, 0x3d, 0x00, 0x60, 0xd7, 0xfa, 0x21, 0x01, 0x00, 0x80, 0x00, 0x10, 0xca,
  0x80, 0x00, 0x2c, 0x2b, 0x3c, 0x8d, 0xbc, 0x84, 0xb9, 0x00, 0x87, 0xbf, 0x21, 0x3c, 0x3c, 0x80,
  0x6b, 0x3d, 0x3d, 0x82, 0x93, 0x3c, 0x00, 0xd7, 0x3c, 0x2a, 0x02, 0x00, 0x94, 0x7c, 0x20, 0xd5,
  0x3d, 0x00, 0xf1, 0x00, 0xf7, 0x03, 0x89, 0xbf, 0x81, 0x2e, 0x9a, 0x7c, 0x02, 0x00, 0xa4, 0xbf,
  0x00, 0x00, 0x4a, 0xdc, 0x93, 0x00, 0x7c, 0x2c, 0x60, 0x00, 0x51, 0xdc, 0x00, 0x00, 0x7c, 0x17,
  0x3c, 0x00, 0x60, 0xd7, 0xfa, 0x27, 0x01, 0x00, 0x3d, 0x00, 0x60, 0xd7, 0xfa, 0x29, 0x01, 0x00,
  0x3c, 0x8d, 0xbc, 0x84, 0xb9, 0x00, 0x87, 0xbf, 0x21, 0x3c, 0x3c, 0x80, 0x6b, 0x3d, 0x3d, 0x82,
  0x95, 0x3c, 0x00, 0xd7, 0x3c, 0x2a, 0x02, 0x00, 0x96, 0x7c, 0x20, 0xd5, 0x3d, 0x00, 0xf1, 0x00,
  0xf7, 0x03, 0x89, 0xbf, 0x81, 0x2e, 0x9a, 0x7c, 0x02, 0x00, 0xa4, 0xbf, 0x00, 0x00, 0x4a, 0xdc,
  0x95, 0x00, 0x7c, 0x2b, 0x64, 0x00, 0x51, 0xdc, 0x00, 0x00, 0x7c, 0x17, 0x3c, 0x00, 0x60, 0xd7,
  0xfa, 0x2f, 0x01, 0x00, 0x3d, 0x00, 0x60, 0xd7, 0xfa, 0x31, 0x01, 0x00, 0x80, 0x00, 0x10, 0xca,
  0x80, 0x00, 0x2e, 0x2d, 0x3c, 0x8d, 0xbc, 0x84, 0xb9, 0x00, 0x87, 0xbf, 0x21, 0x3c, 0x3c, 0x80,
  0x6b, 0x3d, 0x3d, 0x82, 0x97, 0x3c, 0x00, 0xd7, 0x3c, 0x2a, 0x02, 0x00, 0x98, 0x7c, 0x20, 0xd5,
  0x3d, 0x00, 0xf1, 0x00, 0xf7, 0x03, 0x89, 0xbf, 0x81, 0x2e, 0x9a, 0x7c, 0x02, 0x00, 0xa4, 0xbf,
  0x00, 0x00, 0x4a, 0xdc, 0x97, 0x00, 0x7c, 0x2e, 0x68, 0x00, 0x51, 0xdc, 0x00, 0x00, 0x7c, 0x17,
  0x02, 0x00, 0x60, 0xd7, 0xfa, 0x37, 0x01, 0x00, 0x03, 0x00, 0x60, 0xd7, 0xfa, 0x39, 0x01, 0x00,
  0x3c, 0x00, 0x60, 0xd7, 0xfb, 0x33, 0x01, 0x00, 0x3d, 0x00, 0x60, 0xd7, 0xfb, 0x35, 0x01, 0x00,
  0x02, 0x8d, 0x82, 0x84, 0xb9, 0x00, 0x87, 0xbf, 0x21, 0x02, 0x02, 0x80, 0x6b, 0x03, 0x03, 0x82,
  0x99, 0x02, 0x00, 0xd7, 0x02, 0x2a, 0x02, 0x00, 0x9a, 0x7c, 0x20, 0xd5, 0x03, 0x00, 0x09, 0x00,
  0xf7, 0x03, 0x89, 0xbf, 0x81, 0x2e, 0x9a, 0x7c, 0x02, 0x00, 0xa4, 0xbf, 0x00, 0x00, 0x4a, 0xdc,
  0x99, 0x00, 0x7c, 0x2d, 0x6c, 0x00, 0x51, 0xdc, 0x00, 0x00, 0x7c, 0x17, 0x02, 0x00, 0x60, 0xd7,
  0xfa, 0x3f, 0x01, 0x00, 0x03, 0x00, 0x60, 0xd7, 0xfc, 0x01, 0x01, 0x00, 0x80, 0x00, 0x10, 0xca,
  0x80, 0x00, 0x30, 0x2f, 0x02, 0x8d, 0x82, 0x84, 0xb9, 0x00, 0x87, 0xbf, 0x21, 0x02, 0x02, 0x80,
  0x6b, 0x03, 0x03, 0x82, 0x9b, 0x02, 0x00, 0xd7, 0x02, 0x2a, 0x02, 0x00, 0x9c, 0x7c, 0x20, 0xd5,
  0x03, 0x00, 0x09, 0x00, 0xf7, 0x03, 0x89, 0xbf, 0x81, 0x2e, 0x9a, 0x7c, 0x02, 0x00, 0xa4, 0xbf,
  0x00, 0x00, 0x4a, 0xdc, 0x9b, 0x00, 0x7c, 0x30, 0x70, 0x00, 0x51, 0xdc, 0x00, 0x00, 0x7c, 0x17,
  0x02, 0x00, 0x60, 0xd7, 0xfc, 0x07, 0x01, 0x00, 0x03, 0x00, 0x60, 0xd7, 0xfc, 0x09, 0x01, 0x00,
  0x02, 0x8d, 0x82, 0x84, 0xb9, 0x00, 0x87, 0xbf, 0x21, 0x02, 0x02, 0x80, 0x6b, 0x03, 0x03, 0x82,
  0x9d, 0x02, 0x00, 0xd7, 0x02, 0x2a, 0x02, 0x00, 0x9e, 0x7c, 0x20, 0xd5, 0x03, 0x00, 0x09, 0x00,
  0xf7, 0x03, 0x89, 0xbf, 0x81, 0x2e, 0x9a, 0x7c, 0x02, 0x00, 0xa4, 0xbf, 0x00, 0x00, 0x4a, 0xdc,
  0x9d, 0x00, 0x7c, 0x2f, 0x74, 0x00, 0x51, 0xdc, 0x00, 0x00, 0x7c, 0x17, 0x02, 0x00, 0x60, 0xd7,
  0xfc, 0x13, 0x01, 0x00, 0x03, 0x00, 0x60, 0xd7, 0xfc, 0x15, 0x01, 0x00, 0x80, 0x00, 0x10, 0xca,
  0x80, 0x00, 0x32, 0x31, 0x02, 0x8d, 0x82, 0x84, 0xb9, 0x00, 0x87, 0xbf, 0x21, 0x02, 0x02, 0x80,
  0x6b, 0x03, 0x03, 0x82, 0x9f, 0x02, 0x00, 0xd7, 0x02, 0x2a, 0x02, 0x00, 0xa0, 0x7c, 0x20, 0xd5,
  0x03, 0x00, 0x09, 0x00, 0xf7, 0x03, 0x89, 0xbf, 0x81, 0x2e, 0x9a, 0x7c, 0x02, 0x00, 0xa4, 0xbf,
  0x00, 0x00, 0x4a, 0xdc, 0x9f, 0x00, 0x7c, 0x32, 0x78, 0x00, 0x51, 0xdc, 0x00, 0x00, 0x7c, 0x17,
  0x02, 0x00, 0x60, 0xd7, 0xfc, 0x1b, 0x01, 0x00, 0x03, 0x00, 0x60, 0xd7, 0xfc, 0x1d, 0x01, 0x00,
  0x02, 0x8d, 0x82, 0x84, 0xb9, 0x00, 0x87, 0xbf, 0x21, 0x02, 0x02, 0x80, 0x6b, 0x03, 0x03, 0x82,
  0xa1, 0x02, 0x00, 0xd7, 0x02, 0x2a, 0x02, 0x00, 0xa2, 0x7c, 0x20, 0xd5, 0x03, 0x00, 0x09, 0x00,
  0xf7, 0x03, 0x89, 0xbf, 0x81, 0x2e, 0x9a, 0x7c, 0x02, 0x00, 0xa4, 0xbf, 0x00, 0x00, 0x4a, 0xdc,
  0xa1, 0x00, 0x7c, 0x31, 0x7c, 0x00, 0x51, 0xdc, 0x00, 0x00, 0x7c, 0x17, 0x08, 0x8d, 0x82, 0x84,
  0x80, 0x00, 0x10, 0xca, 0x80, 0x00, 0x34, 0x33, 0x21, 0x02, 0x02, 0x80, 0x6b, 0x03, 0x03, 0x82,
  0xa3, 0x02, 0x00, 0xd7, 0x02, 0x2a, 0x02, 0x00, 0x01, 0x00, 0x87, 0xbf, 0xa4, 0x7c, 0x20, 0xd5,
  0x03, 0x00, 0x09, 0x00, 0x08, 0x00, 0x60, 0xd7, 0xfc, 0x0f, 0x01, 0x00, 0x09, 0x00, 0x60, 0xd7,
  0xfc, 0x11, 0x01, 0x00, 0xf7, 0x03, 0x89, 0xbf, 0x81, 0x2e, 0x9a, 0x7c, 0x02, 0x00, 0xa4, 0xbf,
  0x00, 0x00, 0x4a, 0xdc, 0xa3, 0x00, 0x7c, 0x34, 0x80, 0x00, 0x51, 0xdc, 0x00, 0x00, 0x7c, 0x17,
  0x02, 0x00, 0x60, 0xd7, 0xfc, 0x27, 0x01, 0x00, 0x03, 0x00, 0x60, 0xd7, 0xfc, 0x29, 0x01, 0x00,
  0x40, 0x00, 0x89, 0xbe, 0x02, 0x8d, 0x82, 0x84, 0xb9, 0x00, 0x87, 0xbf, 0x21, 0x02, 0x02, 0x80,
  0x6b, 0x03, 0x03, 0x82, 0xa5, 0x02, 0x00, 0xd7, 0x02, 0x2a, 0x02, 0x00, 0xa6, 0x7c, 0x20, 0xd5,
  0x03, 0x00, 0x09, 0x00, 0xf7, 0x03, 0x89, 0xbf, 0x81, 0x2e, 0x9a, 0x7c, 0x02, 0x00, 0xa4, 0xbf,
  0x00, 0x00, 0x4a, 0xdc, 0xa5, 0x00, 0x7c, 0x33, 0x84, 0x00, 0x51, 0xdc, 0x00, 0x00, 0x7c, 0x17,
  0x64, 0x8d, 0x82, 0x84, 0x80, 0x00, 0x10, 0xca, 0x80, 0x00, 0x36, 0x35, 0x21, 0x02, 0x02, 0x80,
  0x6b, 0x03, 0x03, 0x82, 0xa7, 0x02, 0x00, 0xd7, 0x02, 0x2a, 0x02, 0x00, 0x01, 0x00, 0x87, 0xbf,
  0xa8, 0x7c, 0x20, 0xd5, 0x03, 0x00, 0x09, 0x00, 0x41, 0x00, 0xc0, 0xbe, 0xf7, 0x03, 0x89, 0xbf,
  0x81, 0x2e, 0x9a, 0x7c, 0x02, 0x00, 0xa4, 0xbf, 0x00, 0x00, 0x4a, 0xdc, 0xa7, 0x00, 0x7c, 0x36,
  0x88, 0x00, 0x51, 0xdc, 0x00, 0x00, 0x7c, 0x17, 0x66, 0x8d, 0x82, 0x84, 0x15, 0x00, 0xc1, 0xbe,
  0x21, 0x02, 0x02, 0x80, 0x6b, 0x03, 0x03, 0x82, 0xa9, 0x02, 0x00, 0xd7, 0x02, 0x2a, 0x02, 0x00,
  0x01, 0x00, 0x87, 0xbf, 0xaa, 0x7c, 0x20, 0xd5, 0x03, 0x00, 0x09, 0x00, 0xf7, 0x03, 0x89, 0xbf,
  0x81, 0x2e, 0x9a, 0x7c, 0x02, 0x00, 0xa4, 0xbf, 0x00, 0x00, 0x4a, 0xdc, 0xa9, 0x00, 0x7c, 0x35,
  0x8c, 0x00, 0x51, 0xdc, 0x00, 0x00, 0x7c, 0x17, 0x04, 0x8d, 0x82, 0x84, 0x80, 0x00, 0x10, 0xca,
  0x80, 0x00, 0x38, 0x37, 0x21, 0x02, 0x02, 0x80, 0x6b, 0x03, 0x03, 0x82, 0xab, 0x02, 0x00, 0xd7,
  0x02, 0x2a, 0x02, 0x00, 0x01, 0x00, 0x87, 0xbf, 0xac, 0x7c, 0x20, 0xd5, 0x03, 0x00, 0x09, 0x00,
  0xf7, 0x03, 0x89, 0xbf, 0x81, 0x2e, 0x9a, 0x7c, 0x02, 0x00, 0xa4, 0xbf, 0x00, 0x00, 0x4a, 0xdc,
  0xab, 0x00, 0x7c, 0x38, 0x90, 0x00, 0x51, 0xdc, 0x00, 0x00, 0x7c, 0x17, 0x16, 0x8d, 0x82, 0x84,
  0xb9, 0x00, 0x87, 0xbf, 0x21, 0x02, 0x02, 0x80, 0x6b, 0x03, 0x03, 0x82, 0xad, 0x02, 0x00, 0xd7,
  0x02, 0x2a, 0x02, 0x00, 0xae, 0x7c, 0x20, 0xd5, 0x03, 0x00, 0x09, 0x00, 0xf7, 0x03, 0x89, 0xbf,
  0x81, 0x2e, 0x9a, 0x7c, 0x02, 0x00, 0xa4, 0xbf, 0x00, 0x00, 0x4a, 0xdc, 0xad, 0x00, 0x7c, 0x37,
  0x94, 0x00, 0x51, 0xdc, 0x00, 0x00, 0x7c, 0x17, 0x18, 0x8d, 0x82, 0x84, 0x80, 0x00, 0x10, 0xca,
  0x80, 0x00, 0x3a, 0x39, 0x21, 0x02, 0x02, 0x80, 0x6b, 0x03, 0x03, 0x82, 0xaf, 0x02, 0x00, 0xd7,
  0x02, 0x2a, 0x02, 0x00, 0x01, 0x00, 0x87, 0xbf, 0xb0, 0x7c, 0x20, 0xd5, 0x03, 0x00, 0x09, 0x00,
  0x16, 0x00, 0x60, 0xd7, 0xfe, 0x01, 0x01, 0x00, 0x0d, 0x00, 0x97, 0xbe, 0xf7, 0x03, 0x89, 0xbf,
  0x81, 0x2e, 0x9a, 0x7c, 0x02, 0x00, 0xa4, 0xbf, 0x00, 0x00, 0x4a, 0xdc, 0xaf, 0x00, 0x7c, 0x3a,
  0x98, 0x00, 0x51, 0xdc, 0x00, 0x00, 0x7c, 0x17, 0x1a, 0x8d, 0x82, 0x84, 0x0f, 0x00, 0x8d, 0xbe,
  0x21, 0x02, 0x02, 0x80, 0x6b, 0x03, 0x03, 0x82, 0xb1, 0x02, 0x00, 0xd7, 0x02, 0x2a, 0x02, 0x00,
  0x01, 0x00, 0x87, 0xbf, 0xb2, 0x7c, 0x20, 0xd5, 0x03, 0x00, 0x09, 0x00, 0xf7, 0x03, 0x89, 0xbf,
  0x81, 0x2e, 0x9a, 0x7c, 0x02, 0x00, 0xa4, 0xbf, 0x00, 0x00, 0x4a, 0xdc, 0xb1, 0x00, 0x7c, 0x39,
  0x9c, 0x00, 0x51, 0xdc, 0x00, 0x00, 0x7c, 0x17, 0x1c, 0x8d, 0x82, 0x84, 0x80, 0x00, 0x10, 0xca,
  0x80, 0x00, 0x3c, 0x3b, 0x21, 0x02, 0x02, 0x80, 0x6b, 0x03, 0x03, 0x82, 0xb3, 0x02, 0x00, 0xd7,
  0x02, 0x2a, 0x02, 0x00, 0x01, 0x00, 0x87, 0xbf, 0xb4, 0x7c, 0x20, 0xd5, 0x03, 0x00, 0x09, 0x00,
  0x11, 0x00, 0x8f, 0xbe, 0xf7, 0x03, 0x89, 0xbf, 0x81, 0x2e, 0x9a, 0x7c, 0x02, 0x00, 0xa4, 0xbf,
  0x00, 0x00, 0x4a, 0xdc, 0xb3, 0x00, 0x7c, 0x3c, 0xa0, 0x00, 0x51, 0xdc, 0x00, 0x00, 0x7c, 0x17,
  0x1e, 0x8d, 0x82, 0x84, 0x1c, 0x00, 0x60, 0xd7, 0xfb, 0x3f, 0x01, 0x00, 0x21, 0x02, 0x02, 0x80,
  0x6b, 0x03, 0x03, 0x82, 0xb5, 0x02, 0x00, 0xd7, 0x02, 0x2a, 0x02, 0x00, 0x01, 0x00, 0x87, 0xbf,
  0xb6, 0x7c, 0x20, 0xd5, 0x03, 0x00, 0x09, 0x00, 0x1d, 0x00, 0x60, 0xd7, 0xfb, 0x3d, 0x01, 0x00,
  0x13, 0x00, 0x91, 0xbe, 0xf7, 0x03, 0x89, 0xbf, 0x81, 0x2e, 0x9a, 0x7c, 0x02, 0x00, 0xa4, 0xbf,
  0x00, 0x00, 0x4a, 0xdc, 0xb5, 0x00, 0x7c, 0x3b, 0xa4, 0x00, 0x51, 0xdc, 0x00, 0x00, 0x7c, 0x17,
  0x22, 0x8d, 0x82, 0x84, 0x80, 0x00, 0x10, 0xca, 0x80, 0x00, 0x3e, 0x3d, 0x21, 0x02, 0x02, 0x80,
  0x6b, 0x03, 0x03, 0x82, 0xb7, 0x02, 0x00, 0xd7, 0x02, 0x2a, 0x02, 0x00, 0x01, 0x00, 0x87, 0xbf,
  0xb8, 0x7c, 0x20, 0xd5, 0x03, 0x00, 0x09, 0x00, 0x13, 0x00, 0x60, 0xd7, 0xff, 0x05, 0x01, 0x00,
  0x1e, 0x00, 0x60, 0xd7, 0xfb, 0x3b, 0x01, 0x00, 0x1f, 0x00, 0x60, 0xd7, 0xfe, 0x0b, 0x01, 0x00,
  0xf7, 0x03, 0x89, 0xbf, 0x81, 0x2e, 0x9a, 0x7c, 0x02, 0x00, 0xa4, 0xbf, 0x00, 0x00, 0x4a, 0xdc,
  0xb7, 0x00, 0x7c, 0x3e, 0xa8, 0x00, 0x51, 0xdc, 0x00, 0x00, 0x7c, 0x17, 0x24, 0x8d, 0x82, 0x84,
  0x15, 0x00, 0x60, 0xd7, 0xff, 0x03, 0x01, 0x00, 0x21, 0x02, 0x02, 0x80, 0x6b, 0x03, 0x03, 0x82,
  0xb9, 0x02, 0x00, 0xd7, 0x02, 0x2a, 0x02, 0x00, 0x01, 0x00, 0x87, 0xbf, 0xba, 0x7c, 0x20, 0xd5,
  0x03, 0x00, 0x09, 0x00, 0x22, 0x00, 0x60, 0xd7, 0xfe, 0x07, 0x01, 0x00, 0x23, 0x00, 0x60, 0xd7,
  0xfe, 0x05, 0x01, 0x00, 0xf7, 0x03, 0x89, 0xbf, 0x81, 0x2e, 0x9a, 0x7c, 0x02, 0x00, 0xa4, 0xbf,
  0x00, 0x00, 0x4a, 0xdc, 0xb9, 0x00, 0x7c, 0x3d, 0xac, 0x00, 0x51, 0xdc, 0x00, 0x00, 0x7c, 0x17,
  0x26, 0x8d, 0x82, 0x84, 0x80, 0x00, 0x10, 0xca, 0x80, 0x00, 0x40, 0x3f, 0x21, 0x02, 0x02, 0x80,
  0x6b, 0x03, 0x03, 0x82, 0xbb, 0x02, 0x00, 0xd7, 0x02, 0x2a, 0x02, 0x00, 0x01, 0x00, 0x87, 0xbf,
  0xbc, 0x7c, 0x20, 0xd5, 0x03, 0x00, 0x09, 0x00, 0x24, 0x00, 0x60, 0xd7, 0xfe, 0x15, 0x01, 0x00,
  0x25, 0x00, 0x60, 0xd7, 0xfe, 0x03, 0x01, 0x00, 0xf7, 0x03, 0x89, 0xbf, 0x81, 0x2e, 0x9a, 0x7c,
  0x02, 0x00, 0xa4, 0xbf, 0x00, 0x00, 0x4a, 0xdc, 0xbb, 0x00, 0x7c, 0x40, 0xb0, 0x00, 0x51, 0xdc,
  0x00, 0x00, 0x7c, 0x17, 0x28, 0x8d, 0x82, 0x84, 0x26, 0x00, 0x60, 0xd7, 0xfe, 0x13, 0x01, 0x00,
  0x21, 0x02, 0x02, 0x80, 0x6b, 0x03, 0x03, 0x82, 0xbd, 0x02, 0x00, 0xd7, 0x02, 0x2a, 0x02, 0x00,
  0x01, 0x00, 0x87, 0xbf, 0xbe, 0x7c, 0x20, 0xd5, 0x03, 0x00, 0x09, 0x00, 0x27, 0x00, 0x60, 0xd7,
  0xff, 0x07, 0x01, 0x00, 0xf7, 0x03, 0x89, 0xbf, 0x81, 0x2e, 0x9a, 0x7c, 0x02, 0x00, 0xa4, 0xbf,
  0x00, 0x00, 0x4a, 0xdc, 0xbd, 0x00, 0x7c, 0x3f, 0xb4, 0x00, 0x51, 0xdc, 0x00, 0x00, 0x7c, 0x17,
  0x2a, 0x8d, 0x82, 0x84, 0x80, 0x00, 0x10, 0xca, 0x80, 0x00, 0x42, 0x41, 0x21, 0x02, 0x02, 0x80,
  0x6b, 0x03, 0x03, 0x82, 0xbf, 0x02, 0x00, 0xd7, 0x02, 0x2a, 0x02, 0x00, 0x01, 0x00, 0x87, 0xbf,
  0xc0, 0x7c, 0x20, 0xd5, 0x03, 0x00, 0x09, 0x00, 0x28, 0x00, 0x60, 0xd7, 0xfe, 0x11, 0x01, 0x00,
  0x29, 0x00, 0x60, 0xd7, 0xfe, 0x0f, 0x01, 0x00, 0xf7, 0x03, 0x89, 0xbf, 0x81, 0x2e, 0x9a, 0x7c,
  0x02, 0x00, 0xa4, 0xbf, 0x00, 0x00, 0x4a, 0xdc, 0xbf, 0x00, 0x7c, 0x42, 0xbc, 0x00, 0x51, 0xdc,
  0x00, 0x00, 0x7c, 0x17, 0x2c, 0x8d, 0x82, 0x84, 0x2a, 0x00, 0x60, 0xd7, 0xfe, 0x1f, 0x01, 0x00,
  0x21, 0x02, 0x02, 0x80, 0x6b, 0x03, 0x03, 0x82, 0xf5, 0x02, 0x00, 0xd7, 0x02, 0x2a, 0x02, 0x00,
  0x01, 0x00, 0x87, 0xbf, 0xf6, 0x7c, 0x20, 0xd5, 0x03, 0x00, 0x09, 0x00, 0x2b, 0x00, 0x60, 0xd7,
  0xfe, 0x0d, 0x01, 0x00, 0xf7, 0x03, 0x89, 0xbf, 0x81, 0x2e, 0x9a, 0x7c, 0x02, 0x00, 0xa4, 0xbf,
  0x00, 0x00, 0x4a, 0xdc, 0xf5, 0x00, 0x7c, 0x41, 0xc0, 0x00, 0x51, 0xdc, 0x00, 0x00, 0x7c, 0x17,
  0x2e, 0x8d, 0x82, 0x84, 0x80, 0x00, 0x10, 0xca, 0x80, 0x00, 0x44, 0x43, 0x21, 0x02, 0x02, 0x80,
  0x6b, 0x03, 0x03, 0x82, 0x61, 0x02, 0x00, 0xd7, 0x02, 0x2a, 0x02, 0x00, 0x01, 0x00, 0x87, 0xbf,
  0x62, 0x7c, 0x20, 0xd5, 0x03, 0x00, 0x09, 0x00, 0x2c, 0x00, 0x60, 0xd7, 0xfe, 0x1d, 0x01, 0x00,
  0x2d, 0x00, 0x60, 0xd7, 0xfe, 0x1b, 0x01, 0x00, 0xf7, 0x03, 0x89, 0xbf, 0x81, 0x2e, 0x9a, 0x7c,
  0x02, 0x00, 0xa4, 0xbf, 0x00, 0x00, 0x4a, 0xdc, 0x61, 0x00, 0x7c, 0x44, 0xc4, 0x00, 0x51, 0xdc,
  0x00, 0x00, 0x7c, 0x17, 0x30, 0x8d, 0x82, 0x84, 0x2e, 0x00, 0x60, 0xd7, 0xfe, 0x19, 0x01, 0x00,
  0x21, 0x02, 0x02, 0x80, 0x6b, 0x03, 0x03, 0x82, 0x63, 0x02, 0x00, 0xd7, 0x02, 0x2a, 0x02, 0x00,
  0x01, 0x00, 0x87, 0xbf, 0x64, 0x7c, 0x20, 0xd5, 0x03, 0x00, 0x09, 0x00, 0x2f, 0x00, 0x60, 0xd7,
  0xfe, 0x29, 0x01, 0x00, 0xf7, 0x03, 0x89, 0xbf, 0x81, 0x2e, 0x9a, 0x7c, 0x02, 0x00, 0xa4, 0xbf,
  0x00, 0x00, 0x4a, 0xdc, 0x63, 0x00, 0x7c, 0x43, 0xc8, 0x00, 0x51, 0xdc, 0x00, 0x00, 0x7c, 0x17,
  0x5c, 0x8d, 0x82, 0x84, 0x80, 0x00, 0x10, 0xca, 0x80, 0x00, 0x46, 0x45, 0x21, 0x02, 0x02, 0x80,
  0x6b, 0x03, 0x03, 0x82, 0x65, 0x02, 0x00, 0xd7, 0x02, 0x2a, 0x02, 0x00, 0x01, 0x00, 0x87, 0xbf,
  0x66, 0x7c, 0x20, 0xd5, 0x03, 0x00, 0x09, 0x00, 0x30, 0x00, 0x60, 0xd7, 0xfe, 0x17, 0x01, 0x00,
  0x31, 0x00, 0x60, 0xd7, 0xfe, 0x27, 0x01, 0x00, 0xf7, 0x03, 0x89, 0xbf, 0x81, 0x2e, 0x9a, 0x7c,
  0x02, 0x00, 0xa4, 0xbf, 0x00, 0x00, 0x4a, 0xdc, 0x65, 0x00, 0x7c, 0x46, 0xcc, 0x00, 0x51, 0xdc,
  0x00, 0x00, 0x7c, 0x17, 0x32, 0x8d, 0x82, 0x84, 0x5c, 0x00, 0x60, 0xd7, 0xfe, 0x3d, 0x01, 0x00,
  0x21, 0x02, 0x02, 0x80, 0x6b, 0x03, 0x03, 0x82, 0x67, 0x02, 0x00, 0xd7, 0x02, 0x2a, 0x02, 0x00,
  0x01, 0x00, 0x87, 0xbf, 0x68, 0x7c, 0x20, 0xd5, 0x03, 0x00, 0x09, 0x00, 0x5d, 0x00, 0x60, 0xd7,
  0xfe, 0x3b, 0x01, 0x00, 0xf7, 0x03, 0x89, 0xbf, 0x81, 0x2e, 0x9a, 0x7c, 0x02, 0x00, 0xa4, 0xbf,
  0x00, 0x00, 0x4a, 0xdc, 0x67, 0x00, 0x7c, 0x45, 0xd0, 0x00, 0x51, 0xdc, 0x00, 0x00, 0x7c, 0x17,
  0x46, 0x8d, 0x82, 0x84, 0x80, 0x00, 0x10, 0xca, 0x80, 0x00, 0x48, 0x47, 0x21, 0x02, 0x02, 0x80,
  0x6b, 0x03, 0x03, 0x82, 0x69, 0x02, 0x00, 0xd7, 0x02, 0x2a, 0x02, 0x00, 0x01, 0x00, 0x87, 0xbf,
  0x6a, 0x7c, 0x20, 0xd5, 0x03, 0x00, 0x09, 0x00, 0x32, 0x00, 0x60, 0xd7, 0xfe, 0x25, 0x01, 0x00,
  0x33, 0x00, 0x60, 0xd7, 0xfe, 0x23, 0x01, 0x00, 0xf7, 0x03, 0x89, 0xbf, 0x81, 0x2e, 0x9a, 0x7c,
  0x02, 0x00, 0xa4, 0xbf, 0x00, 0x00, 0x4a, 0xdc, 0x69, 0x00, 0x7c, 0x48, 0xd4, 0x00, 0x51, 0xdc,
  0x00, 0x00, 0x7c, 0x17, 0x00, 0x8d, 0x80, 0x84, 0xb9, 0x00, 0x87, 0xbf, 0x21, 0x00, 0x00, 0x80,
  0x6b, 0x01, 0x01, 0x82, 0x6b, 0x00, 0x00, 0xd7, 0x00, 0x2a, 0x02, 0x00, 0x6c, 0x7c, 0x20, 0xd5,
  0x01, 0x00, 0x01, 0x00, 0xf7, 0x03, 0x89, 0xbf, 0x81, 0x2e, 0x9a, 0x7c, 0x02, 0x00, 0xa4, 0xbf,
  0x00, 0x00, 0x4a, 0xdc, 0x6b, 0x00, 0x7c, 0x47, 0xdc, 0x00, 0x51, 0xdc, 0x00, 0x00, 0x7c, 0x17,
  0x44, 0x8d, 0x80, 0x84, 0x80, 0x00, 0x10, 0xca, 0x80, 0x00, 0x4a, 0x49, 0x21, 0x00, 0x00, 0x80,
  0x6b, 0x01, 0x01, 0x82, 0x6d, 0x00, 0x00, 0xd7, 0x00, 0x2a, 0x02, 0x00, 0x01, 0x00, 0x87, 0xbf,
  0x6e, 0x7c, 0x20, 0xd5, 0x01, 0x00, 0x01, 0x00, 0xf7, 0x03, 0x89, 0xbf, 0x81, 0x2e, 0x9a, 0x7c,
  0x02, 0x00, 0xa4, 0xbf, 0x00, 0x00, 0x4a, 0xdc, 0x6d, 0x00, 0x7c, 0x4a, 0xe0, 0x00, 0x51, 0xdc,
  0x00, 0x00, 0x7c, 0x17, 0x48, 0x8d, 0x80, 0x84, 0xb9, 0x00, 0x87, 0xbf, 0x21, 0x00, 0x00, 0x80,
  0x6b, 0x01, 0x01, 0x82, 0x6f, 0x00, 0x00, 0xd7, 0x00, 0x2a, 0x02, 0x00, 0x70, 0x7c, 0x20, 0xd5,
  0x01, 0x00, 0x01, 0x00, 0xf7, 0x03, 0x89, 0xbf, 0x81, 0x2e, 0x9a, 0x7c, 0x02, 0x00, 0xa4, 0xbf,
  0x00, 0x00, 0x4a, 0xdc, 0x6f, 0x00, 0x7c, 0x49, 0xe4, 0x00, 0x51, 0xdc, 0x00, 0x00, 0x7c, 0x17,
  0x4a, 0x8d, 0x80, 0x84, 0x80, 0x00, 0x10, 0xca, 0x80, 0x00, 0x4c, 0x4b, 0x21, 0x00, 0x00, 0x80,
  0x6b, 0x01, 0x01, 0x82, 0x71, 0x00, 0x00, 0xd7, 0x00, 0x2a, 0x02, 0x00, 0x01, 0x00, 0x87, 0xbf,
  0x72, 0x7c, 0x20, 0xd5, 0x01, 0x00, 0x01, 0x00, 0xf7, 0x03, 0x89, 0xbf, 0x81, 0x2e, 0x9a, 0x7c,
  0x02, 0x00, 0xa4, 0xbf, 0x00, 0x00, 0x4a, 0xdc, 0x71, 0x00, 0x7c, 0x4c, 0x01, 0x00, 0x85, 0xbf,
  0xe4, 0x06, 0x6d, 0xdc, 0x00, 0x76, 0x7c, 0x00, 0x40, 0x03, 0x69, 0xdc, 0x00, 0x78, 0x7c, 0x00,
  0xe8, 0x00, 0x51, 0xdc, 0x00, 0x00, 0x7c, 0x17, 0x4c, 0x8d, 0x80, 0x84, 0xc1, 0x03, 0x46, 0x7e,
  0x21, 0x00, 0x00, 0x80, 0x6b, 0x01, 0x01, 0x82, 0xdb, 0x00, 0x00, 0xd7, 0x00, 0x2a, 0x02, 0x00,
  0x01, 0x00, 0x87, 0xbf, 0xdc, 0x7c, 0x20, 0xd5, 0x01, 0x00, 0x01, 0x00, 0xf7, 0x03, 0x89, 0xbf,
  0x81, 0x2e, 0x9a, 0x7c, 0x02, 0x00, 0xa4, 0xbf, 0x00, 0x00, 0x4a, 0xdc, 0xdb, 0x00, 0x7c, 0x4b,
  0x44, 0x03, 0x69, 0xdc, 0x00, 0x75, 0x7c, 0x00, 0xec, 0x00, 0x51, 0xdc, 0x00, 0x00, 0x7c, 0x75,
  0x4e, 0x8d, 0x80, 0x84, 0x80, 0x02, 0x2e, 0x7e, 0x21, 0x00, 0x00, 0x80, 0x6b, 0x01, 0x01, 0x82,
  0x80, 0x02, 0x82, 0x7f, 0xf7, 0x03, 0x89, 0xbf, 0x81, 0xea, 0x9a, 0x7c, 0x75, 0x00, 0x00, 0xd7,
  0x00, 0x2a, 0x02, 0x00, 0x01, 0x00, 0x87, 0xbf, 0x76, 0x7c, 0x20, 0xd5, 0x01, 0x00, 0x01, 0x00,
  0x02, 0x00, 0xa4, 0xbf, 0x00, 0x00, 0x4a, 0xdc, 0x75, 0x00, 0x7c, 0xc1, 0xf4, 0x00, 0x51, 0xdc,
  0x00, 0x00, 0x7c, 0x77, 0x50, 0x8d, 0x80, 0x84, 0x80, 0x03, 0x75, 0xdc, 0x00, 0xd4, 0x7c, 0x00,
  0x21, 0x00, 0x00, 0x80, 0x6b, 0x01, 0x01, 0x82, 0xf7, 0x03, 0x89, 0xbf, 0x81, 0xee, 0x9a, 0x7c,
  0x77, 0x00, 0x00, 0xd7, 0x00, 0x2a, 0x02, 0x00, 0x01, 0x00, 0x87, 0xbf, 0x78, 0x7c, 0x20, 0xd5,
  0x01, 0x00, 0x01, 0x00, 0x02, 0x00, 0xa4, 0xbf, 0x00, 0x00, 0x4a, 0xdc, 0x77, 0x00, 0x7c, 0x17,
  0x17, 0xfc, 0x89, 0xbf, 0x10, 0x03, 0x75, 0xdc, 0x00, 0xd0, 0x7c, 0x00, 0x07, 0xfc, 0x89, 0xbf,
  0x02, 0x00, 0x85, 0xbf, 0x58, 0x03, 0x75, 0xdc, 0x00, 0xcc, 0x7c, 0x00, 0x10, 0x01, 0x75, 0xdc,
  0x00, 0x79, 0x7c, 0x00, 0x20, 0x01, 0x75, 0xdc, 0x00, 0x7d, 0x7c, 0x00, 0xf8, 0x00, 0x51, 0xdc,
  0x00, 0x00, 0x7c, 0x79, 0x54, 0x8d, 0x80, 0x84, 0xd8, 0x01, 0x10, 0xca, 0xc3, 0x01, 0xde, 0xdf,
  0x21, 0x00, 0x00, 0x80, 0x6b, 0x01, 0x01, 0x82, 0x80, 0x00, 0x10, 0xca, 0x80, 0x00, 0xc2, 0xc2,
  0xf7, 0x03, 0x89, 0xbf, 0x81, 0xf2, 0x9a, 0x7c, 0x79, 0x00, 0x00, 0xd7, 0x00, 0x2a, 0x02, 0x00,
  0x01, 0x00, 0x87, 0xbf, 0x7a, 0x7c, 0x20, 0xd5, 0x01, 0x00, 0x01, 0x00, 0x02, 0x00, 0xa4, 0xbf,
  0x00, 0x00, 0x4a, 0xdc, 0x79, 0x00, 0x7c, 0xc3, 0x00, 0x01, 0x51, 0xdc, 0x00, 0x00, 0x7c, 0x7b,
  0x56, 0x8d, 0x80, 0x84, 0xcb, 0x01, 0x10, 0xca, 0xca, 0x01, 0xd8, 0xd9, 0x21, 0x00, 0x00, 0x80,
  0x6b, 0x01, 0x01, 0x82, 0xc9, 0x01, 0x10, 0xca, 0xc8, 0x01, 0xd6, 0xd7, 0xc7, 0x01, 0x10, 0xca,
  0xc6, 0x01, 0xd4, 0xd5, 0xc5, 0x01, 0x10, 0xca, 0xc4, 0x01, 0xd2, 0xd3, 0xf7, 0x03, 0x89, 0xbf,
  0x81, 0xf6, 0x9a, 0x7c, 0x7b, 0x00, 0x00, 0xd7, 0x00, 0x2a, 0x02, 0x00, 0x01, 0x00, 0x87, 0xbf,
  0x7c, 0x7c, 0x20, 0xd5, 0x01, 0x00, 0x01, 0x00, 0x02, 0x00, 0xa4, 0xbf, 0x00, 0x00, 0x4a, 0xdc,
  0x7b, 0x00, 0x7c, 0xc2, 0x04, 0x01, 0x51, 0xdc, 0x00, 0x00, 0x7c, 0x7d, 0x58, 0x8d, 0x80, 0x84,
  0x80, 0x00, 0x10, 0xca, 0x80, 0x00, 0xc4, 0xc4, 0x21, 0x00, 0x00, 0x80, 0x6b, 0x01, 0x01, 0x82,
  0xf7, 0x03, 0x89, 0xbf, 0x81, 0xfa, 0x9a, 0x7c, 0x7d, 0x00, 0x00, 0xd7, 0x00, 0x2a, 0x02, 0x00,
  0x01, 0x00, 0x87, 0xbf, 0x7e, 0x7c, 0x20, 0xd5, 0x01, 0x00, 0x01, 0x00, 0x02, 0x00, 0xa4, 0xbf,
  0x00, 0x00, 0x4a, 0xdc, 0x7d, 0x00, 0x7c, 0xc5, 0x08, 0x01, 0x51, 0xdc, 0x00, 0x00, 0x7c, 0x7f,
  0x5a, 0x8d, 0x80, 0x84, 0xd9, 0x00, 0x87, 0xbf, 0x21, 0x00, 0x00, 0x80, 0x6b, 0x01, 0x01, 0x82,
  0xf7, 0x03, 0x89, 0xbf, 0x81, 0xfe, 0x9a, 0x7c, 0x7f, 0x00, 0x00, 0xd7, 0x00, 0x2a, 0x02, 0x00,
  0x80, 0x7c, 0x20, 0xd5, 0x01, 0x00, 0x01, 0x00, 0x02, 0x00, 0xa4, 0xbf, 0x00, 0x00, 0x4a, 0xdc,
  0x7f, 0x00, 0x7c, 0xc4, 0xfc, 0x00, 0x51, 0xdc, 0x00, 0x00, 0x7c, 0xc7, 0x42, 0x8d, 0x80, 0x84,
  0x80, 0x02, 0x8c, 0x7f, 0x21, 0x00, 0x00, 0x80, 0x6b, 0x01, 0x01, 0x82, 0xca, 0x00, 0x00, 0xd7,
  0x00, 0x2a, 0x02, 0x00, 0x01, 0x00, 0x87, 0xbf, 0xcb, 0x7c, 0x20, 0xd5, 0x01, 0x00, 0x01, 0x00,
  0xf7, 0x03, 0x89, 0xbf, 0x81, 0x8e, 0x9b, 0x7c, 0x80, 0x02, 0x8e, 0x7f, 0x02, 0x00, 0xa4, 0xbf,
  0x00, 0x00, 0x4a, 0xdc, 0xca, 0x00, 0x7c, 0xc7, 0xd8, 0x00, 0x51, 0xdc, 0x00, 0x00, 0x7c, 0xc8,
  0x36, 0x8d, 0x80, 0x84, 0x42, 0x00, 0x60, 0xd7, 0xfe, 0x2b, 0x01, 0x00, 0x21, 0x00, 0x00, 0x80,
  0x6b, 0x01, 0x01, 0x82, 0xcc, 0x00, 0x00, 0xd7, 0x00, 0x2a, 0x02, 0x00, 0x01, 0x00, 0x87, 0xbf,
  0xcd, 0x7c, 0x20, 0xd5, 0x01, 0x00, 0x01, 0x00, 0xf7, 0x03, 0x89, 0xbf, 0x81, 0x90, 0x9b, 0x7c,
  0x02, 0x00, 0xa4, 0xbf, 0x00, 0x00, 0x4a, 0xdc, 0xcc, 0x00, 0x7c, 0xc6, 0xb8, 0x00, 0x51, 0xdc,
  0x00, 0x00, 0x7c, 0xc9, 0x38, 0x8d, 0x80, 0x84, 0x80, 0x02, 0x90, 0x7f, 0x21, 0x00, 0x00, 0x80,
  0x6b, 0x01, 0x01, 0x82, 0xce, 0x00, 0x00, 0xd7, 0x00, 0x2a, 0x02, 0x00, 0x01, 0x00, 0x87, 0xbf,
  0xcf, 0x7c, 0x20, 0xd5, 0x01, 0x00, 0x01, 0x00, 0x36, 0x00, 0x60, 0xd7, 0xfe, 0x31, 0x01, 0x00,
  0x37, 0x00, 0x60, 0xd7, 0xfe, 0x21, 0x01, 0x00, 0xf7, 0x03, 0x89, 0xbf, 0x81, 0x92, 0x9b, 0x7c,
  0x80, 0x02, 0x92, 0x7f, 0x02, 0x00, 0xa4, 0xbf, 0x00, 0x00, 0x4a, 0xdc, 0xce, 0x00, 0x7c, 0xc9,
  0x3a, 0x8d, 0x80, 0x84, 0x81, 0xb4, 0x9b, 0x7c, 0x21, 0x00, 0x00, 0x80, 0x6b, 0x01, 0x01, 0x82,
  0xd0, 0x00, 0x00, 0xd7, 0x00, 0x2a, 0x02, 0x00, 0x01, 0x00, 0x87, 0xbf, 0xd1, 0x7c, 0x20, 0xd5,
  0x01, 0x00, 0x01, 0x00, 0x38, 0x00, 0x60, 0xd7, 0xfe, 0x2f, 0x01, 0x00, 0x39, 0x00, 0x60, 0xd7,
  0xfe, 0x2d, 0x01, 0x00, 0x02, 0x00, 0xa4, 0xbf, 0x00, 0x00, 0x4a, 0xdc, 0xd0, 0x00, 0x7c, 0xc8,
  0xf7, 0x03, 0x89, 0xbf, 0x00, 0x00, 0x7c, 0xbc, 0x00, 0x00, 0xbd, 0xbf, 0x00, 0x00, 0xac, 0xe0,
  0x00, 0x00, 0x00, 0x00, 0x00, 0x00, 0x7c, 0xd8, 0xf7, 0x18, 0x00, 0x00, 0x80, 0x00, 0x7c, 0xd8,
  0xf7, 0x16, 0x00, 0x00, 0x00, 0x01, 0x7c, 0xd8, 0xf7, 0x1a, 0x00, 0x00, 0x80, 0x01, 0x7c, 0xd8,
  0xf7, 0x19, 0x00, 0x00, 0x00, 0x02, 0x7c, 0xd8, 0xf7, 0x1c, 0x00, 0x00, 0x80, 0x02, 0x7c, 0xd8,
  0xf7, 0x1b, 0x00, 0x00, 0x00, 0x03, 0x7c, 0xd8, 0xf7, 0x1e, 0x00, 0x00, 0x80, 0x03, 0x7c, 0xd8,
  0xf7, 0x1d, 0x00, 0x00, 0x00, 0x04, 0x7c, 0xd8, 0xf7, 0x20, 0x00, 0x00, 0x80, 0x04, 0x7c, 0xd8,
  0xf7, 0x1f, 0x00, 0x00, 0x00, 0x05, 0x7c, 0xd8, 0xf7, 0x22, 0x00, 0x00, 0x80, 0x05, 0x7c, 0xd8,
  0xf7, 0x21, 0x00, 0x00, 0x00, 0x06, 0x7c, 0xd8, 0xf7, 0x24, 0x00, 0x00, 0x80, 0x06, 0x7c, 0xd8,
  0xf7, 0x73, 0x00, 0x00, 0x00, 0x07, 0x7c, 0xd8, 0xf7, 0x26, 0x00, 0x00, 0x80, 0x07, 0x7c, 0xd8,
  0xf7, 0x25, 0x00, 0x00, 0x00, 0x08, 0x7c, 0xd8, 0xf7, 0x28, 0x00, 0x00, 0x80, 0x08, 0x7c, 0xd8,
  0xf7, 0x27, 0x00, 0x00, 0x00, 0x09, 0x7c, 0xd8, 0xf7, 0x2a, 0x00, 0x00, 0x80, 0x09, 0x7c, 0xd8,
  0xf7, 0x29, 0x00, 0x00, 0x00, 0x0a, 0x7c, 0xd8, 0xf7, 0x2c, 0x00, 0x00, 0x80, 0x0a, 0x7c, 0xd8,
  0xf7, 0x2b, 0x00, 0x00, 0x00, 0x0b, 0x7c, 0xd8, 0xf7, 0x2e, 0x00, 0x00, 0x80, 0x0b, 0x7c, 0xd8,
  0xf7, 0x2d, 0x00, 0x00, 0x00, 0x0c, 0x7c, 0xd8, 0xf7, 0x30, 0x00, 0x00, 0x80, 0x0c, 0x7c, 0xd8,
  0xf7, 0x2f, 0x00, 0x00, 0x00, 0x0d, 0x7c, 0xd8, 0xf7, 0x32, 0x00, 0x00, 0x80, 0x0d, 0x7c, 0xd8,
  0xf7, 0x31, 0x00, 0x00, 0x00, 0x0e, 0x7c, 0xd8, 0xf7, 0x34, 0x00, 0x00, 0x80, 0x0e, 0x7c, 0xd8,
  0xf7, 0x33, 0x00, 0x00, 0x00, 0x0f, 0x7c, 0xd8, 0xf7, 0x36, 0x00, 0x00, 0x80, 0x0f, 0x7c, 0xd8,
  0xf7, 0x35, 0x00, 0x00, 0x00, 0x10, 0x7c, 0xd8, 0xf7, 0x38, 0x00, 0x00, 0x80, 0x10, 0x7c, 0xd8,
  0xf7, 0x37, 0x00, 0x00, 0x00, 0x11, 0x7c, 0xd8, 0xf7, 0x3a, 0x00, 0x00, 0x80, 0x11, 0x7c, 0xd8,
  0xf7, 0x39, 0x00, 0x00, 0x00, 0x12, 0x7c, 0xd8, 0xf7, 0x3c, 0x00, 0x00, 0x80, 0x12, 0x7c, 0xd8,
  0xf7, 0x3b, 0x00, 0x00, 0x00, 0x13, 0x7c, 0xd8, 0xf7, 0x3e, 0x00, 0x00, 0x80, 0x13, 0x7c, 0xd8,
  0xf7, 0x3d, 0x00, 0x00, 0x00, 0x14, 0x7c, 0xd8, 0xf7, 0x40, 0x00, 0x00, 0x80, 0x14, 0x7c, 0xd8,
  0xf7, 0x3f, 0x00, 0x00, 0x00, 0x15, 0x7c, 0xd8, 0xf7, 0x42, 0x00, 0x00, 0x80, 0x15, 0x7c, 0xd8,
  0xf7, 0x41, 0x00, 0x00, 0x00, 0x16, 0x7c, 0xd8, 0xf7, 0x44, 0x00, 0x00, 0x80, 0x16, 0x7c, 0xd8,
  0xf7, 0x43, 0x00, 0x00, 0x00, 0x17, 0x7c, 0xd8, 0xf7, 0x46, 0x00, 0x00, 0x80, 0x17, 0x7c, 0xd8,
  0xf7, 0x45, 0x00, 0x00, 0x40, 0x03, 0x51, 0xdc, 0x00, 0x00, 0x7c, 0x16, 0x00, 0x18, 0x7c, 0xd8,
  0xf7, 0x48, 0x00, 0x00, 0x80, 0x18, 0x7c, 0xd8, 0xf7, 0x47, 0x00, 0x00, 0x00, 0x19, 0x7c, 0xd8,
  0xf7, 0x4a, 0x00, 0x00, 0x80, 0x19, 0x7c, 0xd8, 0xf7, 0x49, 0x00, 0x00, 0x00, 0x1a, 0x7c, 0xd8,
  0xf7, 0x4c, 0x00, 0x00, 0x80, 0x1a, 0x7c, 0xd8, 0xf7, 0x4b, 0x00, 0x00, 0x00, 0x1b, 0x7c, 0xd8,
  0xf7, 0xc1, 0x00, 0x00, 0x80, 0x1b, 0x7c, 0xd8, 0xf7, 0x17, 0x00, 0x00, 0x80, 0x02, 0x2e, 0x7e,
  0x3a, 0x00, 0x60, 0xd7, 0xff, 0x0b, 0x01, 0x00, 0x3b, 0x00, 0x60, 0xd7, 0xff, 0x09, 0x01, 0x00,
  0x00, 0x1c, 0x7c, 0xd8, 0xf7, 0xc3, 0x00, 0x00, 0x80, 0x1c, 0x7c, 0xd8, 0xf7, 0xc2, 0x00, 0x00,
  0x00, 0x1d, 0x7c, 0xd8, 0xf7, 0xc5, 0x00, 0x00, 0x80, 0x1d, 0x7c, 0xd8, 0xf7, 0xc4, 0x00, 0x00,
  0x00, 0x1e, 0x7c, 0xd8, 0xf7, 0xc7, 0x00, 0x00, 0x80, 0x1e, 0x7c, 0xd8, 0xf7, 0xc6, 0x00, 0x00,
  0x00, 0x1f, 0x7c, 0xd8, 0xf7, 0xc9, 0x00, 0x00, 0x80, 0x1f, 0x7c, 0xd8, 0xf7, 0xc8, 0x00, 0x00,
  0xf7, 0x03, 0x89, 0xbf, 0x81, 0x2c, 0x9a, 0x7c, 0x80, 0x02, 0x2c, 0x7e, 0x0a, 0x00, 0xa4, 0xbf,
  0x00, 0x00, 0x60, 0xd7, 0xff, 0x0f, 0x01, 0x00, 0x01, 0x00, 0x60, 0xd7, 0xff, 0x11, 0x01, 0x00,
  0x00, 0x81, 0x80, 0x84, 0x09, 0x00, 0x87, 0xbf, 0x21, 0x00, 0x00, 0x80, 0x6b, 0x01, 0x01, 0x82,
  0x80, 0x00, 0x4a, 0xdc, 0x15, 0x00, 0x00, 0x16, 0xf7, 0x03, 0x89, 0xbf, 0x68, 0x03, 0x69, 0xdc,
  0x00, 0x16, 0x7c, 0x00, 0x44, 0x03, 0x51, 0xdc, 0x00, 0x00, 0x7c, 0x16, 0x01, 0x00, 0x85, 0xbf,
  0xd0, 0x02, 0x75, 0xdc, 0x00, 0x0d, 0x7c, 0x00, 0xe0, 0x02, 0x75, 0xdc, 0x00, 0x11, 0x7c, 0x00,
  0xf7, 0x03, 0x89, 0xbf, 0x81, 0x2c, 0x9a, 0x7c, 0x02, 0x00, 0xa4, 0xbf, 0x80, 0x00, 0x4a, 0xdc,
  0x4d, 0x00, 0x7c, 0x17, 0x81, 0xba, 0x9b, 0x7c, 0x80, 0x00, 0x10, 0xca, 0x80, 0x00, 0x0e, 0x0d,
  0x21, 0x00, 0x60, 0xd7, 0xfe, 0x09, 0x01, 0x00, 0x02, 0x00, 0xa4, 0xbf, 0x80, 0x00, 0x4a, 0xdc,
  0x4f, 0x00, 0x7c, 0x0e, 0x81, 0xbc, 0x9b, 0x7c, 0x02, 0x00, 0xa4, 0xbf, 0x80, 0x00, 0x4a, 0xdc,
  0x51, 0x00, 0x7c, 0x0d, 0x81, 0xbe, 0x9b, 0x7c, 0x80, 0x00, 0x10, 0xca, 0x80, 0x00, 0x10, 0x0f,
  0x02, 0x00, 0xa4, 0xbf, 0x80, 0x00, 0x4a, 0xdc, 0x53, 0x00, 0x7c, 0x10, 0x81, 0xe8, 0x9a, 0x7c,
  0x02, 0x00, 0xa4, 0xbf, 0x80, 0x00, 0x4a, 0xdc, 0x55, 0x00, 0x7c, 0x0f, 0x0c, 0x01, 0x51, 0xdc,
  0x00, 0x00, 0x7c, 0x11, 0x80, 0x02, 0x24, 0x7e, 0xf7, 0x03, 0x89, 0xbf, 0x81, 0x22, 0x9a, 0x7c,
  0x80, 0x02, 0x22, 0x7e, 0x02, 0x00, 0xa4, 0xbf, 0x80, 0x00, 0x4a, 0xdc, 0x57, 0x00, 0x7c, 0x12,
  0x81, 0x46, 0x9a, 0x7c, 0x02, 0x00, 0xa4, 0xbf, 0x80, 0x00, 0x4a, 0xdc, 0x59, 0x00, 0x7c, 0x11,
  0x81, 0xc0, 0x9b, 0x7c, 0x70, 0x03, 0x69, 0xdc, 0x00, 0x0d, 0x7c, 0x00, 0x80, 0x02, 0x26, 0x7e,
  0x80, 0x02, 0x1a, 0x7e, 0x02, 0x00, 0xa4, 0xbf, 0x80, 0x00, 0x4a, 0xdc, 0x5b, 0x00, 0x7c, 0x0d,
  0xf7, 0x03, 0x89, 0xbf, 0x90, 0x04, 0x69, 0xdc, 0x00, 0x0d, 0x7c, 0x00, 0x30, 0x00, 0x51, 0xdc,
  0x00, 0x00, 0x7c, 0x0d, 0xf7, 0x03, 0x89, 0xbf, 0x81, 0x1a, 0x9a, 0x7c, 0x02, 0x00, 0xa4, 0xbf,
  0x80, 0x00, 0x4a, 0xdc, 0x5d, 0x00, 0x7c, 0x13, 0x34, 0x00, 0x51, 0xdc, 0x00, 0x00, 0x7c, 0x0d,
  0x80, 0x02, 0x28, 0x7e, 0xf7, 0x03, 0x89, 0xbf, 0x81, 0x1a, 0x9a, 0x7c, 0x80, 0x02, 0x1a, 0x7e,
  0x02, 0x00, 0xa4, 0xbf, 0x80, 0x00, 0x4a, 0xdc, 0x5f, 0x00, 0x7c, 0x0d, 0xf7, 0x03, 0x89, 0xbf,
  0x98, 0x04, 0x69, 0xdc, 0x00, 0x0d, 0x7c, 0x00, 0x38, 0x00, 0x51, 0xdc, 0x00, 0x00, 0x7c, 0x0d,
  0xf7, 0x03, 0x89, 0xbf, 0x81, 0x1a, 0x9a, 0x7c, 0x02, 0x00, 0xa4, 0xbf, 0x80, 0x00, 0x4a, 0xdc,
  0x81, 0x00, 0x7c, 0x14, 0x3c, 0x00, 0x51, 0xdc, 0x00, 0x00, 0x7c, 0x0d, 0x80, 0x02, 0x2c, 0x7e,
  0xf7, 0x03, 0x89, 0xbf, 0x81, 0x1a, 0x9a, 0x7c, 0x80, 0x02, 0x1a, 0x7e, 0x02, 0x00, 0xa4, 0xbf,
  0x80, 0x00, 0x4a, 0xdc, 0x83, 0x00, 0x7c, 0x0d, 0xf7, 0x03, 0x89, 0xbf, 0xa0, 0x04, 0x69, 0xdc,
  0x00, 0x0d, 0x7c, 0x00, 0x40, 0x00, 0x51, 0xdc, 0x00, 0x00, 0x7c, 0x0d, 0xf7, 0x03, 0x89, 0xbf,
  0x81, 0x1a, 0x9a, 0x7c, 0x02, 0x00, 0xa4, 0xbf, 0x80, 0x00, 0x4a, 0xdc, 0x85, 0x00, 0x7c, 0x16,
  0x44, 0x00, 0x51, 0xdc, 0x00, 0x00, 0x7c, 0x0d, 0x80, 0x02, 0x30, 0x7e, 0xf7, 0x03, 0x89, 0xbf,
  0x81, 0x1a, 0x9a, 0x7c, 0x80, 0x02, 0x1a, 0x7e, 0x02, 0x00, 0xa4, 0xbf, 0x80, 0x00, 0x4a, 0xdc,
  0x87, 0x00, 0x7c, 0x0d, 0xf7, 0x03, 0x89, 0xbf, 0xa8, 0x04, 0x69, 0xdc, 0x00, 0x0d, 0x7c, 0x00,
  0x48, 0x00, 0x51, 0xdc, 0x00, 0x00, 0x7c, 0x0d, 0xf7, 0x03, 0x89, 0xbf, 0x81, 0x1a, 0x9a, 0x7c,
  0x02, 0x00, 0xa4, 0xbf, 0x80, 0x00, 0x4a, 0xdc, 0x89, 0x00, 0x7c, 0x18, 0x4c, 0x00, 0x51, 0xdc,
  0x00, 0x00, 0x7c, 0x0d, 0x80, 0x02, 0x32, 0x7e, 0xf7, 0x03, 0x89, 0xbf, 0x81, 0x1a, 0x9a, 0x7c,
  0x80, 0x02, 0x1a, 0x7e, 0x02, 0x00, 0xa4, 0xbf, 0x80, 0x00, 0x4a, 0xdc, 0x8b, 0x00, 0x7c, 0x0d,
  0xf7, 0x03, 0x89, 0xbf, 0xb0, 0x04, 0x69, 0xdc, 0x00, 0x0d, 0x7c, 0x00, 0x50, 0x00, 0x51, 0xdc,
  0x00, 0x00, 0x7c, 0x0d, 0xf7, 0x03, 0x89, 0xbf, 0x81, 0x1a, 0x9a, 0x7c, 0x02, 0x00, 0xa4, 0xbf,
  0x80, 0x00, 0x4a, 0xdc, 0x8d, 0x00, 0x7c, 0x19, 0x54, 0x00, 0x51, 0xdc, 0x00, 0x00, 0x7c, 0x0d,
  0x80, 0x02, 0x34, 0x7e, 0xf7, 0x03, 0x89, 0xbf, 0x81, 0x1a, 0x9a, 0x7c, 0x80, 0x02, 0x1a, 0x7e,
  0x02, 0x00, 0xa4, 0xbf, 0x80, 0x00, 0x4a, 0xdc, 0x8f, 0x00, 0x7c, 0x0d, 0xf7, 0x03, 0x89, 0xbf,
  0xb8, 0x04, 0x69, 0xdc, 0x00, 0x0d, 0x7c, 0x00, 0x58, 0x00, 0x51, 0xdc, 0x00, 0x00, 0x7c, 0x0d,
  0xf7, 0x03, 0x89, 0xbf, 0x81, 0x1a, 0x9a, 0x7c, 0x02, 0x00, 0xa4, 0xbf, 0x80, 0x00, 0x4a, 0xdc,
  0x91, 0x00, 0x7c, 0x1a, 0x5c, 0x00, 0x51, 0xdc, 0x00, 0x00, 0x7c, 0x0d, 0x80, 0x02, 0x36, 0x7e,
  0xf7, 0x03, 0x89, 0xbf, 0x81, 0x1a, 0x9a, 0x7c, 0x80, 0x02, 0x1a, 0x7e, 0x02, 0x00, 0xa4, 0xbf,
  0x80, 0x00, 0x4a, 0xdc, 0x93, 0x00, 0x7c, 0x0d, 0xf7, 0x03, 0x89, 0xbf, 0xc0, 0x04, 0x69, 0xdc,
  0x00, 0x0d, 0x7c, 0x00, 0x60, 0x00, 0x51, 0xdc, 0x00, 0x00, 0x7c, 0x0d, 0xf7, 0x03, 0x89, 0xbf,
  0x81, 0x1a, 0x9a, 0x7c, 0x02, 0x00, 0xa4, 0xbf, 0x80, 0x00, 0x4a, 0xdc, 0x95, 0x00, 0x7c, 0x1b,
  0x64, 0x00, 0x51, 0xdc, 0x00, 0x00, 0x7c, 0x0d, 0x80, 0x02, 0x38, 0x7e, 0xf7, 0x03, 0x89, 0xbf,
  0x81, 0x1a, 0x9a, 0x7c, 0x80, 0x02, 0x1a, 0x7e, 0x02, 0x00, 0xa4, 0xbf, 0x80, 0x00, 0x4a, 0xdc,
  0x97, 0x00, 0x7c, 0x0d, 0xf7, 0x03, 0x89, 0xbf, 0xc8, 0x04, 0x69, 0xdc, 0x00, 0x0d, 0x7c, 0x00,
  0x68, 0x00, 0x51, 0xdc, 0x00, 0x00, 0x7c, 0x0d, 0xf7, 0x03, 0x89, 0xbf, 0x81, 0x1a, 0x9a, 0x7c,
  0x02, 0x00, 0xa4, 0xbf, 0x80, 0x00, 0x4a, 0xdc, 0x99, 0x00, 0x7c, 0x1c, 0x6c, 0x00, 0x51, 0xdc,
  0x00, 0x00, 0x7c, 0x0d, 0x80, 0x02, 0x3a, 0x7e, 0xf7, 0x03, 0x89, 0xbf, 0x81, 0x1a, 0x9a, 0x7c,
  0x80, 0x02, 0x1a, 0x7e, 0x02, 0x00, 0xa4, 0xbf, 0x80, 0x00, 0x4a, 0xdc, 0x9b, 0x00, 0x7c, 0x0d,
  0xf7, 0x03, 0x89, 0xbf, 0xd0, 0x04, 0x69, 0xdc, 0x00, 0x0d, 0x7c, 0x00, 0x70, 0x00, 0x51, 0xdc,
  0x00, 0x00, 0x7c, 0x0d, 0xf7, 0x03, 0x89, 0xbf, 0x81, 0x1a, 0x9a, 0x7c, 0x02, 0x00, 0xa4, 0xbf,
  0x80, 0x00, 0x4a, 0xdc, 0x9d, 0x00, 0x7c, 0x1d, 0x74, 0x00, 0x51, 0xdc, 0x00, 0x00, 0x7c, 0x0d,
  0x80, 0x02, 0x3c, 0x7e, 0xf7, 0x03, 0x89, 0xbf, 0x81, 0x1a, 0x9a, 0x7c, 0x80, 0x02, 0x1a, 0x7e,
  0x02, 0x00, 0xa4, 0xbf, 0x80, 0x00, 0x4a, 0xdc, 0x9f, 0x00, 0x7c, 0x0d, 0xf7, 0x03, 0x89, 0xbf,
  0xd8, 0x04, 0x69, 0xdc, 0x00, 0x0d, 0x7c, 0x00, 0x78, 0x00, 0x51, 0xdc, 0x00, 0x00, 0x7c, 0x0d,
  0xf7, 0x03, 0x89, 0xbf, 0x81, 0x1a, 0x9a, 0x7c, 0x02, 0x00, 0xa4, 0xbf, 0x80, 0x00, 0x4a, 0xdc,
  0xa1, 0x00, 0x7c, 0x1e, 0x7c, 0x00, 0x51, 0xdc, 0x00, 0x00, 0x7c, 0x0d, 0x80, 0x02, 0x3e, 0x7e,
  0xf7, 0x03, 0x89, 0xbf, 0x81, 0x1a, 0x9a, 0x7c, 0x80, 0x02, 0x1a, 0x7e, 0x02, 0x00, 0xa4, 0xbf,
  0x80, 0x00, 0x4a, 0xdc, 0xa3, 0x00, 0x7c, 0x0d, 0xf7, 0x03, 0x89, 0xbf, 0xe0, 0x04, 0x69, 0xdc,
  0x00, 0x0d, 0x7c, 0x00, 0x80, 0x00, 0x51, 0xdc, 0x00, 0x00, 0x7c, 0x0d, 0xf7, 0x03, 0x89, 0xbf,
  0x81, 0x1a, 0x9a, 0x7c, 0x02, 0x00, 0xa4, 0xbf, 0x80, 0x00, 0x4a, 0xdc, 0xa5, 0x00, 0x7c, 0x1f,
  0x84, 0x00, 0x51, 0xdc, 0x00, 0x00, 0x7c, 0x0d, 0x80, 0x02, 0x40, 0x7e, 0xf7, 0x03, 0x89, 0xbf,
  0x81, 0x1a, 0x9a, 0x7c, 0x80, 0x02, 0x1a, 0x7e, 0x02, 0x00, 0xa4, 0xbf, 0x80, 0x00, 0x4a, 0xdc,
  0xa7, 0x00, 0x7c, 0x0d, 0xf7, 0x03, 0x89, 0xbf, 0xe8, 0x04, 0x69, 0xdc, 0x00, 0x0d, 0x7c, 0x00,
  0x88, 0x00, 0x51, 0xdc, 0x00, 0x00, 0x7c, 0x0d, 0xf7, 0x03, 0x89, 0xbf, 0x81, 0x1a, 0x9a, 0x7c,
  0x02, 0x00, 0xa4, 0xbf, 0x80, 0x00, 0x4a, 0xdc, 0xa9, 0x00, 0x7c, 0x20, 0x8c, 0x00, 0x51, 0xdc,
  0x00, 0x00, 0x7c, 0x0d, 0x80, 0x02, 0x42, 0x7e, 0xf7, 0x03, 0x89, 0xbf, 0x81, 0x1a, 0x9a, 0x7c,
  0x80, 0x02, 0x1a, 0x7e, 0x02, 0x00, 0xa4, 0xbf, 0x80, 0x00, 0x4a, 0xdc, 0xab, 0x00, 0x7c, 0x0d,
  0xf7, 0x03, 0x89, 0xbf, 0xf0, 0x04, 0x69, 0xdc, 0x00, 0x0d, 0x7c, 0x00, 0x90, 0x00, 0x51, 0xdc,
  0x00, 0x00, 0x7c, 0x0d, 0xf7, 0x03, 0x89, 0xbf, 0x81, 0x1a, 0x9a, 0x7c, 0x02, 0x00, 0xa4, 0xbf,
  0x80, 0x00, 0x4a, 0xdc, 0xad, 0x00, 0x7c, 0x21, 0x94, 0x00, 0x51, 0xdc, 0x00, 0x00, 0x7c, 0x0d,
  0x80, 0x00, 0x10, 0xca, 0x80, 0x00, 0x50, 0x4f, 0xf7, 0x03, 0x89, 0xbf, 0x81, 0x1a, 0x9a, 0x7c,
  0x02, 0x00, 0xa4, 0xbf, 0x80, 0x00, 0x4a, 0xdc, 0xaf, 0x00, 0x7c, 0x50, 0x98, 0x00, 0x51, 0xdc,
  0x00, 0x00, 0x7c, 0x0d, 0xf7, 0x03, 0x89, 0xbf, 0x81, 0x1a, 0x9a, 0x7c, 0x02, 0x00, 0xa4, 0xbf,
  0x80, 0x00, 0x4a, 0xdc, 0xb1, 0x00, 0x7c, 0x4f, 0x9c, 0x00, 0x51, 0xdc, 0x00, 0x00, 0x7c, 0x0d,
  0x80, 0x00, 0x10, 0xca, 0x80, 0x00, 0x52, 0x51, 0xf7, 0x03, 0x89, 0xbf, 0x81, 0x1a, 0x9a, 0x7c,
  0x02, 0x00, 0xa4, 0xbf, 0x80, 0x00, 0x4a, 0xdc, 0xb3, 0x00, 0x7c, 0x52, 0x01, 0x00, 0x85, 0xbf,
  0xa4, 0x04, 0x69, 0xdc, 0x00, 0x18, 0x7c, 0x00, 0x9c, 0x04, 0x69, 0xdc, 0x00, 0x16, 0x7c, 0x00,
  0xa0, 0x00, 0x51, 0xdc, 0x00, 0x00, 0x7c, 0x0d, 0xf7, 0x03, 0x89, 0xbf, 0x81, 0x1a, 0x9a, 0x7c,
  0x02, 0x00, 0xa4, 0xbf, 0x80, 0x00, 0x4a, 0xdc, 0xb5, 0x00, 0x7c, 0x51, 0xa4, 0x00, 0x51, 0xdc,
  0x00, 0x00, 0x7c, 0x0d, 0x80, 0x02, 0x30, 0x7e, 0x80, 0x02, 0x2c, 0x7e, 0xf7, 0x03, 0x89, 0xbf,
  0x81, 0x1a, 0x9a, 0x7c, 0x02, 0x00, 0xa4, 0xbf, 0x80, 0x00, 0x4a, 0xdc, 0xb7, 0x00, 0x7c, 0x16,
  0xa8, 0x00, 0x51, 0xdc, 0x00, 0x00, 0x7c, 0x0d, 0xf7, 0x03, 0x89, 0xbf, 0x81, 0x1a, 0x9a, 0x7c,
  0x02, 0x00, 0xa4, 0xbf, 0x80, 0x00, 0x4a, 0xdc, 0xb9, 0x00, 0x7c, 0x18, 0xac, 0x00, 0x51, 0xdc,
  0x00, 0x00, 0x7c, 0x0d, 0x80, 0x00, 0x10, 0xca, 0x80, 0x00, 0x4e, 0x4d, 0xf7, 0x03, 0x89, 0xbf,
  0x81, 0x1a, 0x9a, 0x7c, 0x02, 0x00, 0xa4, 0xbf, 0x80, 0x00, 0x4a, 0xdc, 0xbb, 0x00, 0x7c, 0x4e,
  0xb0, 0x00, 0x51, 0xdc, 0x00, 0x00, 0x7c, 0x0d, 0xf7, 0x03, 0x89, 0xbf, 0x81, 0x1a, 0x9a, 0x7c,
  0x02, 0x00, 0xa4, 0xbf, 0x80, 0x00, 0x4a, 0xdc, 0xbd, 0x00, 0x7c, 0x4d, 0xb4, 0x00, 0x51, 0xdc,
  0x00, 0x00, 0x7c, 0x0d, 0x80, 0x00, 0x10, 0xca, 0x80, 0x00, 0x60, 0x5f, 0xf7, 0x03, 0x89, 0xbf,
  0x81, 0x1a, 0x9a, 0x7c, 0x02, 0x00, 0xa4, 0xbf, 0x80, 0x00, 0x4a, 0xdc, 0xbf, 0x00, 0x7c, 0x60,
  0xbc, 0x00, 0x51, 0xdc, 0x00, 0x00, 0x7c, 0x0d, 0xf7, 0x03, 0x89, 0xbf, 0x81, 0x1a, 0x9a, 0x7c,
  0x02, 0x00, 0xa4, 0xbf, 0x80, 0x00, 0x4a, 0xdc, 0xf5, 0x00, 0x7c, 0x5f, 0xc0, 0x00, 0x51, 0xdc,
  0x00, 0x00, 0x7c, 0x0d, 0x80, 0x00, 0x10, 0xca, 0x80, 0x00, 0xf6, 0xf5, 0xf7, 0x03, 0x89, 0xbf,
  0x81, 0x1a, 0x9a, 0x7c, 0x02, 0x00, 0xa4, 0xbf, 0x80, 0x00, 0x4a, 0xdc, 0x61, 0x00, 0x7c, 0xf6,
  0xc4, 0x00, 0x51, 0xdc, 0x00, 0x00, 0x7c, 0x0d, 0xf7, 0x03, 0x89, 0xbf, 0x81, 0x1a, 0x9a, 0x7c,
  0x02, 0x00, 0xa4, 0xbf, 0x80, 0x00, 0x4a, 0xdc, 0x63, 0x00, 0x7c, 0xf5, 0xc8, 0x00, 0x51, 0xdc,
  0x00, 0x00, 0x7c, 0x0d, 0x80, 0x00, 0x10, 0xca, 0x80, 0x00, 0x62, 0x61, 0xf7, 0x03, 0x89, 0xbf,
  0x81, 0x1a, 0x9a, 0x7c, 0x02, 0x00, 0xa4, 0xbf, 0x80, 0x00, 0x4a, 0xdc, 0x65, 0x00, 0x7c, 0x62,
  0xcc, 0x00, 0x51, 0xdc, 0x00, 0x00, 0x7c, 0x0d, 0xf7, 0x03, 0x89, 0xbf, 0x81, 0x1a, 0x9a, 0x7c,
  0x02, 0x00, 0xa4, 0xbf, 0x80, 0x00, 0x4a, 0xdc, 0x67, 0x00, 0x7c, 0x61, 0xd0, 0x00, 0x51, 0xdc,
  0x00, 0x00, 0x7c, 0x0d, 0x80, 0x00, 0x10, 0xca, 0x80, 0x00, 0x64, 0x63, 0xf7, 0x03, 0x89, 0xbf,
  0x81, 0x1a, 0x9a, 0x7c, 0x02, 0x00, 0xa4, 0xbf, 0x80, 0x00, 0x4a, 0xdc, 0x69, 0x00, 0x7c, 0x64,
  0xd4, 0x00, 0x51, 0xdc, 0x00, 0x00, 0x7c, 0x0d, 0xf7, 0x03, 0x89, 0xbf, 0x81, 0x1a, 0x9a, 0x7c,
  0x02, 0x00, 0xa4, 0xbf, 0x80, 0x00, 0x4a, 0xdc, 0x6b, 0x00, 0x7c, 0x63, 0xdc, 0x00, 0x51, 0xdc,
  0x00, 0x00, 0x7c, 0x0d, 0x80, 0x00, 0x10, 0xca, 0x80, 0x00, 0x66, 0x65, 0xf7, 0x03, 0x89, 0xbf,
  0x81, 0x1a, 0x9a, 0x7c, 0x02, 0x00, 0xa4, 0xbf, 0x80, 0x00, 0x4a, 0xdc, 0x6d, 0x00, 0x7c, 0x66,
  0xe0, 0x00, 0x51, 0xdc, 0x00, 0x00, 0x7c, 0x0d, 0xf7, 0x03, 0x89, 0xbf, 0x81, 0x1a, 0x9a, 0x7c,
  0x02, 0x00, 0xa4, 0xbf, 0x80, 0x00, 0x4a, 0xdc, 0x6f, 0x00, 0x7c, 0x65, 0xe4, 0x00, 0x51, 0xdc,
  0x00, 0x00, 0x7c, 0x0d, 0x80, 0x00, 0x10, 0xca, 0x80, 0x00, 0x68, 0x67, 0xf7, 0x03, 0x89, 0xbf,
  0x81, 0x1a, 0x9a, 0x7c, 0x02, 0x00, 0xa4, 0xbf, 0x80, 0x00, 0x4a, 0xdc, 0x71, 0x00, 0x7c, 0x68,
  0xe8, 0x00, 0x51, 0xdc, 0x00, 0x00, 0x7c, 0x0d, 0xf7, 0x03, 0x89, 0xbf, 0x81, 0x1a, 0x9a, 0x7c,
  0x02, 0x00, 0xa4, 0xbf, 0x80, 0x00, 0x4a, 0xdc, 0xdb, 0x00, 0x7c, 0x67, 0xec, 0x00, 0x51, 0xdc,
  0x00, 0x00, 0x7c, 0x0d, 0x80, 0x00, 0x10, 0xca, 0x80, 0x00, 0x6a, 0x69, 0xf7, 0x03, 0x89, 0xbf,
  0x81, 0x1a, 0x9a, 0x7c, 0x02, 0x00, 0xa4, 0xbf, 0x80, 0x00, 0x4a, 0xdc, 0x75, 0x00, 0x7c, 0x6a,
  0xf4, 0x00, 0x51, 0xdc, 0x00, 0x00, 0x7c, 0x0d, 0xf7, 0x03, 0x89, 0xbf, 0x81, 0x1a, 0x9a, 0x7c,
  0x02, 0x00, 0xa4, 0xbf, 0x80, 0x00, 0x4a, 0xdc, 0x77, 0x00, 0x7c, 0x69, 0xf8, 0x00, 0x51, 0xdc,
  0x00, 0x00, 0x7c, 0x0d, 0x80, 0x00, 0x10, 0xca, 0x80, 0x00, 0x6c, 0x6b, 0xf7, 0x03, 0x89, 0xbf,
  0x81, 0x1a, 0x9a, 0x7c, 0x02, 0x00, 0xa4, 0xbf, 0x80, 0x00, 0x4a, 0xdc, 0x79, 0x00, 0x7c, 0x6c,
  0x00, 0x01, 0x51, 0xdc, 0x00, 0x00, 0x7c, 0x0d, 0xf7, 0x03, 0x89, 0xbf, 0x81, 0x1a, 0x9a, 0x7c,
  0x02, 0x00, 0xa4, 0xbf, 0x80, 0x00, 0x4a, 0xdc, 0x7b, 0x00, 0x7c, 0x6b, 0x04, 0x01, 0x51, 0xdc,
  0x00, 0x00, 0x7c, 0x0d, 0x80, 0x00, 0x10, 0xca, 0x80, 0x00, 0x6e, 0x6d, 0xf7, 0x03, 0x89, 0xbf,
  0x81, 0x1a, 0x9a, 0x7c, 0x02, 0x00, 0xa4, 0xbf, 0x80, 0x00, 0x4a, 0xdc, 0x7d, 0x00, 0x7c, 0x6e,
  0x08, 0x01, 0x51, 0xdc, 0x00, 0x00, 0x7c, 0x0d, 0xf7, 0x03, 0x89, 0xbf, 0x81, 0x1a, 0x9a, 0x7c,
  0x02, 0x00, 0xa4, 0xbf, 0x80, 0x00, 0x4a, 0xdc, 0x7f, 0x00, 0x7c, 0x6d, 0xfc, 0x00, 0x51, 0xdc,
  0x00, 0x00, 0x7c, 0x0d, 0x80, 0x00, 0x10, 0xca, 0x80, 0x00, 0x70, 0x6f, 0xf7, 0x03, 0x89, 0xbf,
  0x81, 0x1a, 0x9a, 0x7c, 0x02, 0x00, 0xa4, 0xbf, 0x80, 0x00, 0x4a, 0xdc, 0xca, 0x00, 0x7c, 0x70,
  0xd8, 0x00, 0x51, 0xdc, 0x00, 0x00, 0x7c, 0x0d, 0xf7, 0x03, 0x89, 0xbf, 0x81, 0x1a, 0x9a, 0x7c,
  0x02, 0x00, 0xa4, 0xbf, 0x80, 0x00, 0x4a, 0xdc, 0xcc, 0x00, 0x7c, 0x6f, 0x01, 0x00, 0x85, 0xbf,
  0x4c, 0x03, 0x69, 0xdc, 0x00, 0x23, 0x7c, 0x00, 0x50, 0x03, 0x69, 0xdc, 0x00, 0x74, 0x7c, 0x00,
  0xb8, 0x00, 0x51, 0xdc, 0x00, 0x00, 0x7c, 0x0d, 0x9e, 0x11, 0x04, 0xf4, 0x20, 0x00, 0x00, 0xf8,
  0x80, 0x00, 0x10, 0xca, 0x80, 0x00, 0x72, 0x71, 0x01, 0x00, 0x85, 0xbf, 0xf0, 0x02, 0x75, 0xdc,
  0x00, 0xd2, 0x7c, 0x00, 0x00, 0x03, 0x75, 0xdc, 0x00, 0xd6, 0x7c, 0x00, 0xf7, 0x03, 0x89, 0xbf,
  0x81, 0x1a, 0x9a, 0x7c, 0x02, 0x00, 0xa4, 0xbf, 0x80, 0x00, 0x4a, 0xdc, 0xce, 0x00, 0x7c, 0x72,
  0x0c, 0x00, 0x85, 0xbf, 0xec, 0x04, 0x69, 0xdc, 0x00, 0x21, 0x7c, 0x00, 0xe4, 0x04, 0x69, 0xdc,
  0x00, 0x20, 0x7c, 0x00, 0xdc, 0x04, 0x69, 0xdc, 0x00, 0x1f, 0x7c, 0x00, 0xd4, 0x04, 0x69, 0xdc,
  0x00, 0x1e, 0x7c, 0x00, 0xcc, 0x04, 0x69, 0xdc, 0x00, 0x1d, 0x7c, 0x00, 0xc4, 0x04, 0x69, 0xdc,
  0x00, 0x1c, 0x7c, 0x00, 0xbc, 0x04, 0x69, 0xdc, 0x00, 0x1b, 0x7c, 0x00, 0xb4, 0x04, 0x69, 0xdc,
  0x00, 0x1a, 0x7c, 0x00, 0xac, 0x04, 0x69, 0xdc, 0x00, 0x19, 0x7c, 0x00, 0x94, 0x04, 0x69, 0xdc,
  0x00, 0x14, 0x7c, 0x00, 0x78, 0x03, 0x69, 0xdc, 0x00, 0x13, 0x7c, 0x00, 0x48, 0x03, 0x69, 0xdc,
  0x00, 0xe0, 0x7c, 0x00, 0x54, 0x03, 0x69, 0xdc, 0x00, 0xda, 0x7c, 0x00, 0x81, 0xb4, 0x9b, 0x7c,
  0x03, 0x00, 0x85, 0xbf, 0x58, 0x03, 0x5d, 0xdc, 0x00, 0x00, 0x7c, 0xd9, 0x10, 0x03, 0x5d, 0xdc,
  0x00, 0x00, 0x7c, 0xc1, 0x20, 0x03, 0x5d, 0xdc, 0x00, 0x00, 0x7c, 0xc5, 0x30, 0x03, 0x5d, 0xdc,
  0x00, 0x00, 0x7c, 0xc9, 0x12, 0x01, 0x10, 0xca, 0x11, 0x01, 0x7e, 0x7d, 0x10, 0x01, 0x10, 0xca,
  0x0f, 0x01, 0x80, 0x7f, 0x0e, 0x01, 0x10, 0xca, 0x17, 0x01, 0xd8, 0xd5, 0xdd, 0x01, 0x10, 0xca,
  0xde, 0x01, 0x7a, 0xd6, 0xdf, 0x01, 0x24, 0xca, 0x8f, 0x00, 0xd6, 0x7c, 0x02, 0x00, 0xa4, 0xbf,
  0x80, 0x00, 0x4a, 0xdc, 0xd0, 0x00, 0x7c, 0x71, 0xa0, 0x00, 0x1a, 0x36, 0x02, 0x00, 0x87, 0xbf,
  0x81, 0xae, 0x1d, 0x30, 0x07, 0x00, 0x89, 0xbf, 0x00, 0x00, 0x7c, 0xbc, 0x00, 0x00, 0xbd, 0xbf,
  0x00, 0x00, 0xac, 0xe0, 0x00, 0x00, 0x00, 0x00, 0x84, 0x00, 0x00, 0x32, 0x13, 0x00, 0x55, 0xd6,
  0x80, 0x1a, 0x3a, 0x04, 0x80, 0x00, 0xd4, 0xbe, 0x46, 0x06, 0x03, 0x80, 0x47, 0x07, 0x02, 0x82,
  0x80, 0x00, 0xf0, 0xd8, 0x13, 0x00, 0x00, 0x0e, 0x00, 0x00, 0xf0, 0xd8, 0x13, 0x00, 0x00, 0x0f,
  0x80, 0x01, 0xf0, 0xd8, 0x13, 0x00, 0x00, 0x10, 0x00, 0x01, 0xf0, 0xd8, 0x13, 0x00, 0x00, 0x11,
  0x80, 0x02, 0xf0, 0xd8, 0x13, 0x00, 0x00, 0x12, 0x00, 0x02, 0xf0, 0xd8, 0x13, 0x00, 0x00, 0x14,
  0x80, 0x03, 0xf0, 0xd8, 0x13, 0x00, 0x00, 0x53, 0x00, 0x03, 0xf0, 0xd8, 0x13, 0x00, 0x00, 0x54,
  0x80, 0x04, 0xf0, 0xd8, 0x13, 0x00, 0x00, 0x56, 0x00, 0x04, 0xf0, 0xd8, 0x13, 0x00, 0x00, 0x57,
  0x80, 0x05, 0xf0, 0xd8, 0x13, 0x00, 0x00, 0x55, 0xc0, 0x03, 0xf0, 0xd8, 0x13, 0x00, 0x00, 0x1b,
  0x40, 0x03, 0xf0, 0xd8, 0x13, 0x00, 0x00, 0x19, 0xc0, 0x02, 0xf0, 0xd8, 0x13, 0x00, 0x00, 0x1d,
  0x40, 0x02, 0xf0, 0xd8, 0x13, 0x00, 0x00, 0x1a, 0xc0, 0x01, 0xf0, 0xd8, 0x13, 0x00, 0x00, 0x1f,
  0x40, 0x01, 0xf0, 0xd8, 0x13, 0x00, 0x00, 0x1c, 0xc0, 0x00, 0xf0, 0xd8, 0x13, 0x00, 0x00, 0x20,
  0x40, 0x00, 0xf0, 0xd8, 0x13, 0x00, 0x00, 0x1e, 0x80, 0x06, 0xf0, 0xd8, 0x13, 0x00, 0x00, 0x23,
  0x80, 0x07, 0xf0, 0xd8, 0x13, 0x00, 0x00, 0x24, 0x00, 0x06, 0xf0, 0xd8, 0x13, 0x00, 0x00, 0x25,
  0x00, 0x07, 0xf0, 0xd8, 0x13, 0x00, 0x00, 0x26, 0x54, 0x00, 0xd5, 0xbe, 0x54, 0x00, 0xd6, 0xbe,
  0x54, 0x00, 0xd7, 0xbe, 0x54, 0x00, 0xd8, 0xbe, 0x54, 0x00, 0xd9, 0xbe, 0x54, 0x00, 0xda, 0xbe,
  0x54, 0x00, 0xdb, 0xbe, 0x37, 0xfc, 0x89, 0xbf, 0x90, 0x46, 0x46, 0x30, 0x90, 0xaa, 0x50, 0x30,
  0x17, 0xfc, 0x89, 0xbf, 0x90, 0x4a, 0x4a, 0x30, 0x07, 0xfc, 0x89, 0xbf, 0x90, 0x4c, 0x4c, 0x30,
  0x90, 0xa8, 0x42, 0x30, 0xf2, 0x47, 0xc6, 0xc8, 0x04, 0x51, 0x28, 0x23, 0x93, 0x01, 0x87, 0xbf,
  0xf1, 0x4b, 0xc6, 0xc8, 0xf3, 0x4d, 0x26, 0x25, 0x07, 0x43, 0xe2, 0xc8, 0x90, 0x24, 0x12, 0x2f,
  0x90, 0x28, 0x28, 0x30, 0x14, 0x02, 0x87, 0xbf, 0x35, 0x00, 0x10, 0xd6, 0x23, 0x21, 0x05, 0x02,
  0x32, 0x00, 0x10, 0xd6, 0x26, 0x21, 0x05, 0x02, 0x14, 0x02, 0x87, 0xbf, 0x06, 0x25, 0x5a, 0x10,
  0x05, 0x29, 0xe2, 0xc8, 0x90, 0x22, 0x10, 0x2e, 0x90, 0xae, 0x28, 0x30, 0x90, 0xac, 0x24, 0x30,
  0x23, 0x02, 0x87, 0xbf, 0x0b, 0x23, 0xe2, 0xc8, 0x90, 0x1e, 0x0e, 0x2c, 0x32, 0x00, 0x55, 0xd6,
  0x26, 0x65, 0xfe, 0x03, 0xff, 0x7f, 0x00, 0x00, 0x01, 0x29, 0x62, 0x10, 0x44, 0x02, 0x87, 0xbf,
  0x02, 0x25, 0xe2, 0xc8, 0x90, 0xa6, 0x16, 0x30, 0x90, 0x1c, 0x1c, 0x30, 0x09, 0x1f, 0x54, 0x10,
  0x90, 0x64, 0x64, 0x32, 0x08, 0x2f, 0xe2, 0xc8, 0x90, 0x20, 0x10, 0x17, 0x04, 0x00, 0x87, 0xbf,
  0x0a, 0x1d, 0x52, 0x10, 0x26, 0x4d, 0x2e, 0x7c, 0x34, 0x00, 0x10, 0xd6, 0x25, 0x21, 0x05, 0x02,
  0x35, 0x00, 0x55, 0xd6, 0x23, 0x6b, 0xfe, 0x03, 0xff, 0x7f, 0x00, 0x00, 0x0c, 0x21, 0x56, 0x10,
  0x00, 0x05, 0xf0, 0xd8, 0x13, 0x00, 0x00, 0x27, 0xc0, 0x05, 0xf0, 0xd8, 0x13, 0x00, 0x00, 0x11,
  0x40, 0x05, 0xf0, 0xd8, 0x13, 0x00, 0x00, 0x10, 0xc0, 0x04, 0xf0, 0xd8, 0x13, 0x00, 0x00, 0x0f,
  0x40, 0x04, 0xf0, 0xd8, 0x13, 0x00, 0x00, 0x0e, 0xc0, 0x07, 0xf0, 0xd8, 0x13, 0x00, 0x00, 0x22,
  0x40, 0x07, 0xf0, 0xd8, 0x13, 0x00, 0x00, 0x12, 0xc0, 0x06, 0xf0, 0xd8, 0x13, 0x00, 0x00, 0x14,
  0x40, 0x06, 0xf0, 0xd8, 0x13, 0x00, 0x00, 0x21, 0x80, 0x0c, 0xf0, 0xd8, 0x13, 0x00, 0x00, 0x36,
  0x00, 0x0c, 0xf0, 0xd8, 0x13, 0x00, 0x00, 0x37, 0x80, 0x0d, 0xf0, 0xd8, 0x13, 0x00, 0x00, 0x38,
  0x34, 0x00, 0x55, 0xd6, 0x25, 0x69, 0xfe, 0x03, 0xff, 0x7f, 0x00, 0x00, 0x90, 0x6a, 0x6a, 0x32,
  0xff, 0x64, 0x4c, 0x02, 0xff, 0x7f, 0x00, 0x00, 0x43, 0x00, 0x17, 0xd4, 0x30, 0x61, 0x02, 0x00,
  0x44, 0x00, 0x17, 0xd4, 0x2c, 0x59, 0x02, 0x00, 0x90, 0x68, 0x68, 0x32, 0x45, 0x00, 0x17, 0xd4,
  0x2b, 0x57, 0x02, 0x00, 0x81, 0x1a, 0x1a, 0x32, 0xb7, 0xfc, 0x89, 0xbf, 0x90, 0x4e, 0x4e, 0x30,
  0x90, 0x48, 0x48, 0x30, 0xa7, 0xfc, 0x89, 0xbf, 0x90, 0x22, 0x22, 0x30, 0x87, 0xfc, 0x89, 0xbf,
  0x90, 0x1e, 0x1e, 0x30, 0x00, 0x00, 0x57, 0xd6, 0x00, 0x03, 0x35, 0x04, 0x03, 0x4f, 0xc6, 0xc8,
  0xf4, 0x49, 0x24, 0x27, 0x34, 0xae, 0x1b, 0x38, 0x47, 0xfc, 0x89, 0xbf, 0x90, 0x28, 0x28, 0x30,
  0x90, 0x24, 0x24, 0x30, 0x90, 0x20, 0x20, 0x30, 0x33, 0x00, 0x10, 0xd6, 0x24, 0x21, 0x05, 0x02,
  0x24, 0x49, 0x2e, 0x7c, 0xf2, 0x29, 0x28, 0x10, 0xf3, 0x25, 0x24, 0x10, 0x03, 0x21, 0x20, 0x10,
  0x33, 0x00, 0x55, 0xd6, 0x24, 0x67, 0xfe, 0x03, 0xff, 0x7f, 0x00, 0x00, 0x90, 0x1c, 0x1c, 0x30,
  0x12, 0x01, 0x87, 0xbf, 0x90, 0x66, 0x66, 0x32, 0x01, 0x1d, 0x1c, 0x10, 0x02, 0x00, 0x87, 0xbf,
  0xff, 0x66, 0x64, 0x02, 0xff, 0x7f, 0x00, 0x00, 0x25, 0x4b, 0x2e, 0x7c, 0xff, 0x68, 0x4a, 0x02,
  0xff, 0x7f, 0x00, 0x00, 0x23, 0x47, 0x2e, 0x7c, 0x00, 0x0d, 0xf0, 0xd8, 0x13, 0x00, 0x00, 0x34,
  0xc0, 0x0d, 0xf0, 0xd8, 0x13, 0x00, 0x00, 0x53, 0x40, 0x0d, 0xf0, 0xd8, 0x13, 0x00, 0x00, 0x23,
  0xc0, 0x0c, 0xf0, 0xd8, 0x13, 0x00, 0x00, 0x54, 0x40, 0x0c, 0xf0, 0xd8, 0x13, 0x00, 0x00, 0x24,
  0xff, 0x6a, 0x66, 0x02, 0xff, 0x7f, 0x00, 0x00, 0x77, 0xfc, 0x89, 0xbf, 0x90, 0x6c, 0x6a, 0x30,
  0x36, 0x00, 0x10, 0xd6, 0x27, 0x21, 0x05, 0x02, 0x88, 0x00, 0x44, 0xd6, 0x32, 0x4d, 0xfe, 0x03,
  0x00, 0x01, 0x04, 0x05, 0x67, 0xfc, 0x89, 0xbf, 0x90, 0x6e, 0x64, 0x30, 0x87, 0x00, 0x44, 0xd6,
  0x33, 0x4b, 0xfe, 0x03, 0x00, 0x01, 0x04, 0x05, 0x25, 0x00, 0x10, 0xd6, 0x28, 0x21, 0x05, 0x02,
  0x33, 0x00, 0x55, 0xd6, 0x27, 0x6d, 0xfe, 0x03, 0xff, 0x7f, 0x00, 0x00, 0x36, 0x00, 0x10, 0xd6,
  0x30, 0x21, 0x05, 0x02, 0x27, 0x4f, 0x2e, 0x7c, 0x26, 0x00, 0x10, 0xd6, 0x31, 0x21, 0x05, 0x02,
  0x25, 0x00, 0x55, 0xd6, 0x28, 0x4b, 0xfe, 0x03, 0xff, 0x7f, 0x00, 0x00, 0x90, 0x66, 0x66, 0x32,
  0x36, 0x00, 0x55, 0xd6, 0x30, 0x6d, 0xfe, 0x03, 0xff, 0x7f, 0x00, 0x00, 0x57, 0xfc, 0x89, 0xbf,
  0xe5, 0x65, 0xe2, 0xc8, 0x90, 0x70, 0x36, 0x32, 0x90, 0x4a, 0x4a, 0x32, 0xff, 0x66, 0x4e, 0x02,
  0xff, 0x7f, 0x00, 0x00, 0x28, 0x51, 0x2e, 0x7c, 0x26, 0x00, 0x55, 0xd6, 0x31, 0x4d, 0xfe, 0x03,
  0xff, 0x7f, 0x00, 0x00, 0x28, 0x00, 0x10, 0xd6, 0x2f, 0x21, 0x05, 0x02, 0xff, 0x4a, 0x4a, 0x02,
  0xff, 0x7f, 0x00, 0x00, 0x31, 0x63, 0x2e, 0x7c, 0x90, 0x6c, 0x62, 0x32, 0x80, 0x0e, 0xf0, 0xd8,
  0x13, 0x00, 0x00, 0x30, 0x00, 0x0e, 0xf0, 0xd8, 0x13, 0x00, 0x00, 0x33, 0x80, 0x0f, 0xf0, 0xd8,
  0x13, 0x00, 0x00, 0x36, 0x00, 0x0f, 0xf0, 0xd8, 0x13, 0x00, 0x00, 0x38, 0x90, 0x4c, 0x4c, 0x32,
  0x01, 0x00, 0x87, 0xbf, 0xff, 0x4c, 0x4c, 0x02, 0xff, 0x7f, 0x00, 0x00, 0x2f, 0x5f, 0x2e, 0x7c,
  0x17, 0xfc, 0x89, 0xbf, 0x90, 0x6c, 0x6c, 0x30, 0x86, 0x00, 0x44, 0xd6, 0x25, 0x4f, 0xfe, 0x03,
  0x00, 0x01, 0x04, 0x05, 0x25, 0x00, 0x10, 0xd6, 0x17, 0x21, 0x05, 0x02, 0x27, 0x00, 0x55, 0xd6,
  0x2f, 0x51, 0xfe, 0x03, 0xff, 0x7f, 0x00, 0x00, 0x2f, 0x00, 0x10, 0xd6, 0x2e, 0x21, 0x05, 0x02,
  0xe4, 0x6d, 0x6c, 0x10, 0x28, 0x00, 0x01, 0xd5, 0xff, 0x62, 0x0e, 0x01, 0xff, 0x7f, 0x00, 0x00,
  0x25, 0x00, 0x55, 0xd6, 0x17, 0x4b, 0xfe, 0x03, 0xff, 0x7f, 0x00, 0x00, 0x90, 0x4e, 0x4e, 0x32,
  0x2f, 0x00, 0x55, 0xd6, 0x2e, 0x5f, 0xfe, 0x03, 0xff, 0x7f, 0x00, 0x00, 0xe8, 0x6f, 0xe2, 0xc8,
  0x90, 0x68, 0x30, 0x34, 0x14, 0x02, 0x87, 0xbf, 0x90, 0x4a, 0x4a, 0x32, 0xff, 0x4e, 0x4e, 0x02,
  0xff, 0x7f, 0x00, 0x00, 0x17, 0x2f, 0x2e, 0x7c, 0x43, 0x00, 0x17, 0xd4, 0x2d, 0x5b, 0x02, 0x00,
  0x07, 0xfc, 0x89, 0xbf, 0x90, 0x70, 0x6e, 0x30, 0x90, 0x5e, 0x5e, 0x32, 0x85, 0x00, 0x44, 0xd6,
  0x28, 0x4d, 0xfe, 0x03, 0x00, 0x01, 0x04, 0x05, 0xff, 0x4a, 0x2e, 0x02, 0xff, 0x7f, 0x00, 0x00,
  0x2e, 0x5d, 0x2e, 0x7c, 0x2e, 0x00, 0x10, 0xd6, 0x2c, 0x21, 0x05, 0x02, 0xe3, 0x6f, 0x6e, 0x10,
  0x04, 0x00, 0x87, 0xbf, 0x84, 0x00, 0x44, 0xd6, 0x17, 0x4f, 0xfe, 0x03, 0x00, 0x01, 0x04, 0x05,
  0x90, 0x60, 0x2e, 0x30, 0x30, 0x00, 0x10, 0xd6, 0x2d, 0x21, 0x05, 0x02, 0x2e, 0x00, 0x55, 0xd6,
  0x2c, 0x5d, 0xfe, 0x03, 0xff, 0x7f, 0x00, 0x00, 0x2c, 0x00, 0x10, 0xd6, 0x2a, 0x21, 0x05, 0x02,
  0xff, 0x5e, 0x5e, 0x02, 0xff, 0x7f, 0x00, 0x00, 0x2a, 0x55, 0x2e, 0x7c, 0x30, 0x00, 0x55, 0xd6,
  0x2d, 0x61, 0xfe, 0x03, 0xff, 0x7f, 0x00, 0x00, 0x2d, 0x00, 0x10, 0xd6, 0x2b, 0x21, 0x05, 0x02,
  0x2c, 0x00, 0x55, 0xd6, 0x2a, 0x59, 0xfe, 0x03, 0xff, 0x7f, 0x00, 0x00, 0xe2, 0x2f, 0x2e, 0x10,
  0x90, 0x5c, 0x5c, 0x32, 0x90, 0x60, 0x60, 0x32, 0x2d, 0x00, 0x55, 0xd6, 0x2b, 0x5b, 0xfe, 0x03,
  0xff, 0x7f, 0x00, 0x00, 0x2b, 0x00, 0x10, 0xd6, 0x29, 0x21, 0x05, 0x02, 0x90, 0x58, 0x58, 0x32,
  0x90, 0x66, 0x66, 0x30, 0x30, 0x00, 0x01, 0xd5, 0xff, 0x60, 0x0e, 0x01, 0xff, 0x7f, 0x00, 0x00,
  0x43, 0x00, 0x17, 0xd4, 0x29, 0x53, 0x02, 0x00, 0x2a, 0x00, 0x55, 0xd6, 0x29, 0x57, 0xfe, 0x03,
  0xff, 0x7f, 0x00, 0x00, 0x2b, 0x00, 0x10, 0xd6, 0x37, 0x21, 0x05, 0x02, 0xff, 0x58, 0x46, 0xca,
  0xe1, 0x67, 0x32, 0x2c, 0xff, 0x7f, 0x00, 0x00, 0x83, 0x00, 0x44, 0xd6, 0x30, 0x5f, 0xfe, 0x03,
  0x00, 0x01, 0x04, 0x05, 0x2f, 0x00, 0x10, 0xd6, 0x36, 0x21, 0x05, 0x02, 0x04, 0x00, 0x87, 0xbf,
  0x29, 0x00, 0x55, 0xd6, 0x37, 0x57, 0xfe, 0x03, 0xff, 0x7f, 0x00, 0x00, 0x37, 0x6f, 0x2e, 0x7c,
  0x30, 0x00, 0x10, 0xd6, 0x33, 0x21, 0x05, 0x02, 0x90, 0x5a, 0x5a, 0x32, 0x2b, 0x00, 0x55, 0xd6,
  0x36, 0x5f, 0xfe, 0x03, 0xff, 0x7f, 0x00, 0x00, 0x90, 0x52, 0x52, 0x32, 0x2f, 0x00, 0x10, 0xd6,
  0x17, 0x21, 0x05, 0x02, 0x30, 0x00, 0x55, 0xd6, 0x33, 0x61, 0xfe, 0x03, 0xff, 0x7f, 0x00, 0x00,
  0x90, 0x54, 0x54, 0x32, 0x90, 0x56, 0x56, 0x32, 0xff, 0x52, 0x52, 0x02, 0xff, 0x7f, 0x00, 0x00,
  0x36, 0x6d, 0x2e, 0x7c, 0x2f, 0x00, 0x55, 0xd6, 0x17, 0x5f, 0xfe, 0x03, 0xff, 0x7f, 0x00, 0x00,
  0x90, 0x60, 0x60, 0x32, 0x2e, 0x00, 0x01, 0xd5, 0xff, 0x5c, 0x12, 0x01, 0xff, 0x7f, 0x00, 0x00,
  0x2d, 0x00, 0x01, 0xd5, 0xff, 0x5a, 0x16, 0x01, 0xff, 0x7f, 0x00, 0x00, 0xff, 0x56, 0x56, 0x02,
  0xff, 0x7f, 0x00, 0x00, 0x33, 0x67, 0x2e, 0x7c, 0xe7, 0x63, 0x62, 0x10, 0x90, 0x5e, 0x5e, 0x32,
  0x2a, 0x00, 0x01, 0xd5, 0xff, 0x54, 0x0e, 0x01, 0xff, 0x7f, 0x00, 0x00, 0x82, 0x00, 0x44, 0xd6,
  0x2d, 0x5d, 0xfe, 0x03, 0x00, 0x01, 0x04, 0x05, 0xff, 0x60, 0x60, 0x02, 0xff, 0x7f, 0x00, 0x00,
  0x17, 0x2f, 0x2e, 0x7c, 0x2d, 0x00, 0x10, 0xd6, 0x31, 0x21, 0x05, 0x02, 0xc0, 0x0f, 0xf0, 0xd8,
  0x13, 0x00, 0x00, 0x28, 0x40, 0x0f, 0xf0, 0xd8, 0x13, 0x00, 0x00, 0x25, 0xc0, 0x0e, 0xf0, 0xd8,
  0x13, 0x00, 0x00, 0x26, 0x40, 0x0e, 0xf0, 0xd8, 0x13, 0x00, 0x00, 0x27, 0x81, 0x00, 0x44, 0xd6,
  0x2a, 0x59, 0xfe, 0x03, 0x00, 0x01, 0x04, 0x05, 0x2a, 0x00, 0x10, 0xd6, 0x34, 0x21, 0x05, 0x02,
  0xff, 0x5e, 0x2e, 0x02, 0xff, 0x7f, 0x00, 0x00, 0x00, 0x0b, 0xf0, 0xd8, 0x13, 0x00, 0x00, 0x2c,
  0x80, 0x0b, 0xf0, 0xd8, 0x13, 0x00, 0x00, 0x2e, 0x90, 0x00, 0x44, 0xd6, 0x2b, 0x53, 0xfe, 0x03,
  0x00, 0x01, 0x04, 0x05, 0x29, 0x00, 0x55, 0xd6, 0x34, 0x55, 0xfe, 0x03, 0xff, 0x7f, 0x00, 0x00,
  0x8f, 0x00, 0x44, 0xd6, 0x17, 0x61, 0xfe, 0x03, 0x00, 0x01, 0x04, 0x05, 0x17, 0x00, 0x55, 0xd6,
  0x31, 0x5b, 0xfe, 0x03, 0xff, 0x7f, 0x00, 0x00, 0xe6, 0x6b, 0x5a, 0x10, 0x2a, 0x00, 0x10, 0xd6,
  0x32, 0x21, 0x05, 0x02, 0x31, 0x63, 0x2e, 0x7c, 0x90, 0x52, 0x52, 0x32, 0x90, 0x2e, 0x2e, 0x32,
  0x2b, 0x00, 0x10, 0xd6, 0x2d, 0x21, 0x05, 0x02, 0x2a, 0x00, 0x55, 0xd6, 0x32, 0x55, 0xfe, 0x03,
  0xff, 0x7f, 0x00, 0x00, 0xa3, 0x01, 0x87, 0xbf, 0xff, 0x2e, 0x2e, 0x02, 0xff, 0x7f, 0x00, 0x00,
  0x34, 0x69, 0x2e, 0x7c, 0x90, 0x54, 0x5e, 0x32, 0x30, 0x00, 0x55, 0xd6, 0x2d, 0x57, 0xfe, 0x03,
  0xff, 0x7f, 0x00, 0x00, 0xff, 0x52, 0x52, 0x02, 0xff, 0x7f, 0x00, 0x00, 0x32, 0x65, 0x2e, 0x7c,
  0x07, 0xfc, 0x89, 0xbf, 0x90, 0x5c, 0x5c, 0x30, 0x03, 0x00, 0x87, 0xbf, 0x8e, 0x00, 0x44, 0xd6,
  0x29, 0x2f, 0xfe, 0x03, 0x00, 0x01, 0x04, 0x05, 0x90, 0x58, 0x2e, 0x30, 0x90, 0x60, 0x58, 0x32,
  0xff, 0x5e, 0x5e, 0x02, 0xff, 0x7f, 0x00, 0x00, 0x2d, 0x5b, 0x2e, 0x7c, 0xc0, 0x0b, 0xf0, 0xd8,
  0x13, 0x00, 0x00, 0x2a, 0x40, 0x0b, 0xf0, 0xd8, 0x13, 0x00, 0x00, 0x29, 0xc0, 0x0a, 0xf0, 0xd8,
  0x13, 0x00, 0x00, 0x2b, 0xeb, 0x2f, 0x2e, 0x10, 0x80, 0x0a, 0xf0, 0xd8, 0x13, 0x00, 0x00, 0x30,
  0xff, 0x58, 0x58, 0x02, 0xff, 0x7f, 0x00, 0x00, 0x2d, 0x00, 0x10, 0xd6, 0x17, 0x21, 0x05, 0x02,
  0x17, 0x2f, 0x2e, 0x7c, 0x43, 0x01, 0x87, 0xbf, 0x8d, 0x00, 0x44, 0xd6, 0x2c, 0x5f, 0xfe, 0x03,
  0x00, 0x01, 0x04, 0x05, 0x00, 0x0a, 0xf0, 0xd8, 0x13, 0x00, 0x00, 0x2f, 0x2c, 0x00, 0x55, 0xd6,
  0x17, 0x5b, 0xfe, 0x03, 0xff, 0x7f, 0x00, 0x00, 0xec, 0x5d, 0x5a, 0x10, 0x90, 0x58, 0x5c, 0x32,
  0xd2, 0x00, 0x87, 0xbf, 0x17, 0x00, 0x10, 0xd6, 0x2d, 0x21, 0x05, 0x02, 0x43, 0x00, 0x17, 0xd4,
  0x2d, 0x5b, 0x02, 0x00, 0x40, 0x0a, 0xf0, 0xd8, 0x13, 0x00, 0x00, 0x2c, 0xff, 0x5c, 0x5c, 0x02,
  0xff, 0x7f, 0x00, 0x00, 0x17, 0x00, 0x55, 0xd6, 0x2d, 0x2f, 0xfe, 0x03, 0xff, 0x7f, 0x00, 0x00,
  0x90, 0x2e, 0x2e, 0x32, 0x17, 0xfc, 0x89, 0xbf, 0x90, 0x5e, 0x5a, 0x30, 0x90, 0x60, 0x5e, 0x30,
  0xd3, 0x01, 0x87, 0xbf, 0x17, 0x00, 0x01, 0xd5, 0xff, 0x2e, 0x0e, 0x01, 0xff, 0x7f, 0x00, 0x00,
  0x80, 0x09, 0xf0, 0xd8, 0x13, 0x00, 0x00, 0x30, 0xe9, 0x5b, 0x5a, 0x10, 0x8c, 0x00, 0x44, 0xd6,
  0x17, 0x5d, 0xfe, 0x03, 0x00, 0x01, 0x04, 0x05, 0xea, 0x5f, 0x5c, 0x10, 0x17, 0x00, 0x10, 0xd6,
  0x2d, 0x21, 0x05, 0x02, 0x2d, 0x5b, 0x2e, 0x7c, 0x93, 0x01, 0x87, 0xbf, 0x2f, 0x00, 0x10, 0xd6,
  0x2e, 0x21, 0x05, 0x02, 0x17, 0x00, 0x55, 0xd6, 0x2d, 0x2f, 0xfe, 0x03, 0xff, 0x7f, 0x00, 0x00,
  0x12, 0x01, 0x87, 0xbf, 0x2d, 0x00, 0x55, 0xd6, 0x2e, 0x5f, 0xfe, 0x03, 0xff, 0x7f, 0x00, 0x00,
  0x90, 0x2e, 0x2e, 0x32, 0x12, 0x01, 0x87, 0xbf, 0x90, 0x5a, 0x5a, 0x32, 0xff, 0x2e, 0x2e, 0x02,
  0xff, 0x7f, 0x00, 0x00, 0x2e, 0x5d, 0x2e, 0x7c, 0x93, 0x00, 0x87, 0xbf, 0xff, 0x5a, 0x5a, 0x02,
  0xff, 0x7f, 0x00, 0x00, 0x8b, 0x00, 0x44, 0xd6, 0x2d, 0x2f, 0xfe, 0x03, 0x00, 0x01, 0x04, 0x05,
  0x07, 0xfc, 0x89, 0xbf, 0x90, 0x60, 0x2e, 0x30, 0xc0, 0x09, 0xf0, 0xd8, 0x13, 0x00, 0x00, 0x2d,
  0x40, 0x09, 0xf0, 0xd8, 0x13, 0x00, 0x00, 0x55, 0xf0, 0x2f, 0x2e, 0x10, 0x21, 0x01, 0x87, 0xbf,
  0x2e, 0x00, 0x10, 0xd6, 0x17, 0x21, 0x05, 0x02, 0x17, 0x2f, 0x2e, 0x7c, 0x2e, 0x00, 0x55, 0xd6,
  0x17, 0x5d, 0xfe, 0x03, 0xff, 0x7f, 0x00, 0x00, 0x01, 0x00, 0x87, 0xbf, 0x90, 0x5c, 0x5e, 0x32,
  0x00, 0x09, 0xf0, 0xd8, 0x13, 0x00, 0x00, 0x17, 0xc0, 0x08, 0xf0, 0xd8, 0x13, 0x00, 0x00, 0x2e,
  0xff, 0x5e, 0x5e, 0x02, 0xff, 0x7f, 0x00, 0x00, 0x17, 0xfc, 0x89, 0xbf, 0x90, 0x2e, 0x2e, 0x30,
  0x91, 0x00, 0x87, 0xbf, 0xef, 0x2f, 0x2e, 0x10, 0x30, 0x00, 0x10, 0xd6, 0x17, 0x21, 0x05, 0x02,
  0x43, 0x00, 0x17, 0xd4, 0x17, 0x2f, 0x02, 0x00, 0x92, 0x00, 0x87, 0xbf, 0x30, 0x00, 0x55, 0xd6,
  0x17, 0x61, 0xfe, 0x03, 0xff, 0x7f, 0x00, 0x00, 0x90, 0x60, 0x60, 0x32, 0x91, 0x00, 0x87, 0xbf,
  0x17, 0x00, 0x01, 0xd5, 0xff, 0x60, 0x0e, 0x01, 0xff, 0x7f, 0x00, 0x00, 0x8a, 0x00, 0x44, 0xd6,
  0x2f, 0x2f, 0xfe, 0x03, 0x00, 0x01, 0x04, 0x05, 0x80, 0x08, 0xf0, 0xd8, 0x13, 0x00, 0x00, 0x17,
  0x40, 0x08, 0xf0, 0xd8, 0x13, 0x00, 0x00, 0x2f, 0x17, 0xfc, 0x89, 0xbf, 0x90, 0x2e, 0x2e, 0x30,
  0x91, 0x00, 0x87, 0xbf, 0xee, 0x2f, 0x2e, 0x10, 0x30, 0x00, 0x10, 0xd6, 0x17, 0x21, 0x05, 0x02,
  0x17, 0x2f, 0x2e, 0x7c, 0xc2, 0x00, 0x87, 0xbf, 0x30, 0x00, 0x55, 0xd6, 0x17, 0x61, 0xfe, 0x03,
  0xff, 0x7f, 0x00, 0x00, 0x00, 0x08, 0xf0, 0xd8, 0x13, 0x00, 0x00, 0x17, 0x90, 0x60, 0x60, 0x32,
  0x07, 0xfc, 0x89, 0xbf, 0xff, 0x60, 0x62, 0xca, 0x90, 0x2e, 0x16, 0x30, 0xff, 0x7f, 0x00, 0x00,
  0x91, 0x00, 0x87, 0xbf, 0xed, 0x2f, 0x2e, 0x10, 0x31, 0x00, 0x10, 0xd6, 0x17, 0x21, 0x05, 0x02,
  0x43, 0x00, 0x17, 0xd4, 0x17, 0x2f, 0x02, 0x00, 0x92, 0x00, 0x87, 0xbf, 0x31, 0x00, 0x55, 0xd6,
  0x17, 0x63, 0xfe, 0x03, 0xff, 0x7f, 0x00, 0x00, 0x90, 0x62, 0x62, 0x32, 0x91, 0x00, 0x87, 0xbf,
  0x17, 0x00, 0x01, 0xd5, 0xff, 0x62, 0x0e, 0x01, 0xff, 0x7f, 0x00, 0x00, 0x89, 0x00, 0x44, 0xd6,
  0x30, 0x2f, 0xfe, 0x03, 0x00, 0x01, 0x04, 0x05, 0x80, 0x17, 0xf0, 0xd8, 0x13, 0x00, 0x00, 0x17,
  0xc0, 0x17, 0xf0, 0xd8, 0x13, 0x00, 0x00, 0x31, 0x40, 0x17, 0xf0, 0xd8, 0x13, 0x00, 0x00, 0x30,
  0x00, 0x00, 0x5d, 0xdc, 0x00, 0x00, 0x7c, 0x49, 0x27, 0xfc, 0x89, 0xbf, 0x90, 0x2e, 0x2e, 0x30,
  0xf7, 0x03, 0x89, 0xbf, 0x91, 0x00, 0x87, 0xbf, 0x4c, 0x2f, 0x2e, 0x10, 0x32, 0x00, 0x10, 0xd6,
  0x17, 0x21, 0x05, 0x02, 0x17, 0x2f, 0x2e, 0x7c, 0x92, 0x00, 0x87, 0xbf, 0x32, 0x00, 0x55, 0xd6,
  0x17, 0x65, 0xfe, 0x03, 0xff, 0x7f, 0x00, 0x00, 0x90, 0x64, 0x68, 0x32, 0x00, 0x16, 0xf0, 0xd8,
  0x13, 0x00, 0x00, 0x17, 0xc0, 0x16, 0xf0, 0xd8, 0x13, 0x00, 0x00, 0x32, 0x40, 0x16, 0xf0, 0xd8,
  0x13, 0x00, 0x00, 0x33, 0x27, 0xfc, 0x89, 0xbf, 0xff, 0x68, 0x62, 0xca, 0x90, 0x2e, 0x16, 0x34,
  0xff, 0x7f, 0x00, 0x00, 0x91, 0x00, 0x87, 0xbf, 0x49, 0x2f, 0x2e, 0x10, 0x35, 0x00, 0x10, 0xd6,
  0x17, 0x21, 0x05, 0x02, 0x43, 0x00, 0x17, 0xd4, 0x17, 0x2f, 0x02, 0x00, 0xb2, 0x00, 0x87, 0xbf,
  0x35, 0x00, 0x55, 0xd6, 0x17, 0x6b, 0xfe, 0x03, 0xff, 0x7f, 0x00, 0x00, 0x80, 0x16, 0xf0, 0xd8,
  0x13, 0x00, 0x00, 0x17, 0x90, 0x6a, 0x6a, 0x32, 0x35, 0x00, 0x01, 0xd5, 0xff, 0x6a, 0x0e, 0x01,
  0xff, 0x7f, 0x00, 0x00, 0x07, 0xfc, 0x89, 0xbf, 0x90, 0x2e, 0x2e, 0x30, 0x91, 0x00, 0x87, 0xbf,
  0x4a, 0x2f, 0x2e, 0x10, 0x36, 0x00, 0x10, 0xd6, 0x17, 0x21, 0x05, 0x02, 0x44, 0x00, 0x17, 0xd4,
  0x17, 0x2f, 0x02, 0x00, 0xb2, 0x00, 0x87, 0xbf, 0x36, 0x00, 0x55, 0xd6, 0x17, 0x6d, 0xfe, 0x03,
  0xff, 0x7f, 0x00, 0x00, 0x00, 0x17, 0xf0, 0xd8, 0x13, 0x00, 0x00, 0x17, 0x90, 0x6c, 0x6c, 0x32,
  0x36, 0x00, 0x01, 0xd5, 0xff, 0x6c, 0x12, 0x01, 0xff, 0x7f, 0x00, 0x00, 0xb1, 0x00, 0x87, 0xbf,
  0x97, 0x00, 0x44, 0xd6, 0x36, 0x6b, 0xfe, 0x03, 0x00, 0x01, 0x04, 0x05, 0x07, 0xfc, 0x89, 0xbf,
  0x90, 0x2e, 0x2e, 0x30, 0x4b, 0x2f, 0x2e, 0x10, 0x21, 0x01, 0x87, 0xbf, 0x37, 0x00, 0x10, 0xd6,
  0x17, 0x21, 0x05, 0x02, 0x45, 0x00, 0x17, 0xd4, 0x17, 0x2f, 0x02, 0x00, 0x37, 0x00, 0x55, 0xd6,
  0x17, 0x6f, 0xfe, 0x03, 0xff, 0x7f, 0x00, 0x00, 0x91, 0x00, 0x87, 0xbf, 0x90, 0x6e, 0x6e, 0x32,
  0x17, 0x00, 0x01, 0xd5, 0xff, 0x6e, 0x16, 0x01, 0xff, 0x7f, 0x00, 0x00, 0x01, 0x00, 0x87, 0xbf,
  0x98, 0x00, 0x44, 0xd6, 0x34, 0x2f, 0xfe, 0x03, 0x00, 0x01, 0x04, 0x05, 0x80, 0x15, 0xf0, 0xd8,
  0x13, 0x00, 0x00, 0x17, 0xc0, 0x15, 0xf0, 0xd8, 0x13, 0x00, 0x00, 0x56, 0x40, 0x15, 0xf0, 0xd8,
  0x13, 0x00, 0x00, 0x34, 0x10, 0x00, 0x5d, 0xdc, 0x00, 0x00, 0x7c, 0x73, 0x27, 0xfc, 0x89, 0xbf,
  0x90, 0x2e, 0x2e, 0x30, 0xf7, 0x03, 0x89, 0xbf, 0x91, 0x00, 0x87, 0xbf, 0x76, 0x2f, 0x2e, 0x10,
  0x35, 0x00, 0x10, 0xd6, 0x17, 0x21, 0x05, 0x02, 0x17, 0x2f, 0x2e, 0x7c, 0xc2, 0x00, 0x87, 0xbf,
  0x35, 0x00, 0x55, 0xd6, 0x17, 0x6b, 0xfe, 0x03, 0xff, 0x7f, 0x00, 0x00, 0x00, 0x15, 0xf0, 0xd8,
  0x13, 0x00, 0x00, 0x17, 0xc0, 0x14, 0xf0, 0xd8, 0x13, 0x00, 0x00, 0x57, 0x90, 0x6a, 0x6a, 0x32,
  0xff, 0x6a, 0x6a, 0x02, 0xff, 0x7f, 0x00, 0x00, 0x17, 0xfc, 0x89, 0xbf, 0x90, 0x2e, 0x2e, 0x30,
  0x91, 0x00, 0x87, 0xbf, 0x75, 0x2f, 0x2e, 0x10, 0x36, 0x00, 0x10, 0xd6, 0x17, 0x21, 0x05, 0x02,
  0x43, 0x00, 0x17, 0xd4, 0x17, 0x2f, 0x02, 0x00, 0x92, 0x00, 0x87, 0xbf, 0x36, 0x00, 0x55, 0xd6,
  0x17, 0x6d, 0xfe, 0x03, 0xff, 0x7f, 0x00, 0x00, 0x90, 0x6c, 0x6c, 0x32, 0x91, 0x00, 0x87, 0xbf,
  0x17, 0x00, 0x01, 0xd5, 0xff, 0x6c, 0x0e, 0x01, 0xff, 0x7f, 0x00, 0x00, 0x96, 0x00, 0x44, 0xd6,
  0x35, 0x2f, 0xfe, 0x03, 0x00, 0x01, 0x04, 0x05, 0x80, 0x14, 0xf0, 0xd8, 0x13, 0x00, 0x00, 0x17,
  0x40, 0x14, 0xf0, 0xd8, 0x13, 0x00, 0x00, 0x58, 0x17, 0xfc, 0x89, 0xbf, 0x90, 0x2e, 0x2e, 0x30,
  0x91, 0x00, 0x87, 0xbf, 0x74, 0x2f, 0x2e, 0x10, 0x35, 0x00, 0x10, 0xd6, 0x17, 0x21, 0x05, 0x02,
  0x17, 0x2f, 0x2e, 0x7c, 0xb2, 0x00, 0x87, 0xbf, 0x35, 0x00, 0x55, 0xd6, 0x17, 0x6b, 0xfe, 0x03,
  0xff, 0x7f, 0x00, 0x00, 0x00, 0x14, 0xf0, 0xd8, 0x13, 0x00, 0x00, 0x17, 0x90, 0x6a, 0x6a, 0x32,
  0xff, 0x6a, 0x6a, 0x02, 0xff, 0x7f, 0x00, 0x00, 0x07, 0xfc, 0x89, 0xbf, 0x90, 0x2e, 0x2e, 0x30,
  0x91, 0x00, 0x87, 0xbf, 0x73, 0x2f, 0x2e, 0x10, 0x36, 0x00, 0x10, 0xd6, 0x17, 0x21, 0x05, 0x02,
  0x43, 0x00, 0x17, 0xd4, 0x17, 0x2f, 0x02, 0x00, 0x92, 0x00, 0x87, 0xbf, 0x36, 0x00, 0x55, 0xd6,
  0x17, 0x6d, 0xfe, 0x03, 0xff, 0x7f, 0x00, 0x00, 0x90, 0x6c, 0x6c, 0x32, 0x91, 0x00, 0x87, 0xbf,
  0x17, 0x00, 0x01, 0xd5, 0xff, 0x6c, 0x0e, 0x01, 0xff, 0x7f, 0x00, 0x00, 0x95, 0x00, 0x44, 0xd6,
  0x35, 0x2f, 0xfe, 0x03, 0x00, 0x01, 0x04, 0x05, 0x80, 0x13, 0xf0, 0xd8, 0x13, 0x00, 0x00, 0x17,
  0xc0, 0x13, 0xf0, 0xd8, 0x13, 0x00, 0x00, 0x36, 0x40, 0x13, 0xf0, 0xd8, 0x13, 0x00, 0x00, 0x35,
  0x20, 0x00, 0x5d, 0xdc, 0x00, 0x00, 0x7c, 0x77, 0x27, 0xfc, 0x89, 0xbf, 0x90, 0x2e, 0x2e, 0x30,
  0xf7, 0x03, 0x89, 0xbf, 0x91, 0x00, 0x87, 0xbf, 0x7a, 0x2f, 0x2e, 0x10, 0x37, 0x00, 0x10, 0xd6,
  0x17, 0x21, 0x05, 0x02, 0x17, 0x2f, 0x2e, 0x7c, 0x92, 0x00, 0x87, 0xbf, 0x37, 0x00, 0x55, 0xd6,
  0x17, 0x6f, 0xfe, 0x03, 0xff, 0x7f, 0x00, 0x00, 0x90, 0x6e, 0x70, 0x32, 0x00, 0x13, 0xf0, 0xd8,
  0x13, 0x00, 0x00, 0x17, 0xc0, 0x12, 0xf0, 0xd8, 0x13, 0x00, 0x00, 0x37, 0x04, 0x23, 0xd2, 0xc8,
  0xff, 0x70, 0x38, 0x11, 0xff, 0x7f, 0x00, 0x00, 0x17, 0xfc, 0x89, 0xbf, 0x90, 0x2e, 0x2e, 0x30,
  0x91, 0x00, 0x87, 0xbf, 0x79, 0x2f, 0x2e, 0x10, 0x39, 0x00, 0x10, 0xd6, 0x17, 0x21, 0x05, 0x02,
  0x43, 0x00, 0x17, 0xd4, 0x17, 0x2f, 0x02, 0x00, 0x92, 0x00, 0x87, 0xbf, 0x39, 0x00, 0x55, 0xd6,
  0x17, 0x73, 0xfe, 0x03, 0xff, 0x7f, 0x00, 0x00, 0x90, 0x72, 0x72, 0x32, 0x91, 0x00, 0x87, 0xbf,
  0x17, 0x00, 0x01, 0xd5, 0xff, 0x72, 0x0e, 0x01, 0xff, 0x7f, 0x00, 0x00, 0x94, 0x00, 0x44, 0xd6,
  0x38, 0x2f, 0xfe, 0x03, 0x00, 0x01, 0x04, 0x05, 0x80, 0x12, 0xf0, 0xd8, 0x13, 0x00, 0x00, 0x17,
  0x40, 0x12, 0xf0, 0xd8, 0x13, 0x00, 0x00, 0x38, 0x17, 0xfc, 0x89, 0xbf, 0x90, 0x2e, 0x2e, 0x30,
  0x91, 0x00, 0x87, 0xbf, 0x78, 0x2f, 0x2e, 0x10, 0x39, 0x00, 0x10, 0xd6, 0x17, 0x21, 0x05, 0x02,
  0x17, 0x2f, 0x2e, 0x7c, 0xb2, 0x00, 0x87, 0xbf, 0x39, 0x00, 0x55, 0xd6, 0x17, 0x73, 0xfe, 0x03,
  0xff, 0x7f, 0x00, 0x00, 0x00, 0x12, 0xf0, 0xd8, 0x13, 0x00, 0x00, 0x17, 0x90, 0x72, 0x72, 0x32,
  0xff, 0x72, 0x72, 0x02, 0xff, 0x7f, 0x00, 0x00, 0x07, 0xfc, 0x89, 0xbf, 0x90, 0x2e, 0x2e, 0x30,
  0x91, 0x00, 0x87, 0xbf, 0x77, 0x2f, 0x2e, 0x10, 0x3a, 0x00, 0x10, 0xd6, 0x17, 0x21, 0x05, 0x02,
  0x43, 0x00, 0x17, 0xd4, 0x17, 0x2f, 0x02, 0x00, 0x92, 0x00, 0x87, 0xbf, 0x3a, 0x00, 0x55, 0xd6,
  0x17, 0x75, 0xfe, 0x03, 0xff, 0x7f, 0x00, 0x00, 0x90, 0x74, 0x74, 0x32, 0x91, 0x00, 0x87, 0xbf,
  0x17, 0x00, 0x01, 0xd5, 0xff, 0x74, 0x0e, 0x01, 0xff, 0x7f, 0x00, 0x00, 0x93, 0x00, 0x44, 0xd6,
  0x39, 0x2f, 0xfe, 0x03, 0x00, 0x01, 0x04, 0x05, 0x80, 0x11, 0xf0, 0xd8, 0x13, 0x00, 0x00, 0x17,
  0xc0, 0x11, 0xf0, 0xd8, 0x13, 0x00, 0x00, 0x5a, 0x40, 0x11, 0xf0, 0xd8, 0x13, 0x00, 0x00, 0x59,
  0x80, 0x03, 0x5d, 0xdc, 0x00, 0x00, 0x7c, 0xdd, 0x27, 0xfc, 0x89, 0xbf, 0x90, 0x2e, 0x2e, 0x30,
  0xf7, 0x03, 0x89, 0xbf, 0x91, 0x00, 0x87, 0xbf, 0xe0, 0x2f, 0x2e, 0x10, 0x39, 0x00, 0x10, 0xd6,
  0x17, 0x21, 0x05, 0x02, 0x17, 0x2f, 0x2e, 0x7c, 0xc2, 0x00, 0x87, 0xbf, 0x39, 0x00, 0x55, 0xd6,
  0x17, 0x73, 0xfe, 0x03, 0xff, 0x7f, 0x00, 0x00, 0x00, 0x11, 0xf0, 0xd8, 0x13, 0x00, 0x00, 0x17,
  0xc0, 0x10, 0xf0, 0xd8, 0x13, 0x00, 0x00, 0x5b, 0x90, 0x72, 0x72, 0x32, 0xff, 0x72, 0x72, 0x02,
  0xff, 0x7f, 0x00, 0x00, 0x17, 0xfc, 0x89, 0xbf, 0x90, 0x2e, 0x2e, 0x30, 0x91, 0x00, 0x87, 0xbf,
  0xdf, 0x2f, 0x2e, 0x10, 0x3a, 0x00, 0x10, 0xd6, 0x17, 0x21, 0x05, 0x02, 0x43, 0x00, 0x17, 0xd4,
  0x17, 0x2f, 0x02, 0x00, 0x92, 0x00, 0x87, 0xbf, 0x3a, 0x00, 0x55, 0xd6, 0x17, 0x75, 0xfe, 0x03,
  0xff, 0x7f, 0x00, 0x00, 0x90, 0x74, 0x74, 0x32, 0x91, 0x00, 0x87, 0xbf, 0x17, 0x00, 0x01, 0xd5,
  0xff, 0x74, 0x0e, 0x01, 0xff, 0x7f, 0x00, 0x00, 0x92, 0x00, 0x44, 0xd6, 0x39, 0x2f, 0xfe, 0x03,
  0x00, 0x01, 0x04, 0x05, 0x80, 0x10, 0xf0, 0xd8, 0x13, 0x00, 0x00, 0x17, 0x40, 0x10, 0xf0, 0xd8,
  0x13, 0x00, 0x00, 0x5c, 0x17, 0xfc, 0x89, 0xbf, 0x90, 0x2e, 0x2e, 0x30, 0x91, 0x00, 0x87, 0xbf,
  0xde, 0x2f, 0x2e, 0x10, 0x39, 0x00, 0x10, 0xd6, 0x17, 0x21, 0x05, 0x02, 0x17, 0x2f, 0x2e, 0x7c,
  0xb2, 0x00, 0x87, 0xbf, 0x39, 0x00, 0x55, 0xd6, 0x17, 0x73, 0xfe, 0x03, 0xff, 0x7f, 0x00, 0x00,
  0x00, 0x10, 0xf0, 0xd8, 0x13, 0x00, 0x00, 0x17, 0x90, 0x72, 0x72, 0x32, 0xff, 0x72, 0x72, 0x02,
  0xff, 0x7f, 0x00, 0x00, 0x07, 0xfc, 0x89, 0xbf, 0x90, 0x2e, 0x2e, 0x30, 0x91, 0x00, 0x87, 0xbf,
  0xdd, 0x2f, 0x2e, 0x10, 0x3a, 0x00, 0x10, 0xd6, 0x17, 0x21, 0x05, 0x02, 0x43, 0x00, 0x17, 0xd4,
  0x17, 0x2f, 0x02, 0x00, 0x92, 0x00, 0x87, 0xbf, 0x3a, 0x00, 0x55, 0xd6, 0x17, 0x75, 0xfe, 0x03,
  0xff, 0x7f, 0x00, 0x00, 0x90, 0x74, 0x74, 0x32, 0x91, 0x00, 0x87, 0xbf, 0x17, 0x00, 0x01, 0xd5,
  0xff, 0x74, 0x0e, 0x01, 0xff, 0x7f, 0x00, 0x00, 0x91, 0x00, 0x44, 0xd6, 0x39, 0x2f, 0xfe, 0x03,
  0x00, 0x01, 0x04, 0x05, 0x80, 0x1f, 0xf0, 0xd8, 0x13, 0x00, 0x00, 0x17, 0xc0, 0x1f, 0xf0, 0xd8,
  0x13, 0x00, 0x00, 0x3a, 0x40, 0x1f, 0xf0, 0xd8, 0x13, 0x00, 0x00, 0x39, 0x27, 0xfc, 0x89, 0xbf,
  0x90, 0x2e, 0x2e, 0x30, 0x91, 0x00, 0x87, 0xbf, 0xdc, 0x2f, 0x2e, 0x10, 0x3b, 0x00, 0x10, 0xd6,
  0x17, 0x21, 0x05, 0x02, 0x17, 0x2f, 0x2e, 0x7c, 0x92, 0x00, 0x87, 0xbf, 0x3b, 0x00, 0x55, 0xd6,
  0x17, 0x77, 0xfe, 0x03, 0xff, 0x7f, 0x00, 0x00, 0x90, 0x76, 0x7a, 0x32, 0x00, 0x1e, 0xf0, 0xd8,
  0x13, 0x00, 0x00, 0x17, 0xc0, 0x1e, 0xf0, 0xd8, 0x13, 0x00, 0x00, 0x3b, 0x40, 0x1e, 0xf0, 0xd8,
  0x13, 0x00, 0x00, 0x3c, 0xff, 0x7a, 0x7a, 0x02, 0xff, 0x7f, 0x00, 0x00, 0x27, 0xfc, 0x89, 0xbf,
  0x90, 0x2e, 0x2e, 0x30, 0x91, 0x00, 0x87, 0xbf, 0xd9, 0x2f, 0x2e, 0x10, 0x3e, 0x00, 0x10, 0xd6,
  0x17, 0x21, 0x05, 0x02, 0x43, 0x00, 0x17, 0xd4, 0x17, 0x2f, 0x02, 0x00, 0xb2, 0x00, 0x87, 0xbf,
  0x3e, 0x00, 0x55, 0xd6, 0x17, 0x7d, 0xfe, 0x03, 0xff, 0x7f, 0x00, 0x00, 0x80, 0x1e, 0xf0, 0xd8,
  0x13, 0x00, 0x00, 0x17, 0x90, 0x7c, 0x7c, 0x32, 0x3e, 0x00, 0x01, 0xd5, 0xff, 0x7c, 0x0e, 0x01,
  0xff, 0x7f, 0x00, 0x00, 0x07, 0xfc, 0x89, 0xbf, 0x90, 0x2e, 0x2e, 0x30, 0x91, 0x00, 0x87, 0xbf,
  0xda, 0x2f, 0x2e, 0x10, 0x3f, 0x00, 0x10, 0xd6, 0x17, 0x21, 0x05, 0x02, 0x44, 0x00, 0x17, 0xd4,
  0x17, 0x2f, 0x02, 0x00, 0xb2, 0x00, 0x87, 0xbf, 0x3f, 0x00, 0x55, 0xd6, 0x17, 0x7f, 0xfe, 0x03,
  0xff, 0x7f, 0x00, 0x00, 0x00, 0x1f, 0xf0, 0xd8, 0x13, 0x00, 0x00, 0x17, 0x90, 0x7e, 0x7e, 0x32,
  0x3f, 0x00, 0x01, 0xd5, 0xff, 0x7e, 0x12, 0x01, 0xff, 0x7f, 0x00, 0x00, 0x44, 0x00, 0x17, 0xd4,
  0x14, 0x29, 0x02, 0x00, 0xb2, 0x00, 0x87, 0xbf, 0x9f, 0x00, 0x44, 0xd6, 0x3f, 0x7d, 0xfe, 0x03,
  0x00, 0x01, 0x04, 0x05, 0x07, 0xfc, 0x89, 0xbf, 0x90, 0x2e, 0x2e, 0x30, 0xdb, 0x2f, 0x2e, 0x10,
  0x21, 0x01, 0x87, 0xbf, 0x40, 0x00, 0x10, 0xd6, 0x17, 0x21, 0x05, 0x02, 0x45, 0x00, 0x17, 0xd4,
  0x17, 0x2f, 0x02, 0x00, 0x40, 0x00, 0x55, 0xd6, 0x17, 0x81, 0xfe, 0x03, 0xff, 0x7f, 0x00, 0x00,
  0x91, 0x00, 0x87, 0xbf, 0x90, 0x80, 0x80, 0x32, 0x17, 0x00, 0x01, 0xd5, 0xff, 0x80, 0x16, 0x01,
  0xff, 0x7f, 0x00, 0x00, 0x45, 0x00, 0x17, 0xd4, 0x12, 0x25, 0x02, 0x00, 0x02, 0x00, 0x87, 0xbf,
  0xa0, 0x00, 0x44, 0xd6, 0x3d, 0x2f, 0xfe, 0x03, 0x00, 0x01, 0x04, 0x05, 0x80, 0x1d, 0xf0, 0xd8,
  0x13, 0x00, 0x00, 0x17, 0xc0, 0x1d, 0xf0, 0xd8, 0x13, 0x00, 0x00, 0x3e, 0x40, 0x1d, 0xf0, 0xd8,
  0x13, 0x00, 0x00, 0x3d, 0x27, 0xfc, 0x89, 0xbf, 0x90, 0x2e, 0x2e, 0x30, 0x91, 0x00, 0x87, 0xbf,
  0xc4, 0x2f, 0x2e, 0x10, 0x3f, 0x00, 0x10, 0xd6, 0x17, 0x21, 0x05, 0x02, 0x17, 0x2f, 0x2e, 0x7c,
  0x92, 0x00, 0x87, 0xbf, 0x3f, 0x00, 0x55, 0xd6, 0x17, 0x7f, 0xfe, 0x03, 0xff, 0x7f, 0x00, 0x00,
  0x90, 0x7e, 0x80, 0x32, 0x00, 0x1d, 0xf0, 0xd8, 0x13, 0x00, 0x00, 0x17, 0xc0, 0x1c, 0xf0, 0xd8,
  0x13, 0x00, 0x00, 0x3f, 0x17, 0xfc, 0x89, 0xbf, 0xff, 0x80, 0x62, 0xca, 0x90, 0x2e, 0x16, 0x40,
  0xff, 0x7f, 0x00, 0x00, 0x91, 0x00, 0x87, 0xbf, 0xc3, 0x2f, 0x2e, 0x10, 0x41, 0x00, 0x10, 0xd6,
  0x17, 0x21, 0x05, 0x02, 0x43, 0x00, 0x17, 0xd4, 0x17, 0x2f, 0x02, 0x00, 0x92, 0x00, 0x87, 0xbf,
  0x41, 0x00, 0x55, 0xd6, 0x17, 0x83, 0xfe, 0x03, 0xff, 0x7f, 0x00, 0x00, 0x90, 0x82, 0x82, 0x32,
  0x91, 0x00, 0x87, 0xbf, 0x17, 0x00, 0x01, 0xd5, 0xff, 0x82, 0x0e, 0x01, 0xff, 0x7f, 0x00, 0x00,
  0x9e, 0x00, 0x44, 0xd6, 0x40, 0x2f, 0xfe, 0x03, 0x00, 0x01, 0x04, 0x05, 0x80, 0x1c, 0xf0, 0xd8,
  0x13, 0x00, 0x00, 0x17, 0x40, 0x1c, 0xf0, 0xd8, 0x13, 0x00, 0x00, 0x40, 0x02, 0x1f, 0x1e, 0x10,
  0x17, 0xfc, 0x89, 0xbf, 0x90, 0x2e, 0x2e, 0x30, 0x91, 0x00, 0x87, 0xbf, 0xc2, 0x2f, 0x2e, 0x10,
  0x41, 0x00, 0x10, 0xd6, 0x17, 0x21, 0x05, 0x02, 0x17, 0x2f, 0x2e, 0x7c, 0xb2, 0x00, 0x87, 0xbf,
  0x41, 0x00, 0x55, 0xd6, 0x17, 0x83, 0xfe, 0x03, 0xff, 0x7f, 0x00, 0x00, 0x00, 0x1c, 0xf0, 0xd8,
  0x13, 0x00, 0x00, 0x17, 0x90, 0x82, 0x82, 0x32, 0xff, 0x82, 0x82, 0x02, 0xff, 0x7f, 0x00, 0x00,
  0x07, 0xfc, 0x89, 0xbf, 0x90, 0x2e, 0x2e, 0x30, 0x91, 0x00, 0x87, 0xbf, 0xc1, 0x2f, 0x2e, 0x10,
  0x42, 0x00, 0x10, 0xd6, 0x17, 0x21, 0x05, 0x02, 0x43, 0x00, 0x17, 0xd4, 0x17, 0x2f, 0x02, 0x00,
  0x92, 0x00, 0x87, 0xbf, 0x42, 0x00, 0x55, 0xd6, 0x17, 0x85, 0xfe, 0x03, 0xff, 0x7f, 0x00, 0x00,
  0x90, 0x84, 0x84, 0x32, 0x91, 0x00, 0x87, 0xbf, 0x17, 0x00, 0x01, 0xd5, 0xff, 0x84, 0x0e, 0x01,
  0xff, 0x7f, 0x00, 0x00, 0x9d, 0x00, 0x44, 0xd6, 0x41, 0x2f, 0xfe, 0x03, 0x00, 0x01, 0x04, 0x05,
  0x80, 0x1b, 0xf0, 0xd8, 0x13, 0x00, 0x00, 0x17, 0xc0, 0x1b, 0xf0, 0xd8, 0x13, 0x00, 0x00, 0x41,
  0x40, 0x1b, 0xf0, 0xd8, 0x13, 0x00, 0x00, 0x5d, 0x27, 0xfc, 0x89, 0xbf, 0x90, 0x2e, 0x2e, 0x30,
  0x91, 0x00, 0x87, 0xbf, 0xc8, 0x2f, 0x2e, 0x10, 0x42, 0x00, 0x10, 0xd6, 0x17, 0x21, 0x05, 0x02,
  0x17, 0x2f, 0x2e, 0x7c, 0x92, 0x00, 0x87, 0xbf, 0x42, 0x00, 0x55, 0xd6, 0x17, 0x85, 0xfe, 0x03,
  0xff, 0x7f, 0x00, 0x00, 0x90, 0x84, 0x86, 0x32, 0x00, 0x1b, 0xf0, 0xd8, 0x13, 0x00, 0x00, 0x17,
  0xc0, 0x1a, 0xf0, 0xd8, 0x13, 0x00, 0x00, 0x42, 0xff, 0x86, 0x86, 0x02, 0xff, 0x7f, 0x00, 0x00,
  0x17, 0xfc, 0x89, 0xbf, 0x90, 0x2e, 0x2e, 0x30, 0x91, 0x00, 0x87, 0xbf, 0xc7, 0x2f, 0x2e, 0x10,
  0x44, 0x00, 0x10, 0xd6, 0x17, 0x21, 0x05, 0x02, 0x43, 0x00, 0x17, 0xd4, 0x17, 0x2f, 0x02, 0x00,
  0x92, 0x00, 0x87, 0xbf, 0x44, 0x00, 0x55, 0xd6, 0x17, 0x89, 0xfe, 0x03, 0xff, 0x7f, 0x00, 0x00,
  0x90, 0x88, 0x88, 0x32, 0x91, 0x00, 0x87, 0xbf, 0x17, 0x00, 0x01, 0xd5, 0xff, 0x88, 0x0e, 0x01,
  0xff, 0x7f, 0x00, 0x00, 0x9c, 0x00, 0x44, 0xd6, 0x43, 0x2f, 0xfe, 0x03, 0x00, 0x01, 0x04, 0x05,
  0x80, 0x1a, 0xf0, 0xd8, 0x13, 0x00, 0x00, 0x17, 0x40, 0x1a, 0xf0, 0xd8, 0x13, 0x00, 0x00, 0x43,
  0x17, 0xfc, 0x89, 0xbf, 0x90, 0x2e, 0x2e, 0x30, 0x91, 0x00, 0x87, 0xbf, 0xc6, 0x2f, 0x2e, 0x10,
  0x44, 0x00, 0x10, 0xd6, 0x17, 0x21, 0x05, 0x02, 0x17, 0x2f, 0x2e, 0x7c, 0xc2, 0x00, 0x87, 0xbf,
  0x44, 0x00, 0x55, 0xd6, 0x17, 0x89, 0xfe, 0x03, 0xff, 0x7f, 0x00, 0x00, 0x00, 0x1a, 0xf0, 0xd8,
  0x13, 0x00, 0x00, 0x17, 0x90, 0x88, 0x88, 0x32, 0x07, 0xfc, 0x89, 0xbf, 0xff, 0x88, 0x62, 0xca,
  0x90, 0x2e, 0x16, 0x44, 0xff, 0x7f, 0x00, 0x00, 0x91, 0x00, 0x87, 0xbf, 0xc5, 0x2f, 0x2e, 0x10,
  0x45, 0x00, 0x10, 0xd6, 0x17, 0x21, 0x05, 0x02, 0x43, 0x00, 0x17, 0xd4, 0x17, 0x2f, 0x02, 0x00,
  0x92, 0x00, 0x87, 0xbf, 0x45, 0x00, 0x55, 0xd6, 0x17, 0x8b, 0xfe, 0x03, 0xff, 0x7f, 0x00, 0x00,
  0x90, 0x8a, 0x8a, 0x32, 0x91, 0x00, 0x87, 0xbf, 0x17, 0x00, 0x01, 0xd5, 0xff, 0x8a, 0x0e, 0x01,
  0xff, 0x7f, 0x00, 0x00, 0x9b, 0x00, 0x44, 0xd6, 0x44, 0x2f, 0xfe, 0x03, 0x00, 0x01, 0x04, 0x05,
  0x80, 0x19, 0xf0, 0xd8, 0x13, 0x00, 0x00, 0x17, 0xc0, 0x19, 0xf0, 0xd8, 0x13, 0x00, 0x00, 0x5e,
  0x40, 0x19, 0xf0, 0xd8, 0x13, 0x00, 0x00, 0x44, 0x27, 0xfc, 0x89, 0xbf, 0x90, 0x2e, 0x2e, 0x30,
  0x91, 0x00, 0x87, 0xbf, 0xcc, 0x2f, 0x2e, 0x10, 0x45, 0x00, 0x10, 0xd6, 0x17, 0x21, 0x05, 0x02,
  0x17, 0x2f, 0x2e, 0x7c, 0xc2, 0x00, 0x87, 0xbf, 0x45, 0x00, 0x55, 0xd6, 0x17, 0x8b, 0xfe, 0x03,
  0xff, 0x7f, 0x00, 0x00, 0x00, 0x19, 0xf0, 0xd8, 0x13, 0x00, 0x00, 0x17, 0xc0, 0x18, 0xf0, 0xd8,
  0x13, 0x00, 0x00, 0x46, 0x90, 0x8a, 0x8a, 0x32, 0xff, 0x8a, 0x8a, 0x02, 0xff, 0x7f, 0x00, 0x00,
  0x17, 0xfc, 0x89, 0xbf, 0x90, 0x2e, 0x2e, 0x30, 0x91, 0x00, 0x87, 0xbf, 0xcb, 0x2f, 0x2e, 0x10,
  0x47, 0x00, 0x10, 0xd6, 0x17, 0x21, 0x05, 0x02, 0x43, 0x00, 0x17, 0xd4, 0x17, 0x2f, 0x02, 0x00,
  0x92, 0x00, 0x87, 0xbf, 0x47, 0x00, 0x55, 0xd6, 0x17, 0x8f, 0xfe, 0x03, 0xff, 0x7f, 0x00, 0x00,
  0x90, 0x8e, 0x8e, 0x32, 0x91, 0x00, 0x87, 0xbf, 0x17, 0x00, 0x01, 0xd5, 0xff, 0x8e, 0x0e, 0x01,
  0xff, 0x7f, 0x00, 0x00, 0x9a, 0x00, 0x44, 0xd6, 0x45, 0x2f, 0xfe, 0x03, 0x00, 0x01, 0x04, 0x05,
  0x80, 0x18, 0xf0, 0xd8, 0x13, 0x00, 0x00, 0x17, 0x40, 0x18, 0xf0, 0xd8, 0x13, 0x00, 0x00, 0x45,
  0x17, 0xfc, 0x89, 0xbf, 0x90, 0x2e, 0x2e, 0x30, 0x91, 0x00, 0x87, 0xbf, 0xca, 0x2f, 0x2e, 0x10,
  0x47, 0x00, 0x10, 0xd6, 0x17, 0x21, 0x05, 0x02, 0x17, 0x2f, 0x2e, 0x7c, 0xb2, 0x00, 0x87, 0xbf,
  0x47, 0x00, 0x55, 0xd6, 0x17, 0x8f, 0xfe, 0x03, 0xff, 0x7f, 0x00, 0x00, 0x00, 0x18, 0xf0, 0xd8,
  0x13, 0x00, 0x00, 0x17, 0x90, 0x8e, 0x8e, 0x32, 0xff, 0x8e, 0x8e, 0x02, 0xff, 0x7f, 0x00, 0x00,
  0x07, 0xfc, 0x89, 0xbf, 0x90, 0x2e, 0x2e, 0x30, 0x91, 0x00, 0x87, 0xbf, 0xc9, 0x2f, 0x2e, 0x10,
  0x48, 0x00, 0x10, 0xd6, 0x17, 0x21, 0x05, 0x02, 0x43, 0x00, 0x17, 0xd4, 0x17, 0x2f, 0x02, 0x00,
  0x92, 0x00, 0x87, 0xbf, 0x48, 0x00, 0x55, 0xd6, 0x17, 0x91, 0xfe, 0x03, 0xff, 0x7f, 0x00, 0x00,
  0x90, 0x90, 0x90, 0x32, 0x91, 0x00, 0x87, 0xbf, 0x17, 0x00, 0x01, 0xd5, 0xff, 0x90, 0x0e, 0x01,
  0xff, 0x7f, 0x00, 0x00, 0x99, 0x00, 0x44, 0xd6, 0x47, 0x2f, 0xfe, 0x03, 0x00, 0x01, 0x04, 0x05,
  0x90, 0x44, 0x2e, 0x30, 0x91, 0x00, 0x87, 0xbf, 0xf4, 0x2f, 0x2e, 0x10, 0x22, 0x00, 0x10, 0xd6,
  0x17, 0x21, 0x05, 0x02, 0x17, 0x2f, 0x2e, 0x7c, 0x22, 0x01, 0x87, 0xbf, 0x22, 0x00, 0x55, 0xd6,
  0x17, 0x45, 0xfe, 0x03, 0xff, 0x7f, 0x00, 0x00, 0x90, 0x42, 0x2e, 0x30, 0x90, 0x44, 0x44, 0x32,
  0x92, 0x00, 0x87, 0xbf, 0xf1, 0x2f, 0x2e, 0x10, 0x21, 0x00, 0x10, 0xd6, 0x17, 0x21, 0x05, 0x02,
  0x43, 0x00, 0x17, 0xd4, 0x17, 0x2f, 0x02, 0x00, 0x22, 0x01, 0x87, 0xbf, 0x21, 0x00, 0x55, 0xd6,
  0x17, 0x43, 0xfe, 0x03, 0xff, 0x7f, 0x00, 0x00, 0x17, 0x00, 0x10, 0xd6, 0x14, 0x21, 0x05, 0x02,
  0x90, 0x42, 0x42, 0x32, 0xa2, 0x01, 0x87, 0xbf, 0x17, 0x00, 0x55, 0xd6, 0x14, 0x2f, 0xfe, 0x03,
  0xff, 0x7f, 0x00, 0x00, 0x14, 0x00, 0x10, 0xd6, 0x12, 0x21, 0x05, 0x02, 0x21, 0x00, 0x01, 0xd5,
  0xff, 0x42, 0x0e, 0x01, 0xff, 0x7f, 0x00, 0x00, 0x43, 0x00, 0x17, 0xd4, 0x10, 0x21, 0x02, 0x00,
  0x23, 0x01, 0x87, 0xbf, 0x14, 0x00, 0x55, 0xd6, 0x12, 0x29, 0xfe, 0x03, 0xff, 0x7f, 0x00, 0x00,
  0x90, 0x2e, 0x2e, 0x32, 0x90, 0x28, 0x28, 0x32, 0x12, 0x01, 0x87, 0xbf, 0x17, 0x00, 0x01, 0xd5,
  0xff, 0x2e, 0x12, 0x01, 0xff, 0x7f, 0x00, 0x00, 0x12, 0x00, 0x01, 0xd5, 0xff, 0x28, 0x16, 0x01,
  0xff, 0x7f, 0x00, 0x00, 0xff, 0x44, 0x28, 0x02, 0xff, 0x7f, 0x00, 0x00, 0x11, 0x23, 0x2e, 0x7c,
  0x94, 0x01, 0x87, 0xbf, 0xa7, 0x00, 0x44, 0xd6, 0x17, 0x43, 0xfe, 0x03, 0x00, 0x01, 0x04, 0x05,
  0xa8, 0x00, 0x44, 0xd6, 0x14, 0x25, 0xfe, 0x03, 0x00, 0x01, 0x04, 0x05, 0x12, 0x00, 0x10, 0xd6,
  0x11, 0x21, 0x05, 0x02, 0x21, 0x01, 0x87, 0xbf, 0x12, 0x00, 0x55, 0xd6, 0x11, 0x25, 0xfe, 0x03,
  0xff, 0x7f, 0x00, 0x00, 0x11, 0x00, 0x10, 0xd6, 0x10, 0x21, 0x05, 0x02, 0x90, 0x24, 0x24, 0x32,
  0x92, 0x00, 0x87, 0xbf, 0x11, 0x00, 0x55, 0xd6, 0x10, 0x23, 0xfe, 0x03, 0xff, 0x7f, 0x00, 0x00,
  0x90, 0x22, 0x22, 0x32, 0x11, 0x02, 0x87, 0xbf, 0x10, 0x00, 0x01, 0xd5, 0xff, 0x22, 0x0e, 0x01,
  0xff, 0x7f, 0x00, 0x00, 0xff, 0x24, 0x22, 0x02, 0xff, 0x7f, 0x00, 0x00, 0x0f, 0x1f, 0x2e, 0x7c,
  0x43, 0x00, 0x17, 0xd4, 0x0e, 0x1d, 0x02, 0x00, 0xa3, 0x00, 0x87, 0xbf, 0xa6, 0x00, 0x44, 0xd6,
  0x11, 0x21, 0xfe, 0x03, 0x00, 0x01, 0x04, 0x05, 0x10, 0x00, 0x10, 0xd6, 0x0f, 0x21, 0x05, 0x02,
  0x10, 0x00, 0x55, 0xd6, 0x0f, 0x21, 0xfe, 0x03, 0xff, 0x7f, 0x00, 0x00, 0x0f, 0x00, 0x10, 0xd6,
  0x0e, 0x21, 0x05, 0x02, 0x12, 0x01, 0x87, 0xbf, 0x90, 0x20, 0x20, 0x32, 0x0f, 0x00, 0x55, 0xd6,
  0x0e, 0x1f, 0xfe, 0x03, 0xff, 0x7f, 0x00, 0x00, 0x91, 0x00, 0x87, 0xbf, 0x90, 0x1e, 0x1e, 0x32,
  0x0e, 0x00, 0x01, 0xd5, 0xff, 0x1e, 0x0e, 0x01, 0xff, 0x7f, 0x00, 0x00, 0x94, 0x00, 0x87, 0xbf,
  0xff, 0x20, 0x1e, 0x02, 0xff, 0x7f, 0x00, 0x00, 0xa5, 0x00, 0x44, 0xd6, 0x0f, 0x1d, 0xfe, 0x03,
  0x00, 0x01, 0x04, 0x05, 0x90, 0x36, 0x1c, 0x30, 0x91, 0x00, 0x87, 0xbf, 0x08, 0x1d, 0x1c, 0x10,
  0x0f, 0x00, 0x10, 0xd6, 0x0e, 0x21, 0x05, 0x02, 0x0e, 0x1d, 0x2e, 0x7c, 0x22, 0x01, 0x87, 0xbf,
  0x0f, 0x00, 0x55, 0xd6, 0x0e, 0x1f, 0xfe, 0x03, 0xff, 0x7f, 0x00, 0x00, 0x90, 0x32, 0x1c, 0x30,
  0x90, 0x1e, 0x1e, 0x32, 0x91, 0x00, 0x87, 0xbf, 0x07, 0x1d, 0xd2, 0xc8, 0xff, 0x1e, 0x0e, 0x0e,
  0xff, 0x7f, 0x00, 0x00, 0x10, 0x00, 0x10, 0xd6, 0x0e, 0x21, 0x05, 0x02, 0x43, 0x00, 0x17, 0xd4,
  0x0e, 0x1d, 0x02, 0x00, 0x92, 0x00, 0x87, 0xbf, 0x10, 0x00, 0x55, 0xd6, 0x0e, 0x21, 0xfe, 0x03,
  0xff, 0x7f, 0x00, 0x00, 0x90, 0x20, 0x20, 0x32, 0x91, 0x00, 0x87, 0xbf, 0x0e, 0x00, 0x01, 0xd5,
  0xff, 0x20, 0x0e, 0x01, 0xff, 0x7f, 0x00, 0x00, 0xa4, 0x00, 0x44, 0xd6, 0x0f, 0x1d, 0xfe, 0x03,
  0x00, 0x01, 0x04, 0x05, 0x90, 0x3a, 0x1c, 0x30, 0x91, 0x00, 0x87, 0xbf, 0x06, 0x1d, 0x1c, 0x10,
  0x0f, 0x00, 0x10, 0xd6, 0x0e, 0x21, 0x05, 0x02, 0x0e, 0x1d, 0x2e, 0x7c, 0x22, 0x01, 0x87, 0xbf,
  0x0f, 0x00, 0x55, 0xd6, 0x0e, 0x1f, 0xfe, 0x03, 0xff, 0x7f, 0x00, 0x00, 0x90, 0x34, 0x1c, 0x30,
  0x90, 0x1e, 0x1e, 0x32, 0x91, 0x00, 0x87, 0xbf, 0x05, 0x1d, 0xd2, 0xc8, 0xff, 0x1e, 0x0e, 0x0e,
  0xff, 0x7f, 0x00, 0x00, 0x10, 0x00, 0x10, 0xd6, 0x0e, 0x21, 0x05, 0x02, 0x43, 0x00, 0x17, 0xd4,
  0x0e, 0x1d, 0x02, 0x00, 0x92, 0x00, 0x87, 0xbf, 0x10, 0x00, 0x55, 0xd6, 0x0e, 0x21, 0xfe, 0x03,
  0xff, 0x7f, 0x00, 0x00, 0x90, 0x20, 0x20, 0x32, 0x91, 0x00, 0x87, 0xbf, 0x0e, 0x00, 0x01, 0xd5,
  0xff, 0x20, 0x0e, 0x01, 0xff, 0x7f, 0x00, 0x00, 0xa3, 0x00, 0x44, 0xd6, 0x0f, 0x1d, 0xfe, 0x03,
  0x00, 0x01, 0x04, 0x05, 0x90, 0x3e, 0x1c, 0x30, 0x91, 0x00, 0x87, 0xbf, 0x0c, 0x1d, 0x1c, 0x10,
  0x0f, 0x00, 0x10, 0xd6, 0x0e, 0x21, 0x05, 0x02, 0x0e, 0x1d, 0x2e, 0x7c, 0x22, 0x01, 0x87, 0xbf,
  0x0f, 0x00, 0x55, 0xd6, 0x0e, 0x1f, 0xfe, 0x03, 0xff, 0x7f, 0x00, 0x00, 0x90, 0x38, 0x1c, 0x30,
  0x90, 0x1e, 0x1e, 0x32, 0x91, 0x00, 0x87, 0xbf, 0x0b, 0x1d, 0xd2, 0xc8, 0xff, 0x1e, 0x0e, 0x0e,
  0xff, 0x7f, 0x00, 0x00, 0x10, 0x00, 0x10, 0xd6, 0x0e, 0x21, 0x05, 0x02, 0x43, 0x00, 0x17, 0xd4,
  0x0e, 0x1d, 0x02, 0x00, 0x92, 0x00, 0x87, 0xbf, 0x10, 0x00, 0x55, 0xd6, 0x0e, 0x21, 0xfe, 0x03,
  0xff, 0x7f, 0x00, 0x00, 0x90, 0x20, 0x20, 0x32, 0x91, 0x00, 0x87, 0xbf, 0x0e, 0x00, 0x01, 0xd5,
  0xff, 0x20, 0x0e, 0x01, 0xff, 0x7f, 0x00, 0x00, 0xa2, 0x00, 0x44, 0xd6, 0x0f, 0x1d, 0xfe, 0x03,
  0x00, 0x01, 0x04, 0x05, 0x90, 0x40, 0x1c, 0x30, 0x91, 0x00, 0x87, 0xbf, 0x0a, 0x1d, 0x1c, 0x10,
  0x0f, 0x00, 0x10, 0xd6, 0x0e, 0x21, 0x05, 0x02, 0x0e, 0x1d, 0x2e, 0x7c, 0x22, 0x01, 0x87, 0xbf,
  0x0f, 0x00, 0x55, 0xd6, 0x0e, 0x1f, 0xfe, 0x03, 0xff, 0x7f, 0x00, 0x00, 0x90, 0x3c, 0x1c, 0x30,
  0x90, 0x1e, 0x1e, 0x32, 0x91, 0x00, 0x87, 0xbf, 0x09, 0x1d, 0xd2, 0xc8, 0xff, 0x1e, 0x0e, 0x0e,
  0xff, 0x7f, 0x00, 0x00, 0x10, 0x00, 0x10, 0xd6, 0x0e, 0x21, 0x05, 0x02, 0x43, 0x00, 0x17, 0xd4,
  0x0e, 0x1d, 0x02, 0x00, 0x92, 0x00, 0x87, 0xbf, 0x10, 0x00, 0x55, 0xd6, 0x0e, 0x21, 0xfe, 0x03,
  0xff, 0x7f, 0x00, 0x00, 0x90, 0x20, 0x20, 0x32, 0x91, 0x00, 0x87, 0xbf, 0x0e, 0x00, 0x01, 0xd5,
  0xff, 0x20, 0x0e, 0x01, 0xff, 0x7f, 0x00, 0x00, 0xa1, 0x00, 0x44, 0xd6, 0x0f, 0x1d, 0xfe, 0x03,
  0x00, 0x01, 0x04, 0x05, 0x90, 0x50, 0x1c, 0x30, 0x91, 0x00, 0x87, 0xbf, 0xe4, 0x1d, 0x1c, 0x10,
  0x0f, 0x00, 0x10, 0xd6, 0x0e, 0x21, 0x05, 0x02, 0x0e, 0x1d, 0x2e, 0x7c, 0x22, 0x01, 0x87, 0xbf,
  0x0f, 0x00, 0x55, 0xd6, 0x0e, 0x1f, 0xfe, 0x03, 0xff, 0x7f, 0x00, 0x00, 0x90, 0x4e, 0x1c, 0x30,
  0x90, 0x1e, 0x1e, 0x32, 0x91, 0x00, 0x87, 0xbf, 0xe1, 0x1d, 0xd2, 0xc8, 0xff, 0x1e, 0x0e, 0x0e,
  0xff, 0x7f, 0x00, 0x00, 0x10, 0x00, 0x10, 0xd6, 0x0e, 0x21, 0x05, 0x02, 0x43, 0x00, 0x17, 0xd4,
  0x0e, 0x1d, 0x02, 0x00, 0x22, 0x01, 0x87, 0xbf, 0x10, 0x00, 0x55, 0xd6, 0x0e, 0x21, 0xfe, 0x03,
  0xff, 0x7f, 0x00, 0x00, 0x90, 0x4c, 0x1c, 0x30, 0x90, 0x20, 0x20, 0x32, 0x12, 0x01, 0x87, 0xbf,
  0xe2, 0x1d, 0x1c, 0x10, 0x10, 0x00, 0x01, 0xd5, 0xff, 0x20, 0x0e, 0x01, 0xff, 0x7f, 0x00, 0x00,
  0x22, 0x01, 0x87, 0xbf, 0x11, 0x00, 0x10, 0xd6, 0x0e, 0x21, 0x05, 0x02, 0x44, 0x00, 0x17, 0xd4,
  0x0e, 0x1d, 0x02, 0x00, 0x11, 0x00, 0x55, 0xd6, 0x0e, 0x23, 0xfe, 0x03, 0xff, 0x7f, 0x00, 0x00,
  0x90, 0x4a, 0x1c, 0x30, 0x12, 0x01, 0x87, 0xbf, 0x90, 0x22, 0x22, 0x32, 0xe3, 0x1d, 0x1c, 0x10,
  0x12, 0x01, 0x87, 0xbf, 0x11, 0x00, 0x01, 0xd5, 0xff, 0x22, 0x12, 0x01, 0xff, 0x7f, 0x00, 0x00,
  0x12, 0x00, 0x10, 0xd6, 0x0e, 0x21, 0x05, 0x02, 0x45, 0x00, 0x17, 0xd4, 0x0e, 0x1d, 0x02, 0x00,
  0x93, 0x01, 0x87, 0xbf, 0xaf, 0x00, 0x44, 0xd6, 0x11, 0x21, 0xfe, 0x03, 0x00, 0x01, 0x04, 0x05,
  0x12, 0x00, 0x55, 0xd6, 0x0e, 0x25, 0xfe, 0x03, 0xff, 0x7f, 0x00, 0x00, 0x91, 0x00, 0x87, 0xbf,
  0x90, 0x24, 0x24, 0x32, 0x0e, 0x00, 0x01, 0xd5, 0xff, 0x24, 0x16, 0x01, 0xff, 0x7f, 0x00, 0x00,
  0xa1, 0x00, 0x87, 0xbf, 0xb0, 0x00, 0x44, 0xd6, 0x0f, 0x1d, 0xfe, 0x03, 0x00, 0x01, 0x04, 0x05,
  0x90, 0xa6, 0x1c, 0x30, 0xe8, 0x1d, 0x1c, 0x10, 0x21, 0x01, 0x87, 0xbf, 0x0f, 0x00, 0x10, 0xd6,
  0x0e, 0x21, 0x05, 0x02, 0x0e, 0x1d, 0x2e, 0x7c, 0x0f, 0x00, 0x55, 0xd6, 0x0e, 0x1f, 0xfe, 0x03,
  0xff, 0x7f, 0x00, 0x00, 0x90, 0x46, 0x1c, 0x30, 0x92, 0x00, 0x87, 0xbf, 0x90, 0x1e, 0x1e, 0x32,
  0xe7, 0x1d, 0xd2, 0xc8, 0xff, 0x1e, 0x0e, 0x0e, 0xff, 0x7f, 0x00, 0x00, 0x21, 0x01, 0x87, 0xbf,
  0x10, 0x00, 0x10, 0xd6, 0x0e, 0x21, 0x05, 0x02, 0x43, 0x00, 0x17, 0xd4, 0x0e, 0x1d, 0x02, 0x00,
  0x10, 0x00, 0x55, 0xd6, 0x0e, 0x21, 0xfe, 0x03, 0xff, 0x7f, 0x00, 0x00, 0x91, 0x00, 0x87, 0xbf,
  0x90, 0x20, 0x20, 0x32, 0x0e, 0x00, 0x01, 0xd5, 0xff, 0x20, 0x0e, 0x01, 0xff, 0x7f, 0x00, 0x00,
  0xa1, 0x00, 0x87, 0xbf, 0xae, 0x00, 0x44, 0xd6, 0x0f, 0x1d, 0xfe, 0x03, 0x00, 0x01, 0x04, 0x05,
  0x90, 0xa8, 0x1c, 0x30, 0xe6, 0x1d, 0x1c, 0x10, 0x21, 0x01, 0x87, 0xbf, 0x0f, 0x00, 0x10, 0xd6,
  0x0e, 0x21, 0x05, 0x02, 0x0e, 0x1d, 0x2e, 0x7c, 0x0f, 0x00, 0x55, 0xd6, 0x0e, 0x1f, 0xfe, 0x03,
  0xff, 0x7f, 0x00, 0x00, 0x90, 0x48, 0x1c, 0x30, 0x92, 0x00, 0x87, 0xbf, 0x90, 0x1e, 0x1e, 0x32,
  0xe5, 0x1d, 0xd2, 0xc8, 0xff, 0x1e, 0x0e, 0x0e, 0xff, 0x7f, 0x00, 0x00, 0x21, 0x01, 0x87, 0xbf,
  0x10, 0x00, 0x10, 0xd6, 0x0e, 0x21, 0x05, 0x02, 0x43, 0x00, 0x17, 0xd4, 0x0e, 0x1d, 0x02, 0x00,
  0x10, 0x00, 0x55, 0xd6, 0x0e, 0x21, 0xfe, 0x03, 0xff, 0x7f, 0x00, 0x00, 0x91, 0x00, 0x87, 0xbf,
  0x90, 0x20, 0x20, 0x32, 0x0e, 0x00, 0x01, 0xd5, 0xff, 0x20, 0x0e, 0x01, 0xff, 0x7f, 0x00, 0x00,
  0xa1, 0x00, 0x87, 0xbf, 0xad, 0x00, 0x44, 0xd6, 0x0f, 0x1d, 0xfe, 0x03, 0x00, 0x01, 0x04, 0x05,
  0x90, 0x54, 0x1c, 0x30, 0xec, 0x1d, 0x1c, 0x10, 0x21, 0x01, 0x87, 0xbf, 0x0f, 0x00, 0x10, 0xd6,
  0x0e, 0x21, 0x05, 0x02, 0x0e, 0x1d, 0x2e, 0x7c, 0x0f, 0x00, 0x55, 0xd6, 0x0e, 0x1f, 0xfe, 0x03,
  0xff, 0x7f, 0x00, 0x00, 0x90, 0x52, 0x1c, 0x30, 0x92, 0x00, 0x87, 0xbf, 0x90, 0x1e, 0x1e, 0x32,
  0xeb, 0x1d, 0xd2, 0xc8, 0xff, 0x1e, 0x0e, 0x0e, 0xff, 0x7f, 0x00, 0x00, 0x21, 0x01, 0x87, 0xbf,
  0x10, 0x00, 0x10, 0xd6, 0x0e, 0x21, 0x05, 0x02, 0x43, 0x00, 0x17, 0xd4, 0x0e, 0x1d, 0x02, 0x00,
  0x10, 0x00, 0x55, 0xd6, 0x0e, 0x21, 0xfe, 0x03, 0xff, 0x7f, 0x00, 0x00, 0x91, 0x00, 0x87, 0xbf,
  0x90, 0x20, 0x20, 0x32, 0x0e, 0x00, 0x01, 0xd5, 0xff, 0x20, 0x0e, 0x01, 0xff, 0x7f, 0x00, 0x00,
  0xa1, 0x00, 0x87, 0xbf, 0xac, 0x00, 0x44, 0xd6, 0x0f, 0x1d, 0xfe, 0x03, 0x00, 0x01, 0x04, 0x05,
  0x90, 0x56, 0x1c, 0x30, 0xea, 0x1d, 0x1c, 0x10, 0x21, 0x01, 0x87, 0xbf, 0x0f, 0x00, 0x10, 0xd6,
  0x0e, 0x21, 0x05, 0x02, 0x0e, 0x1d, 0x2e, 0x7c, 0x0f, 0x00, 0x55, 0xd6, 0x0e, 0x1f, 0xfe, 0x03,
  0xff, 0x7f, 0x00, 0x00, 0x90, 0x58, 0x1c, 0x30, 0x92, 0x00, 0x87, 0xbf, 0x90, 0x1e, 0x1e, 0x32,
  0xe9, 0x1d, 0xd2, 0xc8, 0xff, 0x1e, 0x0e, 0x0e, 0xff, 0x7f, 0x00, 0x00, 0x21, 0x01, 0x87, 0xbf,
  0x10, 0x00, 0x10, 0xd6, 0x0e, 0x21, 0x05, 0x02, 0x43, 0x00, 0x17, 0xd4, 0x0e, 0x1d, 0x02, 0x00,
  0x10, 0x00, 0x55, 0xd6, 0x0e, 0x21, 0xfe, 0x03, 0xff, 0x7f, 0x00, 0x00, 0x91, 0x00, 0x87, 0xbf,
  0x90, 0x20, 0x20, 0x32, 0x0e, 0x00, 0x01, 0xd5, 0xff, 0x20, 0x0e, 0x01, 0xff, 0x7f, 0x00, 0x00,
  0xa1, 0x00, 0x87, 0xbf, 0xab, 0x00, 0x44, 0xd6, 0x0f, 0x1d, 0xfe, 0x03, 0x00, 0x01, 0x04, 0x05,
  0x90, 0x5a, 0x1c, 0x30, 0xf0, 0x1d, 0x1c, 0x10, 0x21, 0x01, 0x87, 0xbf, 0x0f, 0x00, 0x10, 0xd6,
  0x0e, 0x21, 0x05, 0x02, 0x0e, 0x1d, 0x2e, 0x7c, 0x0f, 0x00, 0x55, 0xd6, 0x0e, 0x1f, 0xfe, 0x03,
  0xff, 0x7f, 0x00, 0x00, 0x90, 0xaa, 0x1c, 0x30, 0x92, 0x00, 0x87, 0xbf, 0x90, 0x1e, 0x1e, 0x32,
  0xef, 0x1d, 0xd2, 0xc8, 0xff, 0x1e, 0x0e, 0x0e, 0xff, 0x7f, 0x00, 0x00, 0x21, 0x01, 0x87, 0xbf,
  0x10, 0x00, 0x10, 0xd6, 0x0e, 0x21, 0x05, 0x02, 0x43, 0x00, 0x17, 0xd4, 0x0e, 0x1d, 0x02, 0x00,
  0x10, 0x00, 0x55, 0xd6, 0x0e, 0x21, 0xfe, 0x03, 0xff, 0x7f, 0x00, 0x00, 0x91, 0x00, 0x87, 0xbf,
  0x90, 0x20, 0x20, 0x32, 0x0e, 0x00, 0x01, 0xd5, 0xff, 0x20, 0x0e, 0x01, 0xff, 0x7f, 0x00, 0x00,
  0xa1, 0x00, 0x87, 0xbf, 0xaa, 0x00, 0x44, 0xd6, 0x0f, 0x1d, 0xfe, 0x03, 0x00, 0x01, 0x04, 0x05,
  0x90, 0x5c, 0x1c, 0x30, 0xee, 0x1d, 0x1c, 0x10, 0x21, 0x01, 0x87, 0xbf, 0x0f, 0x00, 0x10, 0xd6,
  0x0e, 0x21, 0x05, 0x02, 0x0e, 0x1d, 0x2e, 0x7c, 0x0f, 0x00, 0x55, 0xd6, 0x0e, 0x1f, 0xfe, 0x03,
  0xff, 0x7f, 0x00, 0x00, 0x90, 0x5e, 0x1c, 0x30, 0x92, 0x00, 0x87, 0xbf, 0x90, 0x1e, 0x1e, 0x32,
  0xed, 0x1d, 0xd2, 0xc8, 0xff, 0x1e, 0x0e, 0x0e, 0xff, 0x7f, 0x00, 0x00, 0x21, 0x01, 0x87, 0xbf,
  0x10, 0x00, 0x10, 0xd6, 0x0e, 0x21, 0x05, 0x02, 0x43, 0x00, 0x17, 0xd4, 0x0e, 0x1d, 0x02, 0x00,
  0x10, 0x00, 0x55, 0xd6, 0x0e, 0x21, 0xfe, 0x03, 0xff, 0x7f, 0x00, 0x00, 0x91, 0x00, 0x87, 0xbf,
  0x90, 0x20, 0x20, 0x32, 0x0e, 0x00, 0x01, 0xd5, 0xff, 0x20, 0x0e, 0x01, 0xff, 0x7f, 0x00, 0x00,
  0xa1, 0x00, 0x87, 0xbf, 0xa9, 0x00, 0x44, 0xd6, 0x0f, 0x1d, 0xfe, 0x03, 0x00, 0x01, 0x04, 0x05,
  0x90, 0x62, 0x1c, 0x30, 0x4c, 0x1d, 0x1c, 0x10, 0x21, 0x01, 0x87, 0xbf, 0x0f, 0x00, 0x10, 0xd6,
  0x0e, 0x21, 0x05, 0x02, 0x0e, 0x1d, 0x2e, 0x7c, 0x0f, 0x00, 0x55, 0xd6, 0x0e, 0x1f, 0xfe, 0x03,
  0xff, 0x7f, 0x00, 0x00, 0x90, 0x66, 0x1c, 0x30, 0x92, 0x00, 0x87, 0xbf, 0x90, 0x1e, 0x1e, 0x32,
  0x49, 0x1d, 0xd2, 0xc8, 0xff, 0x1e, 0x0e, 0x0e, 0xff, 0x7f, 0x00, 0x00, 0x21, 0x01, 0x87, 0xbf,
  0x10, 0x00, 0x10, 0xd6, 0x0e, 0x21, 0x05, 0x02, 0x43, 0x00, 0x17, 0xd4, 0x0e, 0x1d, 0x02, 0x00,
  0x10, 0x00, 0x55, 0xd6, 0x0e, 0x21, 0xfe, 0x03, 0xff, 0x7f, 0x00, 0x00, 0x90, 0x64, 0x1c, 0x30,
  0x12, 0x01, 0x87, 0xbf, 0x90, 0x20, 0x20, 0x32, 0x4a, 0x1d, 0x1c, 0x10, 0x12, 0x01, 0x87, 0xbf,
  0x10, 0x00, 0x01, 0xd5, 0xff, 0x20, 0x0e, 0x01, 0xff, 0x7f, 0x00, 0x00, 0x11, 0x00, 0x10, 0xd6,
  0x0e, 0x21, 0x05, 0x02, 0x44, 0x00, 0x17, 0xd4, 0x0e, 0x1d, 0x02, 0x00, 0x22, 0x01, 0x87, 0xbf,
  0x11, 0x00, 0x55, 0xd6, 0x0e, 0x23, 0xfe, 0x03, 0xff, 0x7f, 0x00, 0x00, 0x90, 0x60, 0x1c, 0x30,
  0x90, 0x22, 0x22, 0x32, 0x12, 0x01, 0x87, 0xbf, 0x4b, 0x1d, 0x1c, 0x10, 0x11, 0x00, 0x01, 0xd5,
  0xff, 0x22, 0x12, 0x01, 0xff, 0x7f, 0x00, 0x00, 0xa2, 0x01, 0x87, 0xbf, 0x12, 0x00, 0x10, 0xd6,
  0x0e, 0x21, 0x05, 0x02, 0x45, 0x00, 0x17, 0xd4, 0x0e, 0x1d, 0x02, 0x00, 0xb7, 0x00, 0x44, 0xd6,
  0x11, 0x21, 0xfe, 0x03, 0x00, 0x01, 0x04, 0x05, 0x93, 0x00, 0x87, 0xbf, 0x12, 0x00, 0x55, 0xd6,
  0x0e, 0x25, 0xfe, 0x03, 0xff, 0x7f, 0x00, 0x00, 0x90, 0x24, 0x24, 0x32, 0x91, 0x00, 0x87, 0xbf,
  0x0e, 0x00, 0x01, 0xd5, 0xff, 0x24, 0x16, 0x01, 0xff, 0x7f, 0x00, 0x00, 0xb8, 0x00, 0x44, 0xd6,
  0x0f, 0x1d, 0xfe, 0x03, 0x00, 0x01, 0x04, 0x05, 0x90, 0xac, 0x1c, 0x30, 0x91, 0x00, 0x87, 0xbf,
  0x76, 0x1d, 0x1c, 0x10, 0x0f, 0x00, 0x10, 0xd6, 0x0e, 0x21, 0x05, 0x02, 0x0e, 0x1d, 0x2e, 0x7c,
  0x22, 0x01, 0x87, 0xbf, 0x0f, 0x00, 0x55, 0xd6, 0x0e, 0x1f, 0xfe, 0x03, 0xff, 0x7f, 0x00, 0x00,
  0x90, 0x68, 0x1c, 0x30, 0x90, 0x1e, 0x1e, 0x32, 0x91, 0x00, 0x87, 0xbf, 0x75, 0x1d, 0xd2, 0xc8,
  0xff, 0x1e, 0x0e, 0x0e, 0xff, 0x7f, 0x00, 0x00, 0x10, 0x00, 0x10, 0xd6, 0x0e, 0x21, 0x05, 0x02,
  0x43, 0x00, 0x17, 0xd4, 0x0e, 0x1d, 0x02, 0x00, 0x92, 0x00, 0x87, 0xbf, 0x10, 0x00, 0x55, 0xd6,
  0x0e, 0x21, 0xfe, 0x03, 0xff, 0x7f, 0x00, 0x00, 0x90, 0x20, 0x20, 0x32, 0x91, 0x00, 0x87, 0xbf,
  0x0e, 0x00, 0x01, 0xd5, 0xff, 0x20, 0x0e, 0x01, 0xff, 0x7f, 0x00, 0x00, 0xb6, 0x00, 0x44, 0xd6,
  0x0f, 0x1d, 0xfe, 0x03, 0x00, 0x01, 0x04, 0x05, 0x90, 0xae, 0x1c, 0x30, 0x91, 0x00, 0x87, 0xbf,
  0x74, 0x1d, 0x1c, 0x10, 0x0f, 0x00, 0x10, 0xd6, 0x0e, 0x21, 0x05, 0x02, 0x0e, 0x1d, 0x2e, 0x7c,
  0x22, 0x01, 0x87, 0xbf, 0x0f, 0x00, 0x55, 0xd6, 0x0e, 0x1f, 0xfe, 0x03, 0xff, 0x7f, 0x00, 0x00,
  0x90, 0xb0, 0x1c, 0x30, 0x90, 0x1e, 0x1e, 0x32, 0x91, 0x00, 0x87, 0xbf, 0x73, 0x1d, 0xd2, 0xc8,
  0xff, 0x1e, 0x0e, 0x0e, 0xff, 0x7f, 0x00, 0x00, 0x10, 0x00, 0x10, 0xd6, 0x0e, 0x21, 0x05, 0x02,
  0x43, 0x00, 0x17, 0xd4, 0x0e, 0x1d, 0x02, 0x00, 0x92, 0x00, 0x87, 0xbf, 0x10, 0x00, 0x55, 0xd6,
  0x0e, 0x21, 0xfe, 0x03, 0xff, 0x7f, 0x00, 0x00, 0x90, 0x20, 0x20, 0x32, 0x91, 0x00, 0x87, 0xbf,
  0x0e, 0x00, 0x01, 0xd5, 0xff, 0x20, 0x0e, 0x01, 0xff, 0x7f, 0x00, 0x00, 0xb5, 0x00, 0x44, 0xd6,
  0x0f, 0x1d, 0xfe, 0x03, 0x00, 0x01, 0x04, 0x05, 0x90, 0x6c, 0x1c, 0x30, 0x91, 0x00, 0x87, 0xbf,
  0x7a, 0x1d, 0x1c, 0x10, 0x0f, 0x00, 0x10, 0xd6, 0x0e, 0x21, 0x05, 0x02, 0x0e, 0x1d, 0x2e, 0x7c,
  0x22, 0x01, 0x87, 0xbf, 0x0f, 0x00, 0x55, 0xd6, 0x0e, 0x1f, 0xfe, 0x03, 0xff, 0x7f, 0x00, 0x00,
  0x90, 0x6a, 0x1c, 0x30, 0x90, 0x1e, 0x1e, 0x32, 0x91, 0x00, 0x87, 0xbf, 0x79, 0x1d, 0xd2, 0xc8,
  0xff, 0x1e, 0x0e, 0x0e, 0xff, 0x7f, 0x00, 0x00, 0x10, 0x00, 0x10, 0xd6, 0x0e, 0x21, 0x05, 0x02,
  0x43, 0x00, 0x17, 0xd4, 0x0e, 0x1d, 0x02, 0x00, 0x92, 0x00, 0x87, 0xbf, 0x10, 0x00, 0x55, 0xd6,
  0x0e, 0x21, 0xfe, 0x03, 0xff, 0x7f, 0x00, 0x00, 0x90, 0x20, 0x20, 0x32, 0x91, 0x00, 0x87, 0xbf,
  0x0e, 0x00, 0x01, 0xd5, 0xff, 0x20, 0x0e, 0x01, 0xff, 0x7f, 0x00, 0x00, 0xb4, 0x00, 0x44, 0xd6,
  0x0f, 0x1d, 0xfe, 0x03, 0x00, 0x01, 0x04, 0x05, 0x90, 0x6e, 0x1c, 0x30, 0x91, 0x00, 0x87, 0xbf,
  0x78, 0x1d, 0x1c, 0x10, 0x0f, 0x00, 0x10, 0xd6, 0x0e, 0x21, 0x05, 0x02, 0x0e, 0x1d, 0x2e, 0x7c,
  0x22, 0x01, 0x87, 0xbf, 0x0f, 0x00, 0x55, 0xd6, 0x0e, 0x1f, 0xfe, 0x03, 0xff, 0x7f, 0x00, 0x00,
  0x90, 0x70, 0x1c, 0x30, 0x90, 0x1e, 0x1e, 0x32, 0x91, 0x00, 0x87, 0xbf, 0x77, 0x1d, 0xd2, 0xc8,
  0xff, 0x1e, 0x0e, 0x0e, 0xff, 0x7f, 0x00, 0x00, 0x10, 0x00, 0x10, 0xd6, 0x0e, 0x21, 0x05, 0x02,
  0x43, 0x00, 0x17, 0xd4, 0x0e, 0x1d, 0x02, 0x00, 0x92, 0x00, 0x87, 0xbf, 0x10, 0x00, 0x55, 0xd6,
  0x0e, 0x21, 0xfe, 0x03, 0xff, 0x7f, 0x00, 0x00, 0x90, 0x20, 0x20, 0x32, 0x91, 0x00, 0x87, 0xbf,
  0x0e, 0x00, 0x01, 0xd5, 0xff, 0x20, 0x0e, 0x01, 0xff, 0x7f, 0x00, 0x00, 0xb3, 0x00, 0x44, 0xd6,
  0x0f, 0x1d, 0xfe, 0x03, 0x00, 0x01, 0x04, 0x05, 0x90, 0xb4, 0x1c, 0x30, 0x91, 0x00, 0x87, 0xbf,
  0xe0, 0x1d, 0x1c, 0x10, 0x0f, 0x00, 0x10, 0xd6, 0x0e, 0x21, 0x05, 0x02, 0x0e, 0x1d, 0x2e, 0x7c,
  0x22, 0x01, 0x87, 0xbf, 0x0f, 0x00, 0x55, 0xd6, 0x0e, 0x1f, 0xfe, 0x03, 0xff, 0x7f, 0x00, 0x00,
  0x90, 0xb2, 0x1c, 0x30, 0x90, 0x1e, 0x1e, 0x32, 0x91, 0x00, 0x87, 0xbf, 0xdf, 0x1d, 0xd2, 0xc8,
  0xff, 0x1e, 0x0e, 0x0e, 0xff, 0x7f, 0x00, 0x00, 0x10, 0x00, 0x10, 0xd6, 0x0e, 0x21, 0x05, 0x02,
  0x43, 0x00, 0x17, 0xd4, 0x0e, 0x1d, 0x02, 0x00, 0x92, 0x00, 0x87, 0xbf, 0x10, 0x00, 0x55, 0xd6,
  0x0e, 0x21, 0xfe, 0x03, 0xff, 0x7f, 0x00, 0x00, 0x90, 0x20, 0x20, 0x32, 0x91, 0x00, 0x87, 0xbf,
  0x0e, 0x00, 0x01, 0xd5, 0xff, 0x20, 0x0e, 0x01, 0xff, 0x7f, 0x00, 0x00, 0xb2, 0x00, 0x44, 0xd6,
  0x0f, 0x1d, 0xfe, 0x03, 0x00, 0x01, 0x04, 0x05, 0x90, 0xb6, 0x1c, 0x30, 0x91, 0x00, 0x87, 0xbf,
  0xde, 0x1d, 0x1c, 0x10, 0x0f, 0x00, 0x10, 0xd6, 0x0e, 0x21, 0x05, 0x02, 0x0e, 0x1d, 0x2e, 0x7c,
  0x22, 0x01, 0x87, 0xbf, 0x0f, 0x00, 0x55, 0xd6, 0x0e, 0x1f, 0xfe, 0x03, 0xff, 0x7f, 0x00, 0x00,
  0x90, 0xb8, 0x1c, 0x30, 0x90, 0x1e, 0x1e, 0x32, 0x91, 0x00, 0x87, 0xbf, 0xdd, 0x1d, 0xd2, 0xc8,
  0xff, 0x1e, 0x0e, 0x0e, 0xff, 0x7f, 0x00, 0x00, 0x10, 0x00, 0x10, 0xd6, 0x0e, 0x21, 0x05, 0x02,
  0x43, 0x00, 0x17, 0xd4, 0x0e, 0x1d, 0x02, 0x00, 0x92, 0x00, 0x87, 0xbf, 0x10, 0x00, 0x55, 0xd6,
  0x0e, 0x21, 0xfe, 0x03, 0xff, 0x7f, 0x00, 0x00, 0x90, 0x20, 0x20, 0x32, 0x91, 0x00, 0x87, 0xbf,
  0x0e, 0x00, 0x01, 0xd5, 0xff, 0x20, 0x0e, 0x01, 0xff, 0x7f, 0x00, 0x00, 0xb1, 0x00, 0x44, 0xd6,
  0x0f, 0x1d, 0xfe, 0x03, 0x00, 0x01, 0x04, 0x05, 0x90, 0x74, 0x1c, 0x30, 0x91, 0x00, 0x87, 0xbf,
  0xdc, 0x1d, 0x1c, 0x10, 0x0f, 0x00, 0x10, 0xd6, 0x0e, 0x21, 0x05, 0x02, 0x0e, 0x1d, 0x2e, 0x7c,
  0x22, 0x01, 0x87, 0xbf, 0x0f, 0x00, 0x55, 0xd6, 0x0e, 0x1f, 0xfe, 0x03, 0xff, 0x7f, 0x00, 0x00,
  0x90, 0x78, 0x1c, 0x30, 0x90, 0x1e, 0x1e, 0x32, 0x91, 0x00, 0x87, 0xbf, 0xd9, 0x1d, 0xd2, 0xc8,
  0xff, 0x1e, 0x0e, 0x0e, 0xff, 0x7f, 0x00, 0x00, 0x10, 0x00, 0x10, 0xd6, 0x0e, 0x21, 0x05, 0x02,
  0x43, 0x00, 0x17, 0xd4, 0x0e, 0x1d, 0x02, 0x00, 0x22, 0x01, 0x87, 0xbf, 0x10, 0x00, 0x55, 0xd6,
  0x0e, 0x21, 0xfe, 0x03, 0xff, 0x7f, 0x00, 0x00, 0x90, 0x76, 0x1c, 0x30, 0x90, 0x20, 0x20, 0x32,
  0x12, 0x01, 0x87, 0xbf, 0xda, 0x1d, 0x1c, 0x10, 0x10, 0x00, 0x01, 0xd5, 0xff, 0x20, 0x0e, 0x01,
  0xff, 0x7f, 0x00, 0x00, 0x22, 0x01, 0x87, 0xbf, 0x11, 0x00, 0x10, 0xd6, 0x0e, 0x21, 0x05, 0x02,
  0x44, 0x00, 0x17, 0xd4, 0x0e, 0x1d, 0x02, 0x00, 0x11, 0x00, 0x55, 0xd6, 0x0e, 0x23, 0xfe, 0x03,
  0xff, 0x7f, 0x00, 0x00, 0x90, 0x72, 0x1c, 0x30, 0x12, 0x01, 0x87, 0xbf, 0x90, 0x22, 0x22, 0x32,
  0xdb, 0x1d, 0x1c, 0x10, 0x12, 0x01, 0x87, 0xbf, 0x11, 0x00, 0x01, 0xd5, 0xff, 0x22, 0x12, 0x01,
  0xff, 0x7f, 0x00, 0x00, 0x12, 0x00, 0x10, 0xd6, 0x0e, 0x21, 0x05, 0x02, 0x45, 0x00, 0x17, 0xd4,
  0x0e, 0x1d, 0x02, 0x00, 0x93, 0x01, 0x87, 0xbf, 0xbf, 0x00, 0x44, 0xd6, 0x11, 0x21, 0xfe, 0x03,
  0x00, 0x01, 0x04, 0x05, 0x12, 0x00, 0x55, 0xd6, 0x0e, 0x25, 0xfe, 0x03, 0xff, 0x7f, 0x00, 0x00,
  0x91, 0x00, 0x87, 0xbf, 0x90, 0x24, 0x24, 0x32, 0x0e, 0x00, 0x01, 0xd5, 0xff, 0x24, 0x16, 0x01,
  0xff, 0x7f, 0x00, 0x00, 0xa1, 0x00, 0x87, 0xbf, 0xc0, 0x00, 0x44, 0xd6, 0x0f, 0x1d, 0xfe, 0x03,
  0x00, 0x01, 0x04, 0x05, 0x90, 0x7c, 0x1c, 0x30, 0xc4, 0x1d, 0x1c, 0x10, 0x21, 0x01, 0x87, 0xbf,
  0x0f, 0x00, 0x10, 0xd6, 0x0e, 0x21, 0x05, 0x02, 0x0e, 0x1d, 0x2e, 0x7c, 0x0f, 0x00, 0x55, 0xd6,
  0x0e, 0x1f, 0xfe, 0x03, 0xff, 0x7f, 0x00, 0x00, 0x90, 0x7a, 0x1c, 0x30, 0x92, 0x00, 0x87, 0xbf,
  0x90, 0x1e, 0x1e, 0x32, 0xc3, 0x1d, 0xd2, 0xc8, 0xff, 0x1e, 0x0e, 0x0e, 0xff, 0x7f, 0x00, 0x00,
  0x21, 0x01, 0x87, 0xbf, 0x10, 0x00, 0x10, 0xd6, 0x0e, 0x21, 0x05, 0x02, 0x43, 0x00, 0x17, 0xd4,
  0x0e, 0x1d, 0x02, 0x00, 0x10, 0x00, 0x55, 0xd6, 0x0e, 0x21, 0xfe, 0x03, 0xff, 0x7f, 0x00, 0x00,
  0x91, 0x00, 0x87, 0xbf, 0x90, 0x20, 0x20, 0x32, 0x0e, 0x00, 0x01, 0xd5, 0xff, 0x20, 0x0e, 0x01,
  0xff, 0x7f, 0x00, 0x00, 0xa1, 0x00, 0x87, 0xbf, 0xbe, 0x00, 0x44, 0xd6, 0x0f, 0x1d, 0xfe, 0x03,
  0x00, 0x01, 0x04, 0x05, 0x90, 0x7e, 0x1c, 0x30, 0xc2, 0x1d, 0x1c, 0x10, 0x21, 0x01, 0x87, 0xbf,
  0x0f, 0x00, 0x10, 0xd6, 0x0e, 0x21, 0x05, 0x02, 0x0e, 0x1d, 0x2e, 0x7c, 0x0f, 0x00, 0x55, 0xd6,
  0x0e, 0x1f, 0xfe, 0x03, 0xff, 0x7f, 0x00, 0x00, 0x90, 0x80, 0x1c, 0x30, 0x92, 0x00, 0x87, 0xbf,
  0x90, 0x1e, 0x1e, 0x32, 0xc1, 0x1d, 0xd2, 0xc8, 0xff, 0x1e, 0x0e, 0x0e, 0xff, 0x7f, 0x00, 0x00,
  0x21, 0x01, 0x87, 0xbf, 0x10, 0x00, 0x10, 0xd6, 0x0e, 0x21, 0x05, 0x02, 0x43, 0x00, 0x17, 0xd4,
  0x0e, 0x1d, 0x02, 0x00, 0x10, 0x00, 0x55, 0xd6, 0x0e, 0x21, 0xfe, 0x03, 0xff, 0x7f, 0x00, 0x00,
  0x91, 0x00, 0x87, 0xbf, 0x90, 0x20, 0x20, 0x32, 0x0e, 0x00, 0x01, 0xd5, 0xff, 0x20, 0x0e, 0x01,
  0xff, 0x7f, 0x00, 0x00, 0xa1, 0x00, 0x87, 0xbf, 0xbd, 0x00, 0x44, 0xd6, 0x0f, 0x1d, 0xfe, 0x03,
  0x00, 0x01, 0x04, 0x05, 0x90, 0x82, 0x1c, 0x30, 0xc8, 0x1d, 0x1c, 0x10, 0x21, 0x01, 0x87, 0xbf,
  0x0f, 0x00, 0x10, 0xd6, 0x0e, 0x21, 0x05, 0x02, 0x0e, 0x1d, 0x2e, 0x7c, 0x0f, 0x00, 0x55, 0xd6,
  0x0e, 0x1f, 0xfe, 0x03, 0xff, 0x7f, 0x00, 0x00, 0x90, 0xba, 0x1c, 0x30, 0x92, 0x00, 0x87, 0xbf,
  0x90, 0x1e, 0x1e, 0x32, 0xc7, 0x1d, 0xd2, 0xc8, 0xff, 0x1e, 0x0e, 0x0e, 0xff, 0x7f, 0x00, 0x00,
  0x21, 0x01, 0x87, 0xbf, 0x10, 0x00, 0x10, 0xd6, 0x0e, 0x21, 0x05, 0x02, 0x43, 0x00, 0x17, 0xd4,
  0x0e, 0x1d, 0x02, 0x00, 0x10, 0x00, 0x55, 0xd6, 0x0e, 0x21, 0xfe, 0x03, 0xff, 0x7f, 0x00, 0x00,
  0x91, 0x00, 0x87, 0xbf, 0x90, 0x20, 0x20, 0x32, 0x0e, 0x00, 0x01, 0xd5, 0xff, 0x20, 0x0e, 0x01,
  0xff, 0x7f, 0x00, 0x00, 0xa1, 0x00, 0x87, 0xbf, 0xbc, 0x00, 0x44, 0xd6, 0x0f, 0x1d, 0xfe, 0x03,
  0x00, 0x01, 0x04, 0x05, 0x90, 0x84, 0x1c, 0x30, 0xc6, 0x1d, 0x1c, 0x10, 0x21, 0x01, 0x87, 0xbf,
  0x0f, 0x00, 0x10, 0xd6, 0x0e, 0x21, 0x05, 0x02, 0x0e, 0x1d, 0x2e, 0x7c, 0x0f, 0x00, 0x55, 0xd6,
  0x0e, 0x1f, 0xfe, 0x03, 0xff, 0x7f, 0x00, 0x00, 0x90, 0x86, 0x1c, 0x30, 0x92, 0x00, 0x87, 0xbf,
  0x90, 0x1e, 0x1e, 0x32, 0xc5, 0x1d, 0xd2, 0xc8, 0xff, 0x1e, 0x0e, 0x0e, 0xff, 0x7f, 0x00, 0x00,
  0x21, 0x01, 0x87, 0xbf, 0x10, 0x00, 0x10, 0xd6, 0x0e, 0x21, 0x05, 0x02, 0x43, 0x00, 0x17, 0xd4,
  0x0e, 0x1d, 0x02, 0x00, 0x10, 0x00, 0x55, 0xd6, 0x0e, 0x21, 0xfe, 0x03, 0xff, 0x7f, 0x00, 0x00,
  0x91, 0x00, 0x87, 0xbf, 0x90, 0x20, 0x20, 0x32, 0x0e, 0x00, 0x01, 0xd5, 0xff, 0x20, 0x0e, 0x01,
  0xff, 0x7f, 0x00, 0x00, 0xa1, 0x00, 0x87, 0xbf, 0xbb, 0x00, 0x44, 0xd6, 0x0f, 0x1d, 0xfe, 0x03,
  0x00, 0x01, 0x04, 0x05, 0x90, 0xbc, 0x1c, 0x30, 0xcc, 0x1d, 0x1c, 0x10, 0x21, 0x01, 0x87, 0xbf,
  0x0f, 0x00, 0x10, 0xd6, 0x0e, 0x21, 0x05, 0x02, 0x0e, 0x1d, 0x2e, 0x7c, 0x0f, 0x00, 0x55, 0xd6,
  0x0e, 0x1f, 0xfe, 0x03, 0xff, 0x7f, 0x00, 0x00, 0x90, 0x88, 0x1c, 0x30, 0x92, 0x00, 0x87, 0xbf,
  0x90, 0x1e, 0x1e, 0x32, 0xcb, 0x1d, 0xd2, 0xc8, 0xff, 0x1e, 0x0e, 0x0e, 0xff, 0x7f, 0x00, 0x00,
  0x21, 0x01, 0x87, 0xbf, 0x10, 0x00, 0x10, 0xd6, 0x0e, 0x21, 0x05, 0x02, 0x43, 0x00, 0x17, 0xd4,
  0x0e, 0x1d, 0x02, 0x00, 0x10, 0x00, 0x55, 0xd6, 0x0e, 0x21, 0xfe, 0x03, 0xff, 0x7f, 0x00, 0x00,
  0x91, 0x00, 0x87, 0xbf, 0x90, 0x20, 0x20, 0x32, 0x0e, 0x00, 0x01, 0xd5, 0xff, 0x20, 0x0e, 0x01,
  0xff, 0x7f, 0x00, 0x00, 0xa1, 0x00, 0x87, 0xbf, 0xba, 0x00, 0x44, 0xd6, 0x0f, 0x1d, 0xfe, 0x03,
  0x00, 0x01, 0x04, 0x05, 0x90, 0x8c, 0x1c, 0x30, 0xca, 0x1d, 0x1c, 0x10, 0x21, 0x01, 0x87, 0xbf,
  0x0f, 0x00, 0x10, 0xd6, 0x0e, 0x21, 0x05, 0x02, 0x0e, 0x1d, 0x2e, 0x7c, 0x0f, 0x00, 0x55, 0xd6,
  0x0e, 0x1f, 0xfe, 0x03, 0xff, 0x7f, 0x00, 0x00, 0x90, 0x8a, 0x1c, 0x30, 0x92, 0x00, 0x87, 0xbf,
  0x90, 0x1e, 0x1e, 0x32, 0xc9, 0x1d, 0xd2, 0xc8, 0xff, 0x1e, 0x0e, 0x0e, 0xff, 0x7f, 0x00, 0x00,
  0x21, 0x01, 0x87, 0xbf, 0x10, 0x00, 0x10, 0xd6, 0x0e, 0x21, 0x05, 0x02, 0x43, 0x00, 0x17, 0xd4,
  0x0e, 0x1d, 0x02, 0x00, 0x10, 0x00, 0x55, 0xd6, 0x0e, 0x21, 0xfe, 0x03, 0xff, 0x7f, 0x00, 0x00,
  0x91, 0x00, 0x87, 0xbf, 0x90, 0x20, 0x20, 0x32, 0x0e, 0x00, 0x01, 0xd5, 0xff, 0x20, 0x0e, 0x01,
  0xff, 0x7f, 0x00, 0x00, 0xa1, 0x00, 0x87, 0xbf, 0xb9, 0x00, 0x44, 0xd6, 0x0f, 0x1d, 0xfe, 0x03,
  0x00, 0x01, 0x04, 0x05, 0x35, 0x02, 0x1c, 0x7e, 0x76, 0x00, 0x3c, 0xd7, 0x8c, 0x1a, 0x02, 0x00,
  0x52, 0x1a, 0xa8, 0x7c, 0x92, 0x01, 0x87, 0xbf, 0x77, 0x03, 0x1c, 0x7e, 0x76, 0x01, 0x1a, 0x38,
  0x68, 0x6a, 0x18, 0x8b, 0x01, 0x00, 0x87, 0xbf, 0x73, 0x00, 0x3c, 0xd7, 0x81, 0x1a, 0x02, 0x00,
  0x18, 0x20, 0x80, 0xbe, 0x16, 0x01, 0xa5, 0xbf, 0x07, 0x00, 0x85, 0xbf, 0x50, 0x02, 0x5d, 0xdc,
  0x00, 0x00, 0x7c, 0x2b, 0x60, 0x02, 0x5d, 0xdc, 0x00, 0x00, 0x7c, 0x2f, 0x70, 0x02, 0x5d, 0xdc,
  0x00, 0x00, 0x7c, 0x33, 0x80, 0x02, 0x5d, 0xdc, 0x00, 0x00, 0x7c, 0x37, 0x90, 0x02, 0x5d, 0xdc,
  0x00, 0x00, 0x7c, 0x3b, 0xa0, 0x02, 0x5d, 0xdc, 0x00, 0x00, 0x7c, 0x3f, 0xb0, 0x02, 0x5d, 0xdc,
  0x00, 0x00, 0x7c, 0x43, 0xc0, 0x02, 0x5d, 0xdc, 0x00, 0x00, 0x7c, 0x47, 0x54, 0x00, 0x10, 0xca,
  0x55, 0x00, 0x1a, 0x19, 0x56, 0x00, 0x10, 0xca, 0x57, 0x00, 0x1c, 0x1b, 0x58, 0x00, 0x10, 0xca,
  0x59, 0x00, 0x1e, 0x1d, 0x5a, 0x00, 0x10, 0xca, 0x5b, 0x00, 0x20, 0x1f, 0xf7, 0x1b, 0x89, 0xbf,
  0xa1, 0x00, 0x87, 0xbf, 0x21, 0x40, 0x41, 0xcc, 0xa1, 0x57, 0x66, 0x1c, 0xf7, 0x13, 0x89, 0xbf,
  0x21, 0x40, 0x41, 0xcc, 0xa9, 0x67, 0x86, 0x1c, 0xf7, 0x0b, 0x89, 0xbf, 0xa1, 0x00, 0x87, 0xbf,
  0x21, 0x40, 0x41, 0xcc, 0xb1, 0x77, 0x86, 0x1c, 0xf7, 0x03, 0x89, 0xbf, 0x21, 0x40, 0x41, 0xcc,
  0xb9, 0x87, 0x86, 0x1c, 0x11, 0x01, 0x87, 0xbf, 0x0d, 0x00, 0x10, 0xd6, 0x28, 0x21, 0x05, 0x02,
  0x0e, 0x00, 0x10, 0xd6, 0x27, 0x21, 0x05, 0x02, 0x13, 0x02, 0x87, 0xbf, 0x0f, 0x00, 0x10, 0xd6,
  0x26, 0x21, 0x05, 0x02, 0x10, 0x00, 0x10, 0xd6, 0x25, 0x21, 0x05, 0x02, 0x11, 0x00, 0x10, 0xd6,
  0x24, 0x21, 0x05, 0x02, 0x12, 0x00, 0x10, 0xd6, 0x23, 0x21, 0x05, 0x02, 0x14, 0x00, 0x10, 0xd6,
  0x22, 0x21, 0x05, 0x02, 0x17, 0x00, 0x10, 0xd6, 0x21, 0x21, 0x05, 0x02, 0x0d, 0x00, 0x55, 0xd6,
  0x28, 0x1b, 0xfe, 0x03, 0xff, 0x7f, 0x00, 0x00, 0x0e, 0x00, 0x55, 0xd6, 0x27, 0x1d, 0xfe, 0x03,
  0xff, 0x7f, 0x00, 0x00, 0x0f, 0x00, 0x55, 0xd6, 0x26, 0x1f, 0xfe, 0x03, 0xff, 0x7f, 0x00, 0x00,
  0x10, 0x00, 0x55, 0xd6, 0x25, 0x21, 0xfe, 0x03, 0xff, 0x7f, 0x00, 0x00, 0x11, 0x00, 0x55, 0xd6,
  0x24, 0x23, 0xfe, 0x03, 0xff, 0x7f, 0x00, 0x00, 0x12, 0x00, 0x55, 0xd6, 0x23, 0x25, 0xfe, 0x03,
  0xff, 0x7f, 0x00, 0x00, 0x14, 0x00, 0x55, 0xd6, 0x22, 0x29, 0xfe, 0x03, 0xff, 0x7f, 0x00, 0x00,
  0x17, 0x00, 0x55, 0xd6, 0x21, 0x2f, 0xfe, 0x03, 0xff, 0x7f, 0x00, 0x00, 0x28, 0x51, 0x2e, 0x7c,
  0x43, 0x00, 0x17, 0xd4, 0x27, 0x4f, 0x02, 0x00, 0x44, 0x00, 0x17, 0xd4, 0x26, 0x4d, 0x02, 0x00,
  0x45, 0x00, 0x17, 0xd4, 0x25, 0x4b, 0x02, 0x00, 0x46, 0x00, 0x17, 0xd4, 0x24, 0x49, 0x02, 0x00,
  0x47, 0x00, 0x17, 0xd4, 0x23, 0x47, 0x02, 0x00, 0x48, 0x00, 0x17, 0xd4, 0x22, 0x45, 0x02, 0x00,
  0x49, 0x00, 0x17, 0xd4, 0x21, 0x43, 0x02, 0x00, 0x21, 0x40, 0x41, 0xcc, 0x81, 0x57, 0x66, 0x1c,
  0x90, 0x1c, 0x54, 0x32, 0x90, 0x1a, 0x52, 0x32, 0x90, 0x28, 0x28, 0x32, 0x04, 0x00, 0x87, 0xbf,
  0x21, 0x40, 0x41, 0xcc, 0x89, 0x67, 0x86, 0x1c, 0x90, 0x24, 0x24, 0x32, 0x90, 0x22, 0x22, 0x32,
  0x90, 0x20, 0x20, 0x32, 0x90, 0x1e, 0x1e, 0x32, 0x21, 0x40, 0x41, 0xcc, 0x91, 0x77, 0x86, 0x1c,
  0x90, 0x2e, 0x2e, 0x32, 0x14, 0x00, 0x01, 0xd5, 0xff, 0x28, 0x22, 0x01, 0xff, 0x7f, 0x00, 0x00,
  0x12, 0x00, 0x01, 0xd5, 0xff, 0x24, 0x1e, 0x01, 0xff, 0x7f, 0x00, 0x00, 0x11, 0x00, 0x01, 0xd5,
  0xff, 0x22, 0x1a, 0x01, 0xff, 0x7f, 0x00, 0x00, 0x21, 0x40, 0x41, 0xcc, 0x99, 0x87, 0x86, 0x1c,
  0x10, 0x00, 0x01, 0xd5, 0xff, 0x20, 0x16, 0x01, 0xff, 0x7f, 0x00, 0x00, 0x17, 0x00, 0x01, 0xd5,
  0xff, 0x2e, 0x26, 0x01, 0xff, 0x7f, 0x00, 0x00, 0x0f, 0x00, 0x01, 0xd5, 0xff, 0x1e, 0x12, 0x01,
  0xff, 0x7f, 0x00, 0x00, 0x04, 0x00, 0x87, 0xbf, 0x0e, 0x00, 0x10, 0xd6, 0x27, 0x21, 0x05, 0x02,
  0x0d, 0x00, 0x10, 0xd6, 0x28, 0x21, 0x05, 0x02, 0x1c, 0x00, 0x10, 0xd6, 0x21, 0x21, 0x05, 0x02,
  0x1e, 0x00, 0x10, 0xd6, 0x23, 0x21, 0x05, 0x02, 0x51, 0x00, 0x17, 0xd4, 0x21, 0x43, 0x02, 0x00,
  0x0e, 0x00, 0x55, 0xd6, 0x27, 0x1d, 0xfe, 0x03, 0xff, 0x7f, 0x00, 0x00, 0x0d, 0x00, 0x55, 0xd6,
  0x28, 0x1b, 0xfe, 0x03, 0xff, 0x7f, 0x00, 0x00, 0x1c, 0x00, 0x55, 0xd6, 0x21, 0x39, 0xfe, 0x03,
  0xff, 0x7f, 0x00, 0x00, 0x1e, 0x00, 0x55, 0xd6, 0x23, 0x3d, 0xfe, 0x03, 0xff, 0x7f, 0x00, 0x00,
  0x1d, 0x00, 0x10, 0xd6, 0x22, 0x21, 0x05, 0x02, 0x90, 0x1c, 0x36, 0x32, 0x0e, 0x00, 0x10, 0xd6,
  0x24, 0x21, 0x05, 0x02, 0x90, 0x1a, 0x34, 0x32, 0x0d, 0x00, 0x10, 0xd6, 0x25, 0x21, 0x05, 0x02,
  0x1d, 0x00, 0x55, 0xd6, 0x22, 0x3b, 0xfe, 0x03, 0xff, 0x7f, 0x00, 0x00, 0x19, 0x00, 0x10, 0xd6,
  0x26, 0x21, 0x05, 0x02, 0x0e, 0x00, 0x55, 0xd6, 0x24, 0x1d, 0xfe, 0x03, 0xff, 0x7f, 0x00, 0x00,
  0x4e, 0x00, 0x17, 0xd4, 0x22, 0x45, 0x02, 0x00, 0x0d, 0x00, 0x55, 0xd6, 0x25, 0x1b, 0xfe, 0x03,
  0xff, 0x7f, 0x00, 0x00, 0x90, 0x3a, 0x3a, 0x32, 0x4f, 0x00, 0x17, 0xd4, 0x23, 0x47, 0x02, 0x00,
  0x90, 0x1c, 0x3e, 0x32, 0x90, 0x38, 0x1c, 0x32, 0x90, 0x3c, 0x38, 0x32, 0x90, 0x1a, 0x3c, 0x32,
  0x19, 0x00, 0x55, 0xd6, 0x26, 0x33, 0xfe, 0x03, 0xff, 0x7f, 0x00, 0x00, 0x4d, 0x00, 0x17, 0xd4,
  0x24, 0x49, 0x02, 0x00, 0x20, 0x00, 0x01, 0xd5, 0xff, 0x1c, 0x46, 0x01, 0xff, 0x7f, 0x00, 0x00,
  0x0d, 0x51, 0x00, 0xd7, 0x03, 0xe6, 0x02, 0x00, 0x01, 0x00, 0x87, 0xbf, 0x0e, 0x7c, 0x20, 0xd5,
  0x02, 0xe8, 0x46, 0x01, 0x1d, 0x00, 0x01, 0xd5, 0xff, 0x3a, 0x3a, 0x01, 0xff, 0x7f, 0x00, 0x00,
  0x50, 0x00, 0x17, 0xd4, 0x25, 0x4b, 0x02, 0x00, 0x1c, 0x00, 0x01, 0xd5, 0xff, 0x38, 0x3e, 0x01,
  0xff, 0x7f, 0x00, 0x00, 0x00, 0x00, 0x66, 0xdc, 0x0d, 0x20, 0x7c, 0x00, 0x0d, 0x51, 0x00, 0xd7,
  0x76, 0x01, 0x02, 0x00, 0x41, 0x02, 0x87, 0xbf, 0x0e, 0x7c, 0x20, 0xd5, 0x80, 0xee, 0x46, 0x01,
  0x90, 0x32, 0x32, 0x32, 0x4c, 0x00, 0x17, 0xd4, 0x26, 0x4d, 0x02, 0x00, 0x4b, 0x00, 0x17, 0xd4,
  0x27, 0x4f, 0x02, 0x00, 0x0d, 0x00, 0x3c, 0xd7, 0x81, 0x1a, 0x02, 0x00, 0x4a, 0x00, 0x17, 0xd4,
  0x28, 0x51, 0x02, 0x00, 0x14, 0x02, 0x87, 0xbf, 0x19, 0x00, 0x01, 0xd5, 0xff, 0x32, 0x32, 0x01,
  0xff, 0x7f, 0x00, 0x00, 0x1b, 0x00, 0x01, 0xd5, 0xff, 0x36, 0x2e, 0x01, 0xff, 0x7f, 0x00, 0x00,
  0x94, 0x00, 0x87, 0xbf, 0x0d, 0x51, 0x00, 0xd7, 0x03, 0x1a, 0x02, 0x00, 0x0e, 0x7c, 0x20, 0xd5,
  0x02, 0x1c, 0x46, 0x01, 0x1a, 0x00, 0x01, 0xd5, 0xff, 0x34, 0x2a, 0x01, 0xff, 0x7f, 0x00, 0x00,
  0x01, 0x00, 0x85, 0xbf, 0x04, 0x00, 0x66, 0xdc, 0x0d, 0x1d, 0x7c, 0x00, 0x08, 0x00, 0x66, 0xdc,
  0x0d, 0x1c, 0x7c, 0x00, 0x1d, 0x00, 0x01, 0xd5, 0xff, 0x3e, 0x36, 0x01, 0xff, 0x7f, 0x00, 0x00,
  0x1c, 0x00, 0x01, 0xd5, 0xff, 0x3c, 0x42, 0x01, 0xff, 0x7f, 0x00, 0x00, 0x05, 0x00, 0x85, 0xbf,
  0x0c, 0x00, 0x66, 0xdc, 0x0d, 0x1d, 0x7c, 0x00, 0x10, 0x00, 0x66, 0xdc, 0x0d, 0x1c, 0x7c, 0x00,
  0x14, 0x00, 0x66, 0xdc, 0x0d, 0x19, 0x7c, 0x00, 0x18, 0x00, 0x66, 0xdc, 0x0d, 0x1b, 0x7c, 0x00,
  0x1c, 0x00, 0x66, 0xdc, 0x0d, 0x1a, 0x7c, 0x00, 0x40, 0x00, 0x66, 0xdc, 0x0d, 0x17, 0x7c, 0x00,
  0xff, 0x52, 0x2e, 0x02, 0xff, 0x7f, 0x00, 0x00, 0x19, 0x00, 0x01, 0xd5, 0xff, 0x54, 0x0e, 0x01,
  0xff, 0x7f, 0x00, 0x00, 0x06, 0x00, 0x85, 0xbf, 0x44, 0x00, 0x66, 0xdc, 0x0d, 0x14, 0x7c, 0x00,
  0x48, 0x00, 0x66, 0xdc, 0x0d, 0x12, 0x7c, 0x00, 0x4c, 0x00, 0x66, 0xdc, 0x0d, 0x11, 0x7c, 0x00,
  0x50, 0x00, 0x66, 0xdc, 0x0d, 0x10, 0x7c, 0x00, 0x54, 0x00, 0x66, 0xdc, 0x0d, 0x0f, 0x7c, 0x00,
  0x58, 0x00, 0x66, 0xdc, 0x0d, 0x19, 0x7c, 0x00, 0x5c, 0x00, 0x66, 0xdc, 0x0d, 0x17, 0x7c, 0x00,
  0x7e, 0x00, 0x7e, 0x8c, 0x0f, 0x00, 0x58, 0xd6, 0xd7, 0x69, 0x40, 0x02, 0x35, 0x02, 0x20, 0x7e,
  0x21, 0x01, 0x87, 0xbf, 0x59, 0x00, 0x3c, 0xd7, 0x8c, 0x1e, 0x02, 0x00, 0x52, 0x1e, 0xa8, 0x7c,
  0x59, 0x01, 0x1a, 0x38, 0xa3, 0x00, 0x87, 0xbf, 0x5a, 0x03, 0x1c, 0x7e, 0x68, 0x6a, 0x19, 0x8b,
  0x0d, 0x00, 0x3c, 0xd7, 0x81, 0x1a, 0x02, 0x00, 0x91, 0x00, 0x87, 0xbf, 0x55, 0x43, 0x00, 0xd7,
  0x03, 0x1a, 0x02, 0x00, 0x56, 0x7c, 0x20, 0xd5, 0x02, 0x1c, 0x0e, 0x01, 0x7e, 0x00, 0x80, 0xbe,
  0x03, 0x00, 0x85, 0xbf, 0x10, 0x01, 0x5d, 0xdc, 0x00, 0x00, 0x7c, 0xcd, 0x20, 0x01, 0x5d, 0xdc,
  0x00, 0x00, 0x7c, 0xd1, 0x40, 0x03, 0x51, 0xdc, 0x00, 0x00, 0x7c, 0x75, 0x44, 0x03, 0x51, 0xdc,
  0x00, 0x00, 0x7c, 0x78, 0x00, 0x19, 0x01, 0x8b, 0x09, 0x00, 0x87, 0xbf, 0x01, 0x00, 0xfe, 0xbe,
  0x02, 0x01, 0xa5, 0xbf, 0x07, 0x00, 0x85, 0xbf, 0xd0, 0x01, 0x5d, 0xdc, 0x00, 0x00, 0x7c, 0x2b,
  0xe0, 0x01, 0x5d, 0xdc, 0x00, 0x00, 0x7c, 0x2f, 0xf0, 0x01, 0x5d, 0xdc, 0x00, 0x00, 0x7c, 0x33,
  0x00, 0x02, 0x5d, 0xdc, 0x00, 0x00, 0x7c, 0x37, 0x10, 0x02, 0x5d, 0xdc, 0x00, 0x00, 0x7c, 0x3b,
  0x20, 0x02, 0x5d, 0xdc, 0x00, 0x00, 0x7c, 0x3f, 0x30, 0x02, 0x5d, 0xdc, 0x00, 0x00, 0x7c, 0x43,
  0x40, 0x02, 0x5d, 0xdc, 0x00, 0x00, 0x7c, 0x47, 0x54, 0x00, 0x10, 0xca, 0x55, 0x00, 0x1a, 0x19,
  0x56, 0x00, 0x10, 0xca, 0x57, 0x00, 0x1c, 0x1b, 0x58, 0x00, 0x10, 0xca, 0x59, 0x00, 0x1e, 0x1d,
  0x5a, 0x00, 0x10, 0xca, 0x5b, 0x00, 0x20, 0x1f, 0xf7, 0x1b, 0x89, 0xbf, 0xa1, 0x00, 0x87, 0xbf,
  0x21, 0x40, 0x41, 0xcc, 0xa1, 0x57, 0x66, 0x1c, 0xf7, 0x13, 0x89, 0xbf, 0x21, 0x40, 0x41, 0xcc,
  0xa9, 0x67, 0x86, 0x1c, 0xf7, 0x0b, 0x89, 0xbf, 0xa1, 0x00, 0x87, 0xbf, 0x21, 0x40, 0x41, 0xcc,
  0xb1, 0x77, 0x86, 0x1c, 0xf7, 0x03, 0x89, 0xbf, 0x21, 0x40, 0x41, 0xcc, 0xb9, 0x87, 0x86, 0x1c,
  0x11, 0x01, 0x87, 0xbf, 0x0f, 0x00, 0x10, 0xd6, 0x21, 0x21, 0x05, 0x02, 0x10, 0x00, 0x10, 0xd6,
  0x22, 0x21, 0x05, 0x02, 0x13, 0x02, 0x87, 0xbf, 0x11, 0x00, 0x10, 0xd6, 0x23, 0x21, 0x05, 0x02,
  0x12, 0x00, 0x10, 0xd6, 0x24, 0x21, 0x05, 0x02, 0x14, 0x00, 0x10, 0xd6, 0x25, 0x21, 0x05, 0x02,
  0x17, 0x00, 0x10, 0xd6, 0x26, 0x21, 0x05, 0x02, 0x29, 0x00, 0x10, 0xd6, 0x27, 0x21, 0x05, 0x02,
  0x2a, 0x00, 0x10, 0xd6, 0x28, 0x21, 0x05, 0x02, 0x0f, 0x00, 0x55, 0xd6, 0x21, 0x1f, 0xfe, 0x03,
  0xff, 0x7f, 0x00, 0x00, 0x10, 0x00, 0x55, 0xd6, 0x22, 0x21, 0xfe, 0x03, 0xff, 0x7f, 0x00, 0x00,
  0x11, 0x00, 0x55, 0xd6, 0x23, 0x23, 0xfe, 0x03, 0xff, 0x7f, 0x00, 0x00, 0x12, 0x00, 0x55, 0xd6,
  0x24, 0x25, 0xfe, 0x03, 0xff, 0x7f, 0x00, 0x00, 0x14, 0x00, 0x55, 0xd6, 0x25, 0x29, 0xfe, 0x03,
  0xff, 0x7f, 0x00, 0x00, 0x17, 0x00, 0x55, 0xd6, 0x26, 0x2f, 0xfe, 0x03, 0xff, 0x7f, 0x00, 0x00,
  0x29, 0x00, 0x55, 0xd6, 0x27, 0x53, 0xfe, 0x03, 0xff, 0x7f, 0x00, 0x00, 0x2a, 0x00, 0x55, 0xd6,
  0x28, 0x55, 0xfe, 0x03, 0xff, 0x7f, 0x00, 0x00, 0x21, 0x43, 0x2e, 0x7c, 0x43, 0x00, 0x17, 0xd4,
  0x22, 0x45, 0x02, 0x00, 0x44, 0x00, 0x17, 0xd4, 0x23, 0x47, 0x02, 0x00, 0x45, 0x00, 0x17, 0xd4,
  0x24, 0x49, 0x02, 0x00, 0x46, 0x00, 0x17, 0xd4, 0x25, 0x4b, 0x02, 0x00, 0x47, 0x00, 0x17, 0xd4,
  0x26, 0x4d, 0x02, 0x00, 0x48, 0x00, 0x17, 0xd4, 0x27, 0x4f, 0x02, 0x00, 0x49, 0x00, 0x17, 0xd4,
  0x28, 0x51, 0x02, 0x00, 0x21, 0x40, 0x41, 0xcc, 0x81, 0x57, 0x66, 0x1c, 0x90, 0x1e, 0x1e, 0x32,
  0x90, 0x20, 0x20, 0x32, 0x90, 0x22, 0x22, 0x32, 0x04, 0x00, 0x87, 0xbf, 0x21, 0x40, 0x41, 0xcc,
  0x89, 0x67, 0x86, 0x1c, 0x90, 0x24, 0x24, 0x32, 0x90, 0x28, 0x28, 0x32, 0x90, 0x2e, 0x2e, 0x32,
  0x90, 0x52, 0x52, 0x32, 0x21, 0x40, 0x41, 0xcc, 0x91, 0x77, 0x86, 0x1c, 0x90, 0x54, 0x54, 0x32,
  0xff, 0x1e, 0x1e, 0x02, 0xff, 0x7f, 0x00, 0x00, 0x10, 0x00, 0x01, 0xd5, 0xff, 0x20, 0x0e, 0x01,
  0xff, 0x7f, 0x00, 0x00, 0x11, 0x00, 0x01, 0xd5, 0xff, 0x22, 0x12, 0x01, 0xff, 0x7f, 0x00, 0x00,
  0x21, 0x40, 0x41, 0xcc, 0x99, 0x87, 0x86, 0x1c, 0x12, 0x00, 0x01, 0xd5, 0xff, 0x24, 0x16, 0x01,
  0xff, 0x7f, 0x00, 0x00, 0x14, 0x00, 0x01, 0xd5, 0xff, 0x28, 0x1a, 0x01, 0xff, 0x7f, 0x00, 0x00,
  0x17, 0x00, 0x01, 0xd5, 0xff, 0x2e, 0x1e, 0x01, 0xff, 0x7f, 0x00, 0x00, 0x04, 0x00, 0x87, 0xbf,
  0x1d, 0x00, 0x10, 0xd6, 0x21, 0x21, 0x05, 0x02, 0x19, 0x00, 0x10, 0xd6, 0x22, 0x21, 0x05, 0x02,
  0x1a, 0x00, 0x10, 0xd6, 0x23, 0x21, 0x05, 0x02, 0x1b, 0x00, 0x10, 0xd6, 0x24, 0x21, 0x05, 0x02,
  0x1c, 0x00, 0x10, 0xd6, 0x25, 0x21, 0x05, 0x02, 0x1d, 0x00, 0x55, 0xd6, 0x21, 0x3b, 0xfe, 0x03,
  0xff, 0x7f, 0x00, 0x00, 0x1e, 0x00, 0x10, 0xd6, 0x26, 0x21, 0x05, 0x02, 0x1f, 0x00, 0x10, 0xd6,
  0x27, 0x21, 0x05, 0x02, 0x20, 0x00, 0x10, 0xd6, 0x28, 0x21, 0x05, 0x02, 0x19, 0x00, 0x55, 0xd6,
  0x22, 0x33, 0xfe, 0x03, 0xff, 0x7f, 0x00, 0x00, 0x1a, 0x00, 0x55, 0xd6, 0x23, 0x35, 0xfe, 0x03,
  0xff, 0x7f, 0x00, 0x00, 0x1b, 0x00, 0x55, 0xd6, 0x24, 0x37, 0xfe, 0x03, 0xff, 0x7f, 0x00, 0x00,
  0x1c, 0x00, 0x55, 0xd6, 0x25, 0x39, 0xfe, 0x03, 0xff, 0x7f, 0x00, 0x00, 0x1e, 0x00, 0x55, 0xd6,
  0x26, 0x3d, 0xfe, 0x03, 0xff, 0x7f, 0x00, 0x00, 0x1f, 0x00, 0x55, 0xd6, 0x27, 0x3f, 0xfe, 0x03,
  0xff, 0x7f, 0x00, 0x00, 0x20, 0x00, 0x55, 0xd6, 0x28, 0x41, 0xfe, 0x03, 0xff, 0x7f, 0x00, 0x00,
  0x90, 0x3a, 0x3a, 0x32, 0x51, 0x00, 0x17, 0xd4, 0x21, 0x43, 0x02, 0x00, 0x90, 0x32, 0x32, 0x32,
  0x4a, 0x00, 0x17, 0xd4, 0x22, 0x45, 0x02, 0x00, 0x90, 0x34, 0x34, 0x32, 0x4b, 0x00, 0x17, 0xd4,
  0x23, 0x47, 0x02, 0x00, 0x90, 0x36, 0x36, 0x32, 0x4c, 0x00, 0x17, 0xd4, 0x24, 0x49, 0x02, 0x00,
  0x90, 0x38, 0x38, 0x32, 0x4d, 0x00, 0x17, 0xd4, 0x25, 0x4b, 0x02, 0x00, 0x90, 0x3c, 0x3c, 0x32,
  0x4e, 0x00, 0x17, 0xd4, 0x26, 0x4d, 0x02, 0x00, 0x90, 0x3e, 0x3e, 0x32, 0x4f, 0x00, 0x17, 0xd4,
  0x27, 0x4f, 0x02, 0x00, 0x90, 0x40, 0x40, 0x32, 0x50, 0x00, 0x17, 0xd4, 0x28, 0x51, 0x02, 0x00,
  0x1d, 0x00, 0x01, 0xd5, 0xff, 0x3a, 0x46, 0x01, 0xff, 0x7f, 0x00, 0x00, 0x19, 0x00, 0x01, 0xd5,
  0xff, 0x32, 0x2a, 0x01, 0xff, 0x7f, 0x00, 0x00, 0x1a, 0x00, 0x01, 0xd5, 0xff, 0x34, 0x2e, 0x01,
  0xff, 0x7f, 0x00, 0x00, 0x1b, 0x00, 0x01, 0xd5, 0xff, 0x36, 0x32, 0x01, 0xff, 0x7f, 0x00, 0x00,
  0x1c, 0x00, 0x01, 0xd5, 0xff, 0x38, 0x36, 0x01, 0xff, 0x7f, 0x00, 0x00, 0x1e, 0x00, 0x01, 0xd5,
  0xff, 0x3c, 0x3a, 0x01, 0xff, 0x7f, 0x00, 0x00, 0x1f, 0x00, 0x01, 0xd5, 0xff, 0x3e, 0x3e, 0x01,
  0xff, 0x7f, 0x00, 0x00, 0x20, 0x00, 0x01, 0xd5, 0xff, 0x40, 0x42, 0x01, 0xff, 0x7f, 0x00, 0x00,
  0x21, 0x00, 0x01, 0xd5, 0xff, 0x52, 0x22, 0x01, 0xff, 0x7f, 0x00, 0x00, 0x22, 0x00, 0x01, 0xd5,
  0xff, 0x54, 0x26, 0x01, 0xff, 0x7f, 0x00, 0x00, 0x0f, 0x00, 0x85, 0xbf, 0x00, 0x00, 0x66, 0xdc,
  0x55, 0x1d, 0x7c, 0x00, 0x04, 0x00, 0x66, 0xdc, 0x55, 0x19, 0x7c, 0x00, 0x08, 0x00, 0x66, 0xdc,
  0x55, 0x1a, 0x7c, 0x00, 0x0c, 0x00, 0x66, 0xdc, 0x55, 0x1b, 0x7c, 0x00, 0x10, 0x00, 0x66, 0xdc,
  0x55, 0x1c, 0x7c, 0x00, 0x14, 0x00, 0x66, 0xdc, 0x55, 0x1e, 0x7c, 0x00, 0x18, 0x00, 0x66, 0xdc,
  0x55, 0x1f, 0x7c, 0x00, 0x1c, 0x00, 0x66, 0xdc, 0x55, 0x20, 0x7c, 0x00, 0x40, 0x00, 0x66, 0xdc,
  0x55, 0x0f, 0x7c, 0x00, 0x44, 0x00, 0x66, 0xdc, 0x55, 0x10, 0x7c, 0x00, 0x48, 0x00, 0x66, 0xdc,
  0x55, 0x11, 0x7c, 0x00, 0x4c, 0x00, 0x66, 0xdc, 0x55, 0x12, 0x7c, 0x00, 0x50, 0x00, 0x66, 0xdc,
  0x55, 0x14, 0x7c, 0x00, 0x54, 0x00, 0x66, 0xdc, 0x55, 0x17, 0x7c, 0x00, 0x58, 0x00, 0x66, 0xdc,
  0x55, 0x21, 0x7c, 0x00, 0x5c, 0x00, 0x66, 0xdc, 0x55, 0x22, 0x7c, 0x00, 0x7e, 0x00, 0x7e, 0x8c,
  0x11, 0x00, 0x58, 0xd6, 0xd7, 0x69, 0x80, 0x02, 0x35, 0x02, 0x24, 0x7e, 0x21, 0x01, 0x87, 0xbf,
  0x5b, 0x00, 0x3c, 0xd7, 0x8c, 0x22, 0x02, 0x00, 0x52, 0x22, 0xa8, 0x7c, 0x5b, 0x01, 0x1e, 0x38,
  0xa3, 0x00, 0x87, 0xbf, 0x5c, 0x03, 0x20, 0x7e, 0x68, 0x6a, 0x1a, 0x8b, 0x0f, 0x00, 0x3c, 0xd7,
  0x81, 0x1e, 0x02, 0x00, 0x91, 0x00, 0x87, 0xbf, 0x57, 0x43, 0x00, 0xd7, 0x03, 0x1e, 0x02, 0x00,
  0x58, 0x7c, 0x20, 0xd5, 0x02, 0x20, 0x0e, 0x01, 0x1a, 0x20, 0x80, 0xbe, 0x03, 0x01, 0xa5, 0xbf,
  0x07, 0x00, 0x85, 0xbf, 0x50, 0x01, 0x5d, 0xdc, 0x00, 0x00, 0x7c, 0x2d, 0x60, 0x01, 0x5d, 0xdc,
  0x00, 0x00, 0x7c, 0x31, 0x70, 0x01, 0x5d, 0xdc, 0x00, 0x00, 0x7c, 0x35, 0x80, 0x01, 0x5d, 0xdc,
  0x00, 0x00, 0x7c, 0x39, 0x90, 0x01, 0x5d, 0xdc, 0x00, 0x00, 0x7c, 0x3d, 0xa0, 0x01, 0x5d, 0xdc,
  0x00, 0x00, 0x7c, 0x41, 0xb0, 0x01, 0x5d, 0xdc, 0x00, 0x00, 0x7c, 0x45, 0xc0, 0x01, 0x5d, 0xdc,
  0x00, 0x00, 0x7c, 0x49, 0x54, 0x00, 0x10, 0xca, 0x55, 0x00, 0x1a, 0x19, 0x56, 0x00, 0x10, 0xca,
  0x57, 0x00, 0x1c, 0x1b, 0x58, 0x00, 0x10, 0xca, 0x59, 0x00, 0x1e, 0x1d, 0x5a, 0x00, 0x10, 0xca,
  0x5b, 0x00, 0x20, 0x1f, 0xf7, 0x1b, 0x89, 0xbf, 0xa1, 0x00, 0x87, 0xbf, 0x21, 0x40, 0x41, 0xcc,
  0xa1, 0x5b, 0x66, 0x1c, 0xf7, 0x13, 0x89, 0xbf, 0x21, 0x40, 0x41, 0xcc, 0xa9, 0x6b, 0x86, 0x1c,
  0xf7, 0x0b, 0x89, 0xbf, 0xa1, 0x00, 0x87, 0xbf, 0x21, 0x40, 0x41, 0xcc, 0xb1, 0x7b, 0x86, 0x1c,
  0xf7, 0x03, 0x89, 0xbf, 0x21, 0x40, 0x41, 0xcc, 0xb9, 0x8b, 0x86, 0x1c, 0x11, 0x01, 0x87, 0xbf,
  0x11, 0x00, 0x10, 0xd6, 0x21, 0x21, 0x05, 0x02, 0x12, 0x00, 0x10, 0xd6, 0x22, 0x21, 0x05, 0x02,
  0x13, 0x02, 0x87, 0xbf, 0x14, 0x00, 0x10, 0xd6, 0x23, 0x21, 0x05, 0x02, 0x17, 0x00, 0x10, 0xd6,
  0x24, 0x21, 0x05, 0x02, 0x29, 0x00, 0x10, 0xd6, 0x25, 0x21, 0x05, 0x02, 0x2a, 0x00, 0x10, 0xd6,
  0x26, 0x21, 0x05, 0x02, 0x2b, 0x00, 0x10, 0xd6, 0x27, 0x21, 0x05, 0x02, 0x2c, 0x00, 0x10, 0xd6,
  0x28, 0x21, 0x05, 0x02, 0x11, 0x00, 0x55, 0xd6, 0x21, 0x23, 0xfe, 0x03, 0xff, 0x7f, 0x00, 0x00,
  0x12, 0x00, 0x55, 0xd6, 0x22, 0x25, 0xfe, 0x03, 0xff, 0x7f, 0x00, 0x00, 0x14, 0x00, 0x55, 0xd6,
  0x23, 0x29, 0xfe, 0x03, 0xff, 0x7f, 0x00, 0x00, 0x17, 0x00, 0x55, 0xd6, 0x24, 0x2f, 0xfe, 0x03,
  0xff, 0x7f, 0x00, 0x00, 0x29, 0x00, 0x55, 0xd6, 0x25, 0x53, 0xfe, 0x03, 0xff, 0x7f, 0x00, 0x00,
  0x2a, 0x00, 0x55, 0xd6, 0x26, 0x55, 0xfe, 0x03, 0xff, 0x7f, 0x00, 0x00, 0x2b, 0x00, 0x55, 0xd6,
  0x27, 0x57, 0xfe, 0x03, 0xff, 0x7f, 0x00, 0x00, 0x2c, 0x00, 0x55, 0xd6, 0x28, 0x59, 0xfe, 0x03,
  0xff, 0x7f, 0x00, 0x00, 0x21, 0x43, 0x2e, 0x7c, 0x43, 0x00, 0x17, 0xd4, 0x22, 0x45, 0x02, 0x00,
  0x44, 0x00, 0x17, 0xd4, 0x23, 0x47, 0x02, 0x00, 0x45, 0x00, 0x17, 0xd4, 0x24, 0x49, 0x02, 0x00,
  0x46, 0x00, 0x17, 0xd4, 0x25, 0x4b, 0x02, 0x00, 0x47, 0x00, 0x17, 0xd4, 0x26, 0x4d, 0x02, 0x00,
  0x48, 0x00, 0x17, 0xd4, 0x27, 0x4f, 0x02, 0x00, 0x49, 0x00, 0x17, 0xd4, 0x28, 0x51, 0x02, 0x00,
  0x21, 0x40, 0x41, 0xcc, 0x81, 0x5b, 0x66, 0x1c, 0x90, 0x22, 0x22, 0x32, 0x90, 0x24, 0x24, 0x32,
  0x90, 0x28, 0x28, 0x32, 0x04, 0x00, 0x87, 0xbf, 0x21, 0x40, 0x41, 0xcc, 0x89, 0x6b, 0x86, 0x1c,
  0x90, 0x2e, 0x2e, 0x32, 0x90, 0x52, 0x52, 0x32, 0x90, 0x54, 0x54, 0x32, 0x90, 0x56, 0x56, 0x32,
  0x21, 0x40, 0x41, 0xcc, 0x91, 0x7b, 0x86, 0x1c, 0x90, 0x58, 0x58, 0x32, 0xff, 0x22, 0x22, 0x02,
  0xff, 0x7f, 0x00, 0x00, 0x12, 0x00, 0x01, 0xd5, 0xff, 0x24, 0x0e, 0x01, 0xff, 0x7f, 0x00, 0x00,
  0x14, 0x00, 0x01, 0xd5, 0xff, 0x28, 0x12, 0x01, 0xff, 0x7f, 0x00, 0x00, 0x21, 0x40, 0x41, 0xcc,
  0x99, 0x8b, 0x86, 0x1c, 0x17, 0x00, 0x01, 0xd5, 0xff, 0x2e, 0x16, 0x01, 0xff, 0x7f, 0x00, 0x00,
  0x92, 0x01, 0x87, 0xbf, 0x1d, 0x00, 0x10, 0xd6, 0x21, 0x21, 0x05, 0x02, 0x19, 0x00, 0x10, 0xd6,
  0x22, 0x21, 0x05, 0x02, 0x04, 0x00, 0x87, 0xbf, 0x1a, 0x00, 0x10, 0xd6, 0x23, 0x21, 0x05, 0x02,
  0x1b, 0x00, 0x10, 0xd6, 0x24, 0x21, 0x05, 0x02, 0x1c, 0x00, 0x10, 0xd6, 0x25, 0x21, 0x05, 0x02,
  0x1d, 0x00, 0x55, 0xd6, 0x21, 0x3b, 0xfe, 0x03, 0xff, 0x7f, 0x00, 0x00, 0x1e, 0x00, 0x10, 0xd6,
  0x26, 0x21, 0x05, 0x02, 0x1f, 0x00, 0x10, 0xd6, 0x27, 0x21, 0x05, 0x02, 0x20, 0x00, 0x10, 0xd6,
  0x28, 0x21, 0x05, 0x02, 0x19, 0x00, 0x55, 0xd6, 0x22, 0x33, 0xfe, 0x03, 0xff, 0x7f, 0x00, 0x00,
  0x1a, 0x00, 0x55, 0xd6, 0x23, 0x35, 0xfe, 0x03, 0xff, 0x7f, 0x00, 0x00, 0x1b, 0x00, 0x55, 0xd6,
  0x24, 0x37, 0xfe, 0x03, 0xff, 0x7f, 0x00, 0x00, 0x1c, 0x00, 0x55, 0xd6, 0x25, 0x39, 0xfe, 0x03,
  0xff, 0x7f, 0x00, 0x00, 0x1e, 0x00, 0x55, 0xd6, 0x26, 0x3d, 0xfe, 0x03, 0xff, 0x7f, 0x00, 0x00,
  0x1f, 0x00, 0x55, 0xd6, 0x27, 0x3f, 0xfe, 0x03, 0xff, 0x7f, 0x00, 0x00, 0x20, 0x00, 0x55, 0xd6,
  0x28, 0x41, 0xfe, 0x03, 0xff, 0x7f, 0x00, 0x00, 0x90, 0x3a, 0x3a, 0x32, 0x51, 0x00, 0x17, 0xd4,
  0x21, 0x43, 0x02, 0x00, 0x90, 0x32, 0x32, 0x32, 0x4a, 0x00, 0x17, 0xd4, 0x22, 0x45, 0x02, 0x00,
  0x90, 0x34, 0x34, 0x32, 0x4b, 0x00, 0x17, 0xd4, 0x23, 0x47, 0x02, 0x00, 0x90, 0x36, 0x36, 0x32,
  0x4c, 0x00, 0x17, 0xd4, 0x24, 0x49, 0x02, 0x00, 0x90, 0x38, 0x38, 0x32, 0x4d, 0x00, 0x17, 0xd4,
  0x25, 0x4b, 0x02, 0x00, 0x90, 0x3c, 0x3c, 0x32, 0x4e, 0x00, 0x17, 0xd4, 0x26, 0x4d, 0x02, 0x00,
  0x90, 0x3e, 0x3e, 0x32, 0x4f, 0x00, 0x17, 0xd4, 0x27, 0x4f, 0x02, 0x00, 0x90, 0x40, 0x40, 0x32,
  0x50, 0x00, 0x17, 0xd4, 0x28, 0x51, 0x02, 0x00, 0x1d, 0x00, 0x01, 0xd5, 0xff, 0x3a, 0x46, 0x01,
  0xff, 0x7f, 0x00, 0x00, 0x19, 0x00, 0x01, 0xd5, 0xff, 0x32, 0x2a, 0x01, 0xff, 0x7f, 0x00, 0x00,
  0x1a, 0x00, 0x01, 0xd5, 0xff, 0x34, 0x2e, 0x01, 0xff, 0x7f, 0x00, 0x00, 0x1b, 0x00, 0x01, 0xd5,
  0xff, 0x36, 0x32, 0x01, 0xff, 0x7f, 0x00, 0x00, 0x1c, 0x00, 0x01, 0xd5, 0xff, 0x38, 0x36, 0x01,
  0xff, 0x7f, 0x00, 0x00, 0x1e, 0x00, 0x01, 0xd5, 0xff, 0x3c, 0x3a, 0x01, 0xff, 0x7f, 0x00, 0x00,
  0x1f, 0x00, 0x01, 0xd5, 0xff, 0x3e, 0x3e, 0x01, 0xff, 0x7f, 0x00, 0x00, 0x20, 0x00, 0x01, 0xd5,
  0xff, 0x40, 0x42, 0x01, 0xff, 0x7f, 0x00, 0x00, 0x21, 0x00, 0x01, 0xd5, 0xff, 0x52, 0x1a, 0x01,
  0xff, 0x7f, 0x00, 0x00, 0x22, 0x00, 0x01, 0xd5, 0xff, 0x54, 0x1e, 0x01, 0xff, 0x7f, 0x00, 0x00,
  0x23, 0x00, 0x01, 0xd5, 0xff, 0x56, 0x22, 0x01, 0xff, 0x7f, 0x00, 0x00, 0x24, 0x00, 0x01, 0xd5,
  0xff, 0x58, 0x26, 0x01, 0xff, 0x7f, 0x00, 0x00, 0x0f, 0x00, 0x85, 0xbf, 0x00, 0x00, 0x66, 0xdc,
  0x57, 0x1d, 0x7c, 0x00, 0x04, 0x00, 0x66, 0xdc, 0x57, 0x19, 0x7c, 0x00, 0x08, 0x00, 0x66, 0xdc,
  0x57, 0x1a, 0x7c, 0x00, 0x0c, 0x00, 0x66, 0xdc, 0x57, 0x1b, 0x7c, 0x00, 0x10, 0x00, 0x66, 0xdc,
  0x57, 0x1c, 0x7c, 0x00, 0x14, 0x00, 0x66, 0xdc, 0x57, 0x1e, 0x7c, 0x00, 0x18, 0x00, 0x66, 0xdc,
  0x57, 0x1f, 0x7c, 0x00, 0x1c, 0x00, 0x66, 0xdc, 0x57, 0x20, 0x7c, 0x00, 0x40, 0x00, 0x66, 0xdc,
  0x57, 0x11, 0x7c, 0x00, 0x44, 0x00, 0x66, 0xdc, 0x57, 0x12, 0x7c, 0x00, 0x48, 0x00, 0x66, 0xdc,
  0x57, 0x14, 0x7c, 0x00, 0x4c, 0x00, 0x66, 0xdc, 0x57, 0x17, 0x7c, 0x00, 0x50, 0x00, 0x66, 0xdc,
  0x57, 0x21, 0x7c, 0x00, 0x54, 0x00, 0x66, 0xdc, 0x57, 0x22, 0x7c, 0x00, 0x58, 0x00, 0x66, 0xdc,
  0x57, 0x23, 0x7c, 0x00, 0x5c, 0x00, 0x66, 0xdc, 0x57, 0x24, 0x7c, 0x00, 0x7e, 0x00, 0x7e, 0x8c,
  0x19, 0x00, 0x58, 0xd6, 0xd7, 0x69, 0xc0, 0x02, 0x35, 0x02, 0x34, 0x7e, 0x21, 0x01, 0x87, 0xbf,
  0x5d, 0x00, 0x3c, 0xd7, 0x8c, 0x32, 0x02, 0x00, 0x52, 0x32, 0xa8, 0x7c, 0x5d, 0x01, 0x22, 0x38,
  0xa3, 0x00, 0x87, 0xbf, 0x5e, 0x03, 0x24, 0x7e, 0x68, 0x6a, 0x1b, 0x8b, 0x11, 0x00, 0x3c, 0xd7,
  0x81, 0x22, 0x02, 0x00, 0x91, 0x00, 0x87, 0xbf, 0x53, 0x43, 0x00, 0xd7, 0x03, 0x22, 0x02, 0x00,
  0x54, 0x7c, 0x20, 0xd5, 0x02, 0x24, 0x0e, 0x01, 0x1b, 0x20, 0x80, 0xbe, 0xe1, 0x00, 0xa5, 0xbf,
  0x01, 0x00, 0x85, 0xbf, 0xd0, 0x02, 0x5d, 0xdc, 0x00, 0x00, 0x7c, 0x29, 0xe0, 0x02, 0x5d, 0xdc,
  0x00, 0x00, 0x7c, 0x2d, 0x54, 0x00, 0x10, 0xca, 0x55, 0x00, 0x1a, 0x19, 0x56, 0x00, 0x10, 0xca,
  0x57, 0x00, 0x1c, 0x1b, 0x58, 0x00, 0x10, 0xca, 0x59, 0x00, 0x1e, 0x1d, 0x5a, 0x00, 0x10, 0xca,
  0x5b, 0x00, 0x20, 0x1f, 0xf7, 0x03, 0x89, 0xbf, 0x01, 0x00, 0x87, 0xbf, 0x21, 0x40, 0x41, 0xcc,
  0x81, 0x53, 0x66, 0x1c, 0x19, 0x40, 0x41, 0xcc, 0xa1, 0x53, 0x66, 0x1c, 0x01, 0x00, 0x85, 0xbf,
  0xf0, 0x02, 0x5d, 0xdc, 0x00, 0x00, 0x7c, 0x29, 0x00, 0x03, 0x5d, 0xdc, 0x00, 0x00, 0x7c, 0x2d,
  0xf7, 0x03, 0x89, 0xbf, 0x21, 0x40, 0x41, 0xcc, 0x89, 0x53, 0x86, 0x1c, 0x19, 0x40, 0x41, 0xcc,
  0xa9, 0x53, 0x66, 0x1c, 0x01, 0x00, 0x85, 0xbf, 0x30, 0x01, 0x5d, 0xdc, 0x00, 0x00, 0x7c, 0x29,
  0x40, 0x01, 0x5d, 0xdc, 0x00, 0x00, 0x7c, 0x2d, 0x21, 0x40, 0x41, 0xcc, 0x91, 0x9b, 0x87, 0x1c,
  0x19, 0x40, 0x41, 0xcc, 0xb1, 0x9b, 0x67, 0x1c, 0xf7, 0x03, 0x89, 0xbf, 0x12, 0x01, 0x87, 0xbf,
  0x21, 0x40, 0x41, 0xcc, 0x99, 0x53, 0x86, 0x1c, 0x19, 0x40, 0x41, 0xcc, 0xb9, 0x53, 0x66, 0x1c,
  0x92, 0x01, 0x87, 0xbf, 0x14, 0x00, 0x10, 0xd6, 0x21, 0x21, 0x05, 0x02, 0x17, 0x00, 0x10, 0xd6,
  0x22, 0x21, 0x05, 0x02, 0x04, 0x00, 0x87, 0xbf, 0x29, 0x00, 0x10, 0xd6, 0x23, 0x21, 0x05, 0x02,
  0x21, 0x43, 0x2e, 0x7c, 0x2a, 0x00, 0x10, 0xd6, 0x24, 0x21, 0x05, 0x02, 0x14, 0x00, 0x55, 0xd6,
  0x21, 0x29, 0xfe, 0x03, 0xff, 0x7f, 0x00, 0x00, 0x17, 0x00, 0x55, 0xd6, 0x22, 0x2f, 0xfe, 0x03,
  0xff, 0x7f, 0x00, 0x00, 0x29, 0x00, 0x55, 0xd6, 0x23, 0x53, 0xfe, 0x03, 0xff, 0x7f, 0x00, 0x00,
  0x2b, 0x00, 0x10, 0xd6, 0x25, 0x21, 0x05, 0x02, 0x2a, 0x00, 0x55, 0xd6, 0x24, 0x55, 0xfe, 0x03,
  0xff, 0x7f, 0x00, 0x00, 0x90, 0x28, 0x28, 0x32, 0x90, 0x2e, 0x2e, 0x32, 0x90, 0x52, 0x52, 0x32,
  0x2c, 0x00, 0x10, 0xd6, 0x26, 0x21, 0x05, 0x02, 0x2b, 0x00, 0x55, 0xd6, 0x25, 0x57, 0xfe, 0x03,
  0xff, 0x7f, 0x00, 0x00, 0xff, 0x28, 0x28, 0x02, 0xff, 0x7f, 0x00, 0x00, 0x22, 0x45, 0x2e, 0x7c,
  0x90, 0x54, 0x54, 0x32, 0x2d, 0x00, 0x10, 0xd6, 0x27, 0x21, 0x05, 0x02, 0x2c, 0x00, 0x55, 0xd6,
  0x26, 0x59, 0xfe, 0x03, 0xff, 0x7f, 0x00, 0x00, 0x90, 0x56, 0x56, 0x32, 0xff, 0x2e, 0x2e, 0x02,
  0xff, 0x7f, 0x00, 0x00, 0x23, 0x47, 0x2e, 0x7c, 0x2e, 0x00, 0x10, 0xd6, 0x28, 0x21, 0x05, 0x02,
  0x2d, 0x00, 0x55, 0xd6, 0x27, 0x5b, 0xfe, 0x03, 0xff, 0x7f, 0x00, 0x00, 0x90, 0x58, 0x58, 0x32,
  0xff, 0x52, 0x42, 0x02, 0xff, 0x7f, 0x00, 0x00, 0x24, 0x49, 0x2e, 0x7c, 0x24, 0x00, 0x55, 0xd6,
  0x28, 0x5d, 0xfe, 0x03, 0xff, 0x7f, 0x00, 0x00, 0x90, 0x5a, 0x52, 0x32, 0xff, 0x54, 0x44, 0x02,
  0xff, 0x7f, 0x00, 0x00, 0x25, 0x4b, 0x2e, 0x7c, 0x25, 0x00, 0x10, 0xd6, 0x19, 0x21, 0x05, 0x02,
  0x2a, 0x00, 0x10, 0xd6, 0x1a, 0x21, 0x05, 0x02, 0x90, 0x48, 0x48, 0x32, 0xff, 0x56, 0x46, 0x02,
  0xff, 0x7f, 0x00, 0x00, 0x26, 0x4d, 0x2e, 0x7c, 0x25, 0x00, 0x55, 0xd6, 0x19, 0x4b, 0xfe, 0x03,
  0xff, 0x7f, 0x00, 0x00, 0x2a, 0x00, 0x55, 0xd6, 0x1a, 0x55, 0xfe, 0x03, 0xff, 0x7f, 0x00, 0x00,
  0x2b, 0x00, 0x10, 0xd6, 0x1f, 0x21, 0x05, 0x02, 0xff, 0x58, 0x4c, 0x02, 0xff, 0x7f, 0x00, 0x00,
  0x27, 0x4f, 0x2e, 0x7c, 0x90, 0x4a, 0x4a, 0x32, 0x90, 0x54, 0x54, 0x32, 0x2c, 0x00, 0x10, 0xd6,
  0x20, 0x21, 0x05, 0x02, 0xff, 0x52, 0x4e, 0x02, 0xff, 0x7f, 0x00, 0x00, 0x28, 0x51, 0x2e, 0x7c,
  0x29, 0x00, 0x10, 0xd6, 0x1b, 0x21, 0x05, 0x02, 0xff, 0x48, 0x48, 0x02, 0xff, 0x7f, 0x00, 0x00,
  0x19, 0x33, 0x2e, 0x7c, 0x43, 0x02, 0x87, 0xbf, 0x28, 0x00, 0x55, 0xd6, 0x1b, 0x53, 0xfe, 0x03,
  0xff, 0x7f, 0x00, 0x00, 0x29, 0x00, 0x10, 0xd6, 0x1c, 0x21, 0x05, 0x02, 0xff, 0x4a, 0x32, 0x02,
  0xff, 0x7f, 0x00, 0x00, 0x1a, 0x35, 0x2e, 0x7c, 0x90, 0x50, 0x4a, 0x32, 0x04, 0x00, 0x87, 0xbf,
  0x28, 0x00, 0x55, 0xd6, 0x1c, 0x53, 0xfe, 0x03, 0xff, 0x7f, 0x00, 0x00, 0x29, 0x00, 0x10, 0xd6,
  0x1d, 0x21, 0x05, 0x02, 0xff, 0x54, 0x34, 0x02, 0xff, 0x7f, 0x00, 0x00, 0x1b, 0x37, 0x2e, 0x7c,
  0x2a, 0x00, 0x10, 0xd6, 0x1e, 0x21, 0x05, 0x02, 0x90, 0x50, 0x50, 0x32, 0xff, 0x4a, 0x36, 0x02,
  0xff, 0x7f, 0x00, 0x00, 0x25, 0x00, 0x55, 0xd6, 0x1d, 0x53, 0xfe, 0x03, 0xff, 0x7f, 0x00, 0x00,
  0x1c, 0x39, 0x2e, 0x7c, 0x29, 0x00, 0x55, 0xd6, 0x1e, 0x55, 0xfe, 0x03, 0xff, 0x7f, 0x00, 0x00,
  0x2a, 0x00, 0x55, 0xd6, 0x1f, 0x57, 0xfe, 0x03, 0xff, 0x7f, 0x00, 0x00, 0x2b, 0x00, 0x55, 0xd6,
  0x20, 0x59, 0xfe, 0x03, 0xff, 0x7f, 0x00, 0x00, 0x90, 0x4a, 0x4a, 0x32, 0xff, 0x50, 0x38, 0x02,
  0xff, 0x7f, 0x00, 0x00, 0x1d, 0x3b, 0x2e, 0x7c, 0x90, 0x52, 0x52, 0x32, 0x90, 0x54, 0x54, 0x32,
  0x90, 0x56, 0x56, 0x32, 0xff, 0x4a, 0x3a, 0x02, 0xff, 0x7f, 0x00, 0x00, 0x1e, 0x3d, 0x2e, 0x7c,
  0xff, 0x52, 0x3c, 0x02, 0xff, 0x7f, 0x00, 0x00, 0x1f, 0x3f, 0x2e, 0x7c, 0xff, 0x54, 0x3e, 0x02,
  0xff, 0x7f, 0x00, 0x00, 0x20, 0x41, 0x2e, 0x7c, 0xff, 0x56, 0x40, 0x02, 0xff, 0x7f, 0x00, 0x00,
  0x0f, 0x00, 0x85, 0xbf, 0x00, 0x00, 0x66, 0xdc, 0x53, 0x14, 0x7c, 0x00, 0x04, 0x00, 0x66, 0xdc,
  0x53, 0x17, 0x7c, 0x00, 0x08, 0x00, 0x66, 0xdc, 0x53, 0x21, 0x7c, 0x00, 0x0c, 0x00, 0x66, 0xdc,
  0x53, 0x22, 0x7c, 0x00, 0x10, 0x00, 0x66, 0xdc, 0x53, 0x23, 0x7c, 0x00, 0x14, 0x00, 0x66, 0xdc,
  0x53, 0x26, 0x7c, 0x00, 0x18, 0x00, 0x66, 0xdc, 0x53, 0x27, 0x7c, 0x00, 0x1c, 0x00, 0x66, 0xdc,
  0x53, 0x24, 0x7c, 0x00, 0x40, 0x00, 0x66, 0xdc, 0x53, 0x19, 0x7c, 0x00, 0x44, 0x00, 0x66, 0xdc,
  0x53, 0x1a, 0x7c, 0x00, 0x48, 0x00, 0x66, 0xdc, 0x53, 0x1b, 0x7c, 0x00, 0x4c, 0x00, 0x66, 0xdc,
  0x53, 0x1c, 0x7c, 0x00, 0x50, 0x00, 0x66, 0xdc, 0x53, 0x1d, 0x7c, 0x00, 0x54, 0x00, 0x66, 0xdc,
  0x53, 0x1e, 0x7c, 0x00, 0x58, 0x00, 0x66, 0xdc, 0x53, 0x1f, 0x7c, 0x00, 0x5c, 0x00, 0x66, 0xdc,
  0x53, 0x20, 0x7c, 0x00, 0x7e, 0x00, 0x7e, 0x8c, 0xf7, 0x03, 0x89, 0xbf, 0x00, 0x00, 0x7c, 0xbc,
  0x00, 0x00, 0xbd, 0xbf, 0x00, 0x00, 0xac, 0xe0, 0x00, 0x00, 0x00, 0x00, 0x68, 0x03, 0x51, 0xdc,
  0x00, 0x00, 0x7c, 0x14, 0x54, 0x00, 0xd5, 0xbe, 0x54, 0x00, 0xd6, 0xbe, 0x54, 0x00, 0xd7, 0xbe,
  0x54, 0x00, 0xd8, 0xbe, 0x54, 0x00, 0xd9, 0xbe, 0x54, 0x00, 0xda, 0xbe, 0x54, 0x00, 0xdb, 0xbe,
  0xf7, 0x03, 0x89, 0xbf, 0x00, 0x00, 0x7c, 0xd8, 0xf7, 0x14, 0x00, 0x00, 0x80, 0x00, 0x7c, 0xd8,
  0xf7, 0xd8, 0x00, 0x00, 0x00, 0x01, 0x7c, 0xd8, 0xf7, 0xd5, 0x00, 0x00, 0x70, 0x03, 0x51, 0xdc,
  0x00, 0x00, 0x7c, 0x14, 0xf7, 0x03, 0x89, 0xbf, 0x80, 0x01, 0x7c, 0xd8, 0xf7, 0x14, 0x00, 0x00,
  0x00, 0x02, 0x7c, 0xd8, 0xf7, 0x7f, 0x00, 0x00, 0x80, 0x02, 0x7c, 0xd8, 0xf7, 0x80, 0x00, 0x00,
  0x00, 0x03, 0x7c, 0xd8, 0xf7, 0x7d, 0x00, 0x00, 0x80, 0x03, 0x7c, 0xd8, 0xf7, 0x7e, 0x00, 0x00,
  0x90, 0x04, 0x51, 0xdc, 0x00, 0x00, 0x7c, 0x14, 0xf7, 0x03, 0x89, 0xbf, 0x00, 0x04, 0x7c, 0xd8,
  0xf7, 0x14, 0x00, 0x00, 0x78, 0x03, 0x51, 0xdc, 0x00, 0x00, 0x7c, 0x14, 0xf7, 0x03, 0x89, 0xbf,
  0x80, 0x04, 0x7c, 0xd8, 0xf7, 0x14, 0x00, 0x00, 0x98, 0x04, 0x51, 0xdc, 0x00, 0x00, 0x7c, 0x14,
  0xf7, 0x03, 0x89, 0xbf, 0x00, 0x05, 0x7c, 0xd8, 0xf7, 0x14, 0x00, 0x00, 0x94, 0x04, 0x51, 0xdc,
  0x00, 0x00, 0x7c, 0x14, 0xf7, 0x03, 0x89, 0xbf, 0x80, 0x05, 0x7c, 0xd8, 0xf7, 0x14, 0x00, 0x00,
  0xa0, 0x04, 0x51, 0xdc, 0x00, 0x00, 0x7c, 0x14, 0xf7, 0x03, 0x89, 0xbf, 0x00, 0x06, 0x7c, 0xd8,
  0xf7, 0x14, 0x00, 0x00, 0x9c, 0x04, 0x51, 0xdc, 0x00, 0x00, 0x7c, 0x14, 0xf7, 0x03, 0x89, 0xbf,
  0x80, 0x06, 0x7c, 0xd8, 0xf7, 0x14, 0x00, 0x00, 0xa8, 0x04, 0x51, 0xdc, 0x00, 0x00, 0x7c, 0x14,
  0xf7, 0x03, 0x89, 0xbf, 0x00, 0x07, 0x7c, 0xd8, 0xf7, 0x14, 0x00, 0x00, 0xa4, 0x04, 0x51, 0xdc,
  0x00, 0x00, 0x7c, 0x14, 0xf7, 0x03, 0x89, 0xbf, 0x80, 0x07, 0x7c, 0xd8, 0xf7, 0x14, 0x00, 0x00,
  0xb0, 0x04, 0x51, 0xdc, 0x00, 0x00, 0x7c, 0x14, 0xf7, 0x03, 0x89, 0xbf, 0x00, 0x08, 0x7c, 0xd8,
  0xf7, 0x14, 0x00, 0x00, 0xac, 0x04, 0x51, 0xdc, 0x00, 0x00, 0x7c, 0x14, 0xf7, 0x03, 0x89, 0xbf,
  0x80, 0x08, 0x7c, 0xd8, 0xf7, 0x14, 0x00, 0x00, 0xb8, 0x04, 0x51, 0xdc, 0x00, 0x00, 0x7c, 0x14,
  0xf7, 0x03, 0x89, 0xbf, 0x00, 0x09, 0x7c, 0xd8, 0xf7, 0x14, 0x00, 0x00, 0xb4, 0x04, 0x51, 0xdc,
  0x00, 0x00, 0x7c, 0x14, 0xf7, 0x03, 0x89, 0xbf, 0x80, 0x09, 0x7c, 0xd8, 0xf7, 0x14, 0x00, 0x00,
  0xc0, 0x04, 0x51, 0xdc, 0x00, 0x00, 0x7c, 0x14, 0xf7, 0x03, 0x89, 0xbf, 0x00, 0x0a, 0x7c, 0xd8,
  0xf7, 0x14, 0x00, 0x00, 0xbc, 0x04, 0x51, 0xdc, 0x00, 0x00, 0x7c, 0x14, 0xf7, 0x03, 0x89, 0xbf,
  0x80, 0x0a, 0x7c, 0xd8, 0xf7, 0x14, 0x00, 0x00, 0xc8, 0x04, 0x51, 0xdc, 0x00, 0x00, 0x7c, 0x14,
  0xf7, 0x03, 0x89, 0xbf, 0x00, 0x0b, 0x7c, 0xd8, 0xf7, 0x14, 0x00, 0x00, 0xc4, 0x04, 0x51, 0xdc,
  0x00, 0x00, 0x7c, 0x14, 0xf7, 0x03, 0x89, 0xbf, 0x80, 0x0b, 0x7c, 0xd8, 0xf7, 0x14, 0x00, 0x00,
  0xd0, 0x04, 0x51, 0xdc, 0x00, 0x00, 0x7c, 0x14, 0xf7, 0x03, 0x89, 0xbf, 0x00, 0x0c, 0x7c, 0xd8,
  0xf7, 0x14, 0x00, 0x00, 0xcc, 0x04, 0x51, 0xdc, 0x00, 0x00, 0x7c, 0x14, 0xf7, 0x03, 0x89, 0xbf,
  0x80, 0x0c, 0x7c, 0xd8, 0xf7, 0x14, 0x00, 0x00, 0xd8, 0x04, 0x51, 0xdc, 0x00, 0x00, 0x7c, 0x14,
  0xf7, 0x03, 0x89, 0xbf, 0x00, 0x0d, 0x7c, 0xd8, 0xf7, 0x14, 0x00, 0x00, 0xd4, 0x04, 0x51, 0xdc,
  0x00, 0x00, 0x7c, 0x14, 0xf7, 0x03, 0x89, 0xbf, 0x80, 0x0d, 0x7c, 0xd8, 0xf7, 0x14, 0x00, 0x00,
  0xe0, 0x04, 0x51, 0xdc, 0x00, 0x00, 0x7c, 0x14, 0xf7, 0x03, 0x89, 0xbf, 0x00, 0x0e, 0x7c, 0xd8,
  0xf7, 0x14, 0x00, 0x00, 0xdc, 0x04, 0x51, 0xdc, 0x00, 0x00, 0x7c, 0x14, 0xf7, 0x03, 0x89, 0xbf,
  0x80, 0x0e, 0x7c, 0xd8, 0xf7, 0x14, 0x00, 0x00, 0xe8, 0x04, 0x51, 0xdc, 0x00, 0x00, 0x7c, 0x14,
  0xf7, 0x03, 0x89, 0xbf, 0x00, 0x0f, 0x7c, 0xd8, 0xf7, 0x14, 0x00, 0x00, 0xe4, 0x04, 0x51, 0xdc,
  0x00, 0x00, 0x7c, 0x14, 0xf7, 0x03, 0x89, 0xbf, 0x80, 0x0f, 0x7c, 0xd8, 0xf7, 0x14, 0x00, 0x00,
  0xf0, 0x04, 0x51, 0xdc, 0x00, 0x00, 0x7c, 0x14, 0xf7, 0x03, 0x89, 0xbf, 0x00, 0x10, 0x7c, 0xd8,
  0xf7, 0x14, 0x00, 0x00, 0xec, 0x04, 0x51, 0xdc, 0x00, 0x00, 0x7c, 0x14, 0xf7, 0x03, 0x89, 0xbf,
  0x80, 0x10, 0x7c, 0xd8, 0xf7, 0x14, 0x00, 0x00, 0x00, 0x11, 0x7c, 0xd8, 0xf7, 0x50, 0x00, 0x00,
  0x80, 0x11, 0x7c, 0xd8, 0xf7, 0x4f, 0x00, 0x00, 0x00, 0x12, 0x7c, 0xd8, 0xf7, 0x52, 0x00, 0x00,
  0x80, 0x12, 0x7c, 0xd8, 0xf7, 0x51, 0x00, 0x00, 0x00, 0x13, 0x7c, 0xd8, 0xf7, 0x16, 0x00, 0x00,
  0x80, 0x13, 0x7c, 0xd8, 0xf7, 0x18, 0x00, 0x00, 0x00, 0x14, 0x7c, 0xd8, 0xf7, 0x4e, 0x00, 0x00,
  0x80, 0x14, 0x7c, 0xd8, 0xf7, 0x4d, 0x00, 0x00, 0x00, 0x15, 0x7c, 0xd8, 0xf7, 0x60, 0x00, 0x00,
  0x80, 0x15, 0x7c, 0xd8, 0xf7, 0x5f, 0x00, 0x00, 0x00, 0x16, 0x7c, 0xd8, 0xf7, 0xf6, 0x00, 0x00,
  0x80, 0x16, 0x7c, 0xd8, 0xf7, 0xf5, 0x00, 0x00, 0x00, 0x17, 0x7c, 0xd8, 0xf7, 0x62, 0x00, 0x00,
  0x80, 0x17, 0x7c, 0xd8, 0xf7, 0x61, 0x00, 0x00, 0x00, 0x18, 0x7c, 0xd8, 0xf7, 0x64, 0x00, 0x00,
  0x80, 0x18, 0x7c, 0xd8, 0xf7, 0x63, 0x00, 0x00, 0x00, 0x19, 0x7c, 0xd8, 0xf7, 0x66, 0x00, 0x00,
  0x80, 0x19, 0x7c, 0xd8, 0xf7, 0x65, 0x00, 0x00, 0x00, 0x1a, 0x7c, 0xd8, 0xf7, 0x68, 0x00, 0x00,
  0x80, 0x1a, 0x7c, 0xd8, 0xf7, 0x67, 0x00, 0x00, 0x00, 0x1b, 0x7c, 0xd8, 0xf7, 0x6a, 0x00, 0x00,
  0x80, 0x1b, 0x7c, 0xd8, 0xf7, 0x69, 0x00, 0x00, 0x00, 0x1c, 0x7c, 0xd8, 0xf7, 0x6c, 0x00, 0x00,
  0x80, 0x1c, 0x7c, 0xd8, 0xf7, 0x6b, 0x00, 0x00, 0x00, 0x1d, 0x7c, 0xd8, 0xf7, 0x6e, 0x00, 0x00,
  0x80, 0x1d, 0x7c, 0xd8, 0xf7, 0x6d, 0x00, 0x00, 0x00, 0x1e, 0x7c, 0xd8, 0xf7, 0x70, 0x00, 0x00,
  0x80, 0x1e, 0x7c, 0xd8, 0xf7, 0x6f, 0x00, 0x00, 0x00, 0x1f, 0x7c, 0xd8, 0xf7, 0x72, 0x00, 0x00,
  0x80, 0x1f, 0x7c, 0xd8, 0xf7, 0x71, 0x00, 0x00, 0x07, 0xfc, 0x89, 0xbf, 0x00, 0x00, 0xbd, 0xbf,
  0x00, 0x00, 0xac, 0xe0, 0x00, 0x00, 0x00, 0x00, 0x80, 0x00, 0xf0, 0xd8, 0x13, 0x00, 0x00, 0x4d,
  0x00, 0x00, 0xf0, 0xd8, 0x13, 0x00, 0x00, 0x18, 0x80, 0x01, 0xf0, 0xd8, 0x13, 0x00, 0x00, 0x4f,
  0x00, 0x01, 0xf0, 0xd8, 0x13, 0x00, 0x00, 0x17, 0x80, 0x02, 0xf0, 0xd8, 0x13, 0x00, 0x00, 0x14,
  0x00, 0x02, 0xf0, 0xd8, 0x13, 0x00, 0x00, 0x16, 0x80, 0x03, 0xf0, 0xd8, 0x13, 0x00, 0x00, 0x4e,
  0xc0, 0x01, 0xf0, 0xd8, 0x13, 0x00, 0x00, 0x1b, 0x40, 0x01, 0xf0, 0xd8, 0x13, 0x00, 0x00, 0x19,
  0xc0, 0x00, 0xf0, 0xd8, 0x13, 0x00, 0x00, 0x1c, 0x40, 0x00, 0xf0, 0xd8, 0x13, 0x00, 0x00, 0x1a,
  0x00, 0x03, 0xf0, 0xd8, 0x13, 0x00, 0x00, 0x1f, 0x80, 0x04, 0xf0, 0xd8, 0x13, 0x00, 0x00, 0x21,
  0x00, 0x04, 0xf0, 0xd8, 0x13, 0x00, 0x00, 0x22, 0x80, 0x05, 0xf0, 0xd8, 0x13, 0x00, 0x00, 0x23,
  0xc7, 0xfc, 0x89, 0xbf, 0x90, 0x9e, 0x3c, 0x30, 0x91, 0x00, 0x87, 0xbf, 0x0c, 0x3d, 0xe2, 0xc8,
  0x90, 0x9a, 0x1c, 0x26, 0x0a, 0x3b, 0xe2, 0xc8, 0x90, 0x30, 0x18, 0x29, 0x27, 0xfc, 0x89, 0xbf,
  0x90, 0x42, 0x42, 0x30, 0x17, 0xfc, 0x89, 0xbf, 0x90, 0x44, 0x44, 0x30, 0x09, 0x31, 0xe2, 0xc8,
  0x90, 0x3e, 0x2c, 0x25, 0x45, 0x00, 0x17, 0xd4, 0x26, 0x4d, 0x02, 0x00, 0xa3, 0x01, 0x87, 0xbf,
  0x01, 0x45, 0x66, 0x10, 0x07, 0xfc, 0x89, 0xbf, 0x07, 0x59, 0xe2, 0xc8, 0x90, 0x46, 0x30, 0x2c,
  0x90, 0x2c, 0x2c, 0x30, 0x90, 0x2e, 0x40, 0x30, 0xc0, 0x03, 0xf0, 0xd8, 0x13, 0x00, 0x00, 0x1e,
  0x40, 0x03, 0xf0, 0xd8, 0x13, 0x00, 0x00, 0x1d, 0xc0, 0x02, 0xf0, 0xd8, 0x13, 0x00, 0x00, 0x18,
  0x40, 0x02, 0xf0, 0xd8, 0x13, 0x00, 0x00, 0x17, 0x00, 0x05, 0xf0, 0xd8, 0x13, 0x00, 0x00, 0x24,
  0x46, 0x00, 0x17, 0xd4, 0x25, 0x4b, 0x02, 0x00, 0x05, 0x2d, 0x56, 0x10, 0x0b, 0x41, 0xe2, 0xc8,
  0x90, 0x9c, 0x26, 0x28, 0x91, 0x00, 0x87, 0xbf, 0x08, 0x4f, 0xe2, 0xc8, 0x90, 0x28, 0x14, 0x27,
  0x06, 0x29, 0x54, 0x10, 0x80, 0x06, 0xf0, 0xd8, 0x13, 0x00, 0x00, 0x2d, 0x00, 0x06, 0xf0, 0xd8,
  0x13, 0x00, 0x00, 0x2e, 0x80, 0x07, 0xf0, 0xd8, 0x13, 0x00, 0x00, 0x2f, 0x00, 0x07, 0xf0, 0xd8,
  0x13, 0x00, 0x00, 0x30, 0xc0, 0x05, 0xf0, 0xd8, 0x13, 0x00, 0x00, 0x20, 0x40, 0x05, 0xf0, 0xd8,
  0x13, 0x00, 0x00, 0x1f, 0xc0, 0x04, 0xf0, 0xd8, 0x13, 0x00, 0x00, 0x16, 0x40, 0x04, 0xf0, 0xd8,
  0x13, 0x00, 0x00, 0x14, 0x02, 0x43, 0x64, 0x10, 0x80, 0x0c, 0xf0, 0xd8, 0x13, 0x00, 0x00, 0x34,
  0xc0, 0x07, 0xf0, 0xd8, 0x13, 0x00, 0x00, 0x50, 0x40, 0x07, 0xf0, 0xd8, 0x13, 0x00, 0x00, 0x21,
  0xc0, 0x06, 0xf0, 0xd8, 0x13, 0x00, 0x00, 0x23, 0x40, 0x06, 0xf0, 0xd8, 0x13, 0x00, 0x00, 0x4f,
  0x44, 0x00, 0x17, 0xd4, 0x27, 0x4f, 0x02, 0x00, 0xa7, 0xfc, 0x89, 0xbf, 0x90, 0x5e, 0x5e, 0x30,
  0x90, 0x48, 0x44, 0x30, 0x43, 0x00, 0x17, 0xd4, 0x32, 0x65, 0x02, 0x00, 0x47, 0xfc, 0x89, 0xbf,
  0x90, 0x68, 0x68, 0x30, 0xf4, 0x5f, 0xe2, 0xc8, 0x90, 0x40, 0x20, 0x2f, 0x90, 0x5a, 0x48, 0x30,
  0x04, 0x63, 0x5a, 0x10, 0x03, 0x45, 0x62, 0x10, 0x17, 0xfc, 0x89, 0xbf, 0x90, 0x46, 0x46, 0x30,
  0x3d, 0x00, 0x10, 0xd6, 0x2f, 0x21, 0x05, 0x02, 0xf2, 0x49, 0x6a, 0x10, 0x3c, 0x00, 0x10, 0xd6,
  0x2d, 0x21, 0x05, 0x02, 0x40, 0x00, 0x10, 0xd6, 0x31, 0x21, 0x05, 0x02, 0xf2, 0x47, 0x46, 0x10,
  0x3d, 0x00, 0x55, 0xd6, 0x2f, 0x7b, 0xfe, 0x03, 0xff, 0x7f, 0x00, 0x00, 0x3f, 0x00, 0x10, 0xd6,
  0x35, 0x21, 0x05, 0x02, 0x3c, 0x00, 0x55, 0xd6, 0x2d, 0x79, 0xfe, 0x03, 0xff, 0x7f, 0x00, 0x00,
  0x40, 0x00, 0x55, 0xd6, 0x31, 0x81, 0xfe, 0x03, 0xff, 0x7f, 0x00, 0x00, 0x90, 0x42, 0x42, 0x30,
  0x90, 0x7a, 0x7a, 0x32, 0x90, 0x60, 0x44, 0x30, 0x3f, 0x00, 0x55, 0xd6, 0x35, 0x7f, 0xfe, 0x03,
  0xff, 0x7f, 0x00, 0x00, 0x80, 0x0b, 0xf0, 0xd8, 0x13, 0x00, 0x00, 0x30, 0x00, 0x0b, 0xf0, 0xd8,
  0x13, 0x00, 0x00, 0x36, 0x90, 0x80, 0x80, 0x32, 0x90, 0x78, 0x78, 0x32, 0xf3, 0x45, 0x6e, 0x10,
  0x90, 0x7e, 0x7e, 0x32, 0x00, 0x0c, 0xf0, 0xd8, 0x13, 0x00, 0x00, 0x38, 0x80, 0x0d, 0xf0, 0xd8,
  0x13, 0x00, 0x00, 0x39, 0x00, 0x0d, 0xf0, 0xd8, 0x13, 0x00, 0x00, 0x3a, 0xc0, 0x0d, 0xf0, 0xd8,
  0x13, 0x00, 0x00, 0x4d, 0x40, 0x0d, 0xf0, 0xd8, 0x13, 0x00, 0x00, 0x22, 0xc0, 0x0c, 0xf0, 0xd8,
  0x13, 0x00, 0x00, 0x4e, 0x40, 0x0c, 0xf0, 0xd8, 0x13, 0x00, 0x00, 0x24, 0xf3, 0x43, 0x42, 0x10,
  0x90, 0x3e, 0x3e, 0x30, 0x3b, 0x00, 0x10, 0xd6, 0x37, 0x21, 0x05, 0x02, 0x37, 0x6f, 0x2e, 0x7c,
  0xe6, 0x69, 0x68, 0x10, 0x14, 0x02, 0x87, 0xbf, 0x04, 0x41, 0xc6, 0xc8, 0x03, 0x3f, 0x1e, 0x20,
  0x3b, 0x00, 0x55, 0xd6, 0x37, 0x77, 0xfe, 0x03, 0xff, 0x7f, 0x00, 0x00, 0x90, 0x2c, 0x2c, 0x30,
  0x90, 0x28, 0x28, 0x30, 0x03, 0x00, 0x87, 0xbf, 0x90, 0x76, 0x76, 0x32, 0x90, 0x5c, 0x5c, 0x30,
  0x87, 0xfc, 0x89, 0xbf, 0x90, 0x60, 0x60, 0x30, 0x02, 0x2d, 0x2c, 0x10, 0x01, 0x29, 0xd2, 0xc8,
  0xff, 0x76, 0x36, 0x14, 0xff, 0x7f, 0x00, 0x00, 0xf1, 0x5d, 0x5c, 0x10, 0x2f, 0x5f, 0x2e, 0x7c,
  0xec, 0x61, 0x60, 0x10, 0xb3, 0x01, 0x87, 0xbf, 0x3e, 0x00, 0x10, 0xd6, 0x2e, 0x21, 0x05, 0x02,
  0xff, 0x7a, 0x5e, 0x02, 0xff, 0x7f, 0x00, 0x00, 0x2e, 0x5d, 0x2e, 0x7c, 0x3e, 0x00, 0x55, 0xd6,
  0x2e, 0x7d, 0xfe, 0x03, 0xff, 0x7f, 0x00, 0x00, 0x33, 0x02, 0x87, 0xbf, 0x88, 0x00, 0x44, 0xd6,
  0x2f, 0x6f, 0xfe, 0x03, 0x00, 0x01, 0x04, 0x05, 0x2f, 0x00, 0x10, 0xd6, 0x33, 0x21, 0x05, 0x02,
  0x37, 0x00, 0x10, 0xd6, 0x27, 0x21, 0x05, 0x02, 0x90, 0x7c, 0x7c, 0x32, 0x13, 0x01, 0x87, 0xbf,
  0x2f, 0x00, 0x55, 0xd6, 0x33, 0x5f, 0xfe, 0x03, 0xff, 0x7f, 0x00, 0x00, 0xff, 0x7c, 0x5c, 0x02,
  0xff, 0x7f, 0x00, 0x00, 0x35, 0x6b, 0x2e, 0x7c, 0x33, 0x01, 0x87, 0xbf, 0x90, 0x5e, 0x5e, 0x32,
  0xff, 0x7e, 0x6a, 0x02, 0xff, 0x7f, 0x00, 0x00, 0x31, 0x63, 0x2e, 0x7c, 0x87, 0x00, 0x44, 0xd6,
  0x35, 0x5d, 0xfe, 0x03, 0x00, 0x01, 0x04, 0x05, 0xff, 0x80, 0x62, 0x02, 0xff, 0x7f, 0x00, 0x00,
  0x2d, 0x5b, 0x2e, 0x7c, 0x2e, 0x00, 0x10, 0xd6, 0x32, 0x21, 0x05, 0x02, 0x67, 0xfc, 0x89, 0xbf,
  0x90, 0x70, 0x6a, 0x30, 0xff, 0x78, 0x5a, 0x02, 0xff, 0x7f, 0x00, 0x00, 0x33, 0x67, 0x2e, 0x7c,
  0x02, 0x00, 0x87, 0xbf, 0x86, 0x00, 0x44, 0xd6, 0x2d, 0x63, 0xfe, 0x03, 0x00, 0x01, 0x04, 0x05,
  0x2d, 0x00, 0x55, 0xd6, 0x32, 0x5d, 0xfe, 0x03, 0xff, 0x7f, 0x00, 0x00, 0x2e, 0x00, 0x10, 0xd6,
  0x2c, 0x21, 0x05, 0x02, 0x31, 0x00, 0x55, 0xd6, 0x27, 0x6f, 0xfe, 0x03, 0xff, 0x7f, 0x00, 0x00,
  0x80, 0x0e, 0xf0, 0xd8, 0x13, 0x00, 0x00, 0x32, 0x00, 0x0e, 0xf0, 0xd8, 0x13, 0x00, 0x00, 0x33,
  0x80, 0x0f, 0xf0, 0xd8, 0x13, 0x00, 0x00, 0x37, 0x00, 0x0f, 0xf0, 0xd8, 0x13, 0x00, 0x00, 0x38,
  0xff, 0x5e, 0x5e, 0x02, 0xff, 0x7f, 0x00, 0x00, 0x2c, 0x59, 0x2e, 0x7c, 0x2e, 0x00, 0x55, 0xd6,
  0x2c, 0x5d, 0xfe, 0x03, 0xff, 0x7f, 0x00, 0x00, 0x90, 0x62, 0x62, 0x32, 0x90, 0x5a, 0x5a, 0x32,
  0x97, 0xfc, 0x89, 0xbf, 0x90, 0x72, 0x4e, 0x30, 0x90, 0x5c, 0x5c, 0x32, 0xe5, 0x6b, 0x6a, 0x10,
  0x31, 0x00, 0x01, 0xd5, 0xff, 0x62, 0x12, 0x01, 0xff, 0x7f, 0x00, 0x00, 0x2d, 0x00, 0x01, 0xd5,
  0xff, 0x5a, 0x0e, 0x01, 0xff, 0x7f, 0x00, 0x00, 0x43, 0x00, 0x17, 0xd4, 0x2a, 0x55, 0x02, 0x00,
  0xff, 0x5c, 0x58, 0x02, 0xff, 0x7f, 0x00, 0x00, 0x2e, 0x00, 0x10, 0xd6, 0x2b, 0x21, 0x05, 0x02,
  0x2b, 0x57, 0x2e, 0x7c, 0x44, 0x00, 0x17, 0xd4, 0x28, 0x51, 0x02, 0x00, 0x04, 0x00, 0x87, 0xbf,
  0x84, 0x00, 0x44, 0xd6, 0x31, 0x59, 0xfe, 0x03, 0x00, 0x01, 0x04, 0x05, 0x37, 0xfc, 0x89, 0xbf,
  0x90, 0x64, 0x62, 0x30, 0x27, 0xfc, 0x89, 0xbf, 0x90, 0x66, 0x64, 0x30, 0x2c, 0x00, 0x10, 0xd6,
  0x28, 0x21, 0x05, 0x02, 0x17, 0xfc, 0x89, 0xbf, 0x02, 0x00, 0x87, 0xbf, 0xe1, 0x65, 0xe2, 0xc8,
  0x90, 0x6e, 0x32, 0x32, 0x85, 0x00, 0x44, 0xd6, 0x2d, 0x5f, 0xfe, 0x03, 0x00, 0x01, 0x04, 0x05,
  0x2d, 0x00, 0x55, 0xd6, 0x2b, 0x5d, 0xfe, 0x03, 0xff, 0x7f, 0x00, 0x00, 0x2c, 0x00, 0x55, 0xd6,
  0x28, 0x59, 0xfe, 0x03, 0xff, 0x7f, 0x00, 0x00, 0x2e, 0x00, 0x10, 0xd6, 0x26, 0x21, 0x05, 0x02,
  0x2b, 0x00, 0x10, 0xd6, 0x25, 0x21, 0x05, 0x02, 0xe4, 0x67, 0x66, 0x10, 0x90, 0x5a, 0x5a, 0x32,
  0x07, 0xfc, 0x89, 0xbf, 0x90, 0x70, 0x70, 0x30, 0x2e, 0x00, 0x55, 0xd6, 0x26, 0x5d, 0xfe, 0x03,
  0xff, 0x7f, 0x00, 0x00, 0x43, 0x01, 0x87, 0xbf, 0xff, 0x5a, 0x5a, 0x02, 0xff, 0x7f, 0x00, 0x00,
  0xe8, 0x4f, 0xe2, 0xc8, 0x90, 0x74, 0x38, 0x3a, 0x27, 0x00, 0x10, 0xd6, 0x2a, 0x21, 0x05, 0x02,
  0x29, 0x53, 0x2e, 0x7c, 0x27, 0x00, 0x55, 0xd6, 0x2a, 0x4f, 0xfe, 0x03, 0xff, 0x7f, 0x00, 0x00,
  0x90, 0x58, 0x54, 0x32, 0x2c, 0x00, 0x10, 0xd6, 0x29, 0x21, 0x05, 0x02, 0xa3, 0x01, 0x87, 0xbf,
  0x90, 0x4e, 0x5e, 0x32, 0x27, 0x00, 0x55, 0xd6, 0x25, 0x57, 0xfe, 0x03, 0xff, 0x7f, 0x00, 0x00,
  0x2c, 0x00, 0x55, 0xd6, 0x29, 0x59, 0xfe, 0x03, 0xff, 0x7f, 0x00, 0x00, 0x90, 0x5c, 0x56, 0x32,
  0x2a, 0x00, 0x01, 0xd5, 0xff, 0x54, 0x12, 0x01, 0xff, 0x7f, 0x00, 0x00, 0x2f, 0x00, 0x01, 0xd5,
  0xff, 0x5e, 0x0e, 0x01, 0xff, 0x7f, 0x00, 0x00, 0x90, 0x4e, 0x5c, 0x32, 0x90, 0x58, 0x58, 0x32,
  0x2b, 0x00, 0x01, 0xd5, 0xff, 0x56, 0x16, 0x01, 0xff, 0x7f, 0x00, 0x00, 0x43, 0x00, 0x17, 0xd4,
  0x34, 0x69, 0x02, 0x00, 0x83, 0x00, 0x44, 0xd6, 0x2f, 0x5b, 0xfe, 0x03, 0x00, 0x01, 0x04, 0x05,
  0x2e, 0x00, 0x01, 0xd5, 0xff, 0x5c, 0x1a, 0x01, 0xff, 0x7f, 0x00, 0x00, 0xff, 0x58, 0x52, 0x02,
  0xff, 0x7f, 0x00, 0x00, 0xe3, 0x71, 0x58, 0x10, 0x82, 0x00, 0x44, 0xd6, 0x2b, 0x55, 0xfe, 0x03,
  0x00, 0x01, 0x04, 0x05, 0x2b, 0x00, 0x10, 0xd6, 0x33, 0x21, 0x05, 0x02, 0x2d, 0x00, 0x10, 0xd6,
  0x32, 0x21, 0x05, 0x02, 0x81, 0x00, 0x44, 0xd6, 0x29, 0x5d, 0xfe, 0x03, 0x00, 0x01, 0x04, 0x05,
  0x29, 0x00, 0x10, 0xd6, 0x2c, 0x21, 0x05, 0x02, 0x2c, 0x59, 0x2e, 0x7c, 0x2b, 0x00, 0x55, 0xd6,
  0x33, 0x57, 0xfe, 0x03, 0xff, 0x7f, 0x00, 0x00, 0x2d, 0x00, 0x55, 0xd6, 0x32, 0x5b, 0xfe, 0x03,
  0xff, 0x7f, 0x00, 0x00, 0x2a, 0x00, 0x10, 0xd6, 0x3a, 0x21, 0x05, 0x02, 0x29, 0x00, 0x55, 0xd6,
  0x2c, 0x53, 0xfe, 0x03, 0xff, 0x7f, 0x00, 0x00, 0xc0, 0x0f, 0xf0, 0xd8, 0x13, 0x00, 0x00, 0x28,
  0x40, 0x0f, 0xf0, 0xd8, 0x13, 0x00, 0x00, 0x25, 0xc0, 0x0e, 0xf0, 0xd8, 0x13, 0x00, 0x00, 0x26,
  0x40, 0x0e, 0xf0, 0xd8, 0x13, 0x00, 0x00, 0x27, 0x90, 0x56, 0x56, 0x32, 0x90, 0x5a, 0x5a, 0x32,
  0x2a, 0x00, 0x55, 0xd6, 0x3a, 0x55, 0xfe, 0x03, 0xff, 0x7f, 0x00, 0x00, 0x90, 0x52, 0x52, 0x32,
  0x12, 0x01, 0x87, 0xbf, 0x90, 0x54, 0x54, 0x32, 0xff, 0x52, 0x52, 0x02, 0xff, 0x7f, 0x00, 0x00,
  0x33, 0x67, 0x2e, 0x7c, 0xe7, 0x73, 0x6e, 0x10, 0xff, 0x56, 0x56, 0x02, 0xff, 0x7f, 0x00, 0x00,
  0x32, 0x65, 0x2e, 0x7c, 0xb3, 0x01, 0x87, 0xbf, 0x2f, 0x00, 0x10, 0xd6, 0x37, 0x21, 0x05, 0x02,
  0xff, 0x5a, 0x58, 0x02, 0xff, 0x7f, 0x00, 0x00, 0xe2, 0x63, 0x62, 0x10, 0x2f, 0x00, 0x55, 0xd6,
  0x37, 0x5f, 0xfe, 0x03, 0xff, 0x7f, 0x00, 0x00, 0x22, 0x01, 0x87, 0xbf, 0x2e, 0x00, 0x10, 0xd6,
  0x31, 0x21, 0x05, 0x02, 0x31, 0x63, 0x2e, 0x7c, 0x2e, 0x00, 0x55, 0xd6, 0x31, 0x5d, 0xfe, 0x03,
  0xff, 0x7f, 0x00, 0x00, 0x91, 0x00, 0x87, 0xbf, 0x90, 0x5c, 0x5c, 0x32, 0xff, 0x5c, 0x5a, 0x02,
  0xff, 0x7f, 0x00, 0x00, 0x90, 0x5e, 0x5c, 0x32, 0x37, 0x6f, 0x2e, 0x7c, 0x93, 0x01, 0x87, 0xbf,
  0x8f, 0x00, 0x44, 0xd6, 0x2d, 0x59, 0xfe, 0x03, 0x00, 0x01, 0x04, 0x05, 0xff, 0x5c, 0x58, 0x02,
  0xff, 0x7f, 0x00, 0x00, 0x3a, 0x75, 0x2e, 0x7c, 0xff, 0x54, 0x54, 0x02, 0xff, 0x7f, 0x00, 0x00,
  0x35, 0x6b, 0x2e, 0x7c, 0xa2, 0x00, 0x87, 0xbf, 0x8e, 0x00, 0x44, 0xd6, 0x2a, 0x59, 0xfe, 0x03,
  0x00, 0x01, 0x04, 0x05, 0x90, 0x6c, 0x58, 0x30, 0xeb, 0x59, 0x58, 0x10, 0x90, 0x00, 0x44, 0xd6,
  0x2b, 0x53, 0xfe, 0x03, 0x00, 0x01, 0x04, 0x05, 0x29, 0x00, 0x10, 0xd6, 0x35, 0x21, 0x05, 0x02,
  0x2b, 0x00, 0x10, 0xd6, 0x34, 0x21, 0x05, 0x02, 0x12, 0x01, 0x87, 0xbf, 0x2d, 0x00, 0x55, 0xd6,
  0x35, 0x53, 0xfe, 0x03, 0xff, 0x7f, 0x00, 0x00, 0x2e, 0x00, 0x55, 0xd6, 0x34, 0x57, 0xfe, 0x03,
  0xff, 0x7f, 0x00, 0x00, 0xc0, 0x0b, 0xf0, 0xd8, 0x13, 0x00, 0x00, 0x2a, 0x40, 0x0b, 0xf0, 0xd8,
  0x13, 0x00, 0x00, 0x29, 0xc0, 0x0a, 0xf0, 0xd8, 0x13, 0x00, 0x00, 0x2b, 0x80, 0x0a, 0xf0, 0xd8,
  0x13, 0x00, 0x00, 0x2f, 0x00, 0x0a, 0xf0, 0xd8, 0x13, 0x00, 0x00, 0x31, 0x90, 0x5a, 0x5a, 0x32,
  0x90, 0x5c, 0x5c, 0x32, 0x12, 0x01, 0x87, 0xbf, 0xff, 0x5a, 0x5a, 0x02, 0xff, 0x7f, 0x00, 0x00,
  0x2e, 0x00, 0x01, 0xd5, 0xff, 0x5c, 0x0e, 0x01, 0xff, 0x7f, 0x00, 0x00, 0x2c, 0x59, 0x2e, 0x7c,
  0x32, 0x01, 0x87, 0xbf, 0x8d, 0x00, 0x44, 0xd6, 0x2e, 0x5b, 0xfe, 0x03, 0x00, 0x01, 0x04, 0x05,
  0x2d, 0x00, 0x10, 0xd6, 0x2c, 0x21, 0x05, 0x02, 0x2e, 0x00, 0x10, 0xd6, 0x30, 0x21, 0x05, 0x02,
  0x2d, 0x00, 0x55, 0xd6, 0x2c, 0x5b, 0xfe, 0x03, 0xff, 0x7f, 0x00, 0x00, 0x42, 0x01, 0x87, 0xbf,
  0x2e, 0x00, 0x55, 0xd6, 0x30, 0x5d, 0xfe, 0x03, 0xff, 0x7f, 0x00, 0x00, 0x40, 0x0a, 0xf0, 0xd8,
  0x13, 0x00, 0x00, 0x2c, 0x90, 0x5a, 0x5a, 0x32, 0x90, 0x5c, 0x5c, 0x32, 0xff, 0x5a, 0x5a, 0x02,
  0xff, 0x7f, 0x00, 0x00, 0x30, 0x61, 0x2e, 0x7c, 0x17, 0xfc, 0x89, 0xbf, 0x93, 0x00, 0x87, 0xbf,
  0xff, 0x5c, 0x62, 0xca, 0x90, 0x62, 0x30, 0x2e, 0xff, 0x7f, 0x00, 0x00, 0xe9, 0x63, 0x60, 0x10,
  0x80, 0x09, 0xf0, 0xd8, 0x13, 0x00, 0x00, 0x31, 0x8c, 0x00, 0x44, 0xd6, 0x2e, 0x5b, 0xfe, 0x03,
  0x00, 0x01, 0x04, 0x05, 0x2d, 0x00, 0x10, 0xd6, 0x30, 0x21, 0x05, 0x02, 0x30, 0x61, 0x2e, 0x7c,
  0x92, 0x00, 0x87, 0xbf, 0x2d, 0x00, 0x55, 0xd6, 0x30, 0x5b, 0xfe, 0x03, 0xff, 0x7f, 0x00, 0x00,
  0x90, 0x5a, 0x5a, 0x32, 0x91, 0x00, 0x87, 0xbf, 0xff, 0x5a, 0x62, 0xca, 0x90, 0x5e, 0x2e, 0x30,
  0xff, 0x7f, 0x00, 0x00, 0xea, 0x5f, 0x5e, 0x10, 0xc0, 0x09, 0xf0, 0xd8, 0x13, 0x00, 0x00, 0x2d,
  0x40, 0x09, 0xf0, 0xd8, 0x13, 0x00, 0x00, 0x51, 0x2e, 0x00, 0x10, 0xd6, 0x2f, 0x21, 0x05, 0x02,
  0x2f, 0x5f, 0x2e, 0x7c, 0x32, 0x01, 0x87, 0xbf, 0x2e, 0x00, 0x55, 0xd6, 0x2f, 0x5d, 0xfe, 0x03,
  0xff, 0x7f, 0x00, 0x00, 0x27, 0xfc, 0x89, 0xbf, 0x90, 0x62, 0x5e, 0x30, 0x90, 0x5c, 0x5c, 0x32,
  0x91, 0x00, 0x87, 0xbf, 0xff, 0x5c, 0x5c, 0x02, 0xff, 0x7f, 0x00, 0x00, 0x8b, 0x00, 0x44, 0xd6,
  0x2e, 0x61, 0xfe, 0x03, 0x00, 0x01, 0x04, 0x05, 0x00, 0x09, 0xf0, 0xd8, 0x13, 0x00, 0x00, 0x30,
  0xf0, 0x5f, 0x5c, 0x10, 0x21, 0x01, 0x87, 0xbf, 0x2f, 0x00, 0x10, 0xd6, 0x2e, 0x21, 0x05, 0x02,
  0x2e, 0x5d, 0x2e, 0x7c, 0x2f, 0x00, 0x55, 0xd6, 0x2e, 0x5f, 0xfe, 0x03, 0xff, 0x7f, 0x00, 0x00,
  0xc0, 0x08, 0xf0, 0xd8, 0x13, 0x00, 0x00, 0x2e, 0x90, 0x5e, 0x5e, 0x32, 0x17, 0xfc, 0x89, 0xbf,
  0x91, 0x00, 0x87, 0xbf, 0xff, 0x5e, 0x62, 0xca, 0x90, 0x60, 0x30, 0x2f, 0xff, 0x7f, 0x00, 0x00,
  0xef, 0x61, 0x60, 0x10, 0x21, 0x01, 0x87, 0xbf, 0x31, 0x00, 0x10, 0xd6, 0x30, 0x21, 0x05, 0x02,
  0x43, 0x00, 0x17, 0xd4, 0x30, 0x61, 0x02, 0x00, 0x31, 0x00, 0x55, 0xd6, 0x30, 0x63, 0xfe, 0x03,
  0xff, 0x7f, 0x00, 0x00, 0x91, 0x00, 0x87, 0xbf, 0x90, 0x62, 0x62, 0x32, 0x30, 0x00, 0x01, 0xd5,
  0xff, 0x62, 0x0e, 0x01, 0xff, 0x7f, 0x00, 0x00, 0xd1, 0x00, 0x87, 0xbf, 0x8a, 0x00, 0x44, 0xd6,
  0x2f, 0x61, 0xfe, 0x03, 0x00, 0x01, 0x04, 0x05, 0x80, 0x08, 0xf0, 0xd8, 0x13, 0x00, 0x00, 0x30,
  0x40, 0x08, 0xf0, 0xd8, 0x13, 0x00, 0x00, 0x2f, 0x17, 0xfc, 0x89, 0xbf, 0x90, 0x60, 0x60, 0x30,
  0xee, 0x61, 0x60, 0x10, 0x21, 0x01, 0x87, 0xbf, 0x31, 0x00, 0x10, 0xd6, 0x30, 0x21, 0x05, 0x02,
  0x30, 0x61, 0x2e, 0x7c, 0x31, 0x00, 0x55, 0xd6, 0x30, 0x63, 0xfe, 0x03, 0xff, 0x7f, 0x00, 0x00,
  0x00, 0x08, 0xf0, 0xd8, 0x13, 0x00, 0x00, 0x30, 0x90, 0x62, 0x62, 0x32, 0x07, 0xfc, 0x89, 0xbf,
  0x91, 0x00, 0x87, 0xbf, 0xff, 0x62, 0x62, 0xca, 0x90, 0x60, 0x30, 0x31, 0xff, 0x7f, 0x00, 0x00,
  0xed, 0x61, 0x60, 0x10, 0x21, 0x01, 0x87, 0xbf, 0x32, 0x00, 0x10, 0xd6, 0x30, 0x21, 0x05, 0x02,
  0x43, 0x00, 0x17, 0xd4, 0x30, 0x61, 0x02, 0x00, 0x32, 0x00, 0x55, 0xd6, 0x30, 0x65, 0xfe, 0x03,
  0xff, 0x7f, 0x00, 0x00, 0x91, 0x00, 0x87, 0xbf, 0x90, 0x64, 0x64, 0x32, 0x30, 0x00, 0x01, 0xd5,
  0xff, 0x64, 0x0e, 0x01, 0xff, 0x7f, 0x00, 0x00, 0x01, 0x00, 0x87, 0xbf, 0x89, 0x00, 0x44, 0xd6,
  0x31, 0x61, 0xfe, 0x03, 0x00, 0x01, 0x04, 0x05, 0x80, 0x17, 0xf0, 0xd8, 0x13, 0x00, 0x00, 0x32,
  0xc0, 0x17, 0xf0, 0xd8, 0x13, 0x00, 0x00, 0x31, 0x40, 0x17, 0xf0, 0xd8, 0x13, 0x00, 0x00, 0x30,
  0x00, 0x00, 0x5d, 0xdc, 0x00, 0x00, 0x7c, 0x67, 0x27, 0xfc, 0x89, 0xbf, 0x90, 0x64, 0x64, 0x30,
  0xf7, 0x03, 0x89, 0xbf, 0x91, 0x00, 0x87, 0xbf, 0x6a, 0x65, 0x64, 0x10, 0x33, 0x00, 0x10, 0xd6,
  0x32, 0x21, 0x05, 0x02, 0x32, 0x65, 0x2e, 0x7c, 0x92, 0x00, 0x87, 0xbf, 0x33, 0x00, 0x55, 0xd6,
  0x32, 0x67, 0xfe, 0x03, 0xff, 0x7f, 0x00, 0x00, 0x90, 0x66, 0x68, 0x32, 0x00, 0x16, 0xf0, 0xd8,
  0x13, 0x00, 0x00, 0x35, 0xc0, 0x16, 0xf0, 0xd8, 0x13, 0x00, 0x00, 0x32, 0x40, 0x16, 0xf0, 0xd8,
  0x13, 0x00, 0x00, 0x33, 0x27, 0xfc, 0x89, 0xbf, 0xff, 0x68, 0x62, 0xca, 0x90, 0x6a, 0x34, 0x34,
  0xff, 0x7f, 0x00, 0x00, 0x91, 0x00, 0x87, 0xbf, 0x67, 0x6b, 0x6a, 0x10, 0x36, 0x00, 0x10, 0xd6,
  0x35, 0x21, 0x05, 0x02, 0x43, 0x00, 0x17, 0xd4, 0x35, 0x6b, 0x02, 0x00, 0xb2, 0x00, 0x87, 0xbf,
  0x36, 0x00, 0x55, 0xd6, 0x35, 0x6d, 0xfe, 0x03, 0xff, 0x7f, 0x00, 0x00, 0x80, 0x16, 0xf0, 0xd8,
  0x13, 0x00, 0x00, 0x35, 0x90, 0x6c, 0x6c, 0x32, 0x36, 0x00, 0x01, 0xd5, 0xff, 0x6c, 0x0e, 0x01,
  0xff, 0x7f, 0x00, 0x00, 0x07, 0xfc, 0x89, 0xbf, 0x90, 0x6a, 0x6a, 0x30, 0x91, 0x00, 0x87, 0xbf,
  0x68, 0x6b, 0x6a, 0x10, 0x37, 0x00, 0x10, 0xd6, 0x35, 0x21, 0x05, 0x02, 0x44, 0x00, 0x17, 0xd4,
  0x35, 0x6b, 0x02, 0x00, 0xb2, 0x00, 0x87, 0xbf, 0x37, 0x00, 0x55, 0xd6, 0x35, 0x6f, 0xfe, 0x03,
  0xff, 0x7f, 0x00, 0x00, 0x00, 0x17, 0xf0, 0xd8, 0x13, 0x00, 0x00, 0x35, 0x90, 0x6e, 0x6e, 0x32,
  0x37, 0x00, 0x01, 0xd5, 0xff, 0x6e, 0x12, 0x01, 0xff, 0x7f, 0x00, 0x00, 0xb1, 0x00, 0x87, 0xbf,
  0x97, 0x00, 0x44, 0xd6, 0x37, 0x6d, 0xfe, 0x03, 0x00, 0x01, 0x04, 0x05, 0x07, 0xfc, 0x89, 0xbf,
  0x90, 0x6a, 0x6a, 0x30, 0x69, 0x6b, 0x6a, 0x10, 0x21, 0x01, 0x87, 0xbf, 0x38, 0x00, 0x10, 0xd6,
  0x35, 0x21, 0x05, 0x02, 0x45, 0x00, 0x17, 0xd4, 0x35, 0x6b, 0x02, 0x00, 0x38, 0x00, 0x55, 0xd6,
  0x35, 0x71, 0xfe, 0x03, 0xff, 0x7f, 0x00, 0x00, 0x91, 0x00, 0x87, 0xbf, 0x90, 0x70, 0x70, 0x32,
  0x35, 0x00, 0x01, 0xd5, 0xff, 0x70, 0x16, 0x01, 0xff, 0x7f, 0x00, 0x00, 0x01, 0x00, 0x87, 0xbf,
  0x98, 0x00, 0x44, 0xd6, 0x34, 0x6b, 0xfe, 0x03, 0x00, 0x01, 0x04, 0x05, 0x80, 0x15, 0xf0, 0xd8,
  0x13, 0x00, 0x00, 0x35, 0xc0, 0x15, 0xf0, 0xd8, 0x13, 0x00, 0x00, 0x52, 0x40, 0x15, 0xf0, 0xd8,
  0x13, 0x00, 0x00, 0x34, 0x10, 0x00, 0x5d, 0xdc, 0x00, 0x00, 0x7c, 0x6b, 0x27, 0xfc, 0x89, 0xbf,
  0x90, 0x6a, 0x6a, 0x30, 0xf7, 0x03, 0x89, 0xbf, 0x91, 0x00, 0x87, 0xbf, 0x6e, 0x6b, 0x6a, 0x10,
  0x36, 0x00, 0x10, 0xd6, 0x35, 0x21, 0x05, 0x02, 0x35, 0x6b, 0x2e, 0x7c, 0xd2, 0x00, 0x87, 0xbf,
  0x36, 0x00, 0x55, 0xd6, 0x35, 0x6d, 0xfe, 0x03, 0xff, 0x7f, 0x00, 0x00, 0x00, 0x15, 0xf0, 0xd8,
  0x13, 0x00, 0x00, 0x35, 0xc0, 0x14, 0xf0, 0xd8, 0x13, 0x00, 0x00, 0x5f, 0x90, 0x6c, 0x6c, 0x32,
  0x17, 0xfc, 0x89, 0xbf, 0xff, 0x6c, 0x62, 0xca, 0x90, 0x6a, 0x34, 0x36, 0xff, 0x7f, 0x00, 0x00,
  0x91, 0x00, 0x87, 0xbf, 0x6d, 0x6b, 0x6a, 0x10, 0x37, 0x00, 0x10, 0xd6, 0x35, 0x21, 0x05, 0x02,
  0x43, 0x00, 0x17, 0xd4, 0x35, 0x6b, 0x02, 0x00, 0x92, 0x00, 0x87, 0xbf, 0x37, 0x00, 0x55, 0xd6,
  0x35, 0x6f, 0xfe, 0x03, 0xff, 0x7f, 0x00, 0x00, 0x90, 0x6e, 0x6e, 0x32, 0x91, 0x00, 0x87, 0xbf,
  0x35, 0x00, 0x01, 0xd5, 0xff, 0x6e, 0x0e, 0x01, 0xff, 0x7f, 0x00, 0x00, 0x96, 0x00, 0x44, 0xd6,
  0x36, 0x6b, 0xfe, 0x03, 0x00, 0x01, 0x04, 0x05, 0x80, 0x14, 0xf0, 0xd8, 0x13, 0x00, 0x00, 0x35,
  0x40, 0x14, 0xf0, 0xd8, 0x13, 0x00, 0x00, 0x60, 0x17, 0xfc, 0x89, 0xbf, 0x90, 0x6a, 0x6a, 0x30,
  0x91, 0x00, 0x87, 0xbf, 0x6c, 0x6b, 0x6a, 0x10, 0x36, 0x00, 0x10, 0xd6, 0x35, 0x21, 0x05, 0x02,
  0x35, 0x6b, 0x2e, 0x7c, 0xc2, 0x00, 0x87, 0xbf, 0x36, 0x00, 0x55, 0xd6, 0x35, 0x6d, 0xfe, 0x03,
  0xff, 0x7f, 0x00, 0x00, 0x00, 0x14, 0xf0, 0xd8, 0x13, 0x00, 0x00, 0x35, 0x90, 0x6c, 0x6c, 0x32,
  0x07, 0xfc, 0x89, 0xbf, 0xff, 0x6c, 0x62, 0xca, 0x90, 0x6a, 0x34, 0x36, 0xff, 0x7f, 0x00, 0x00,
  0x91, 0x00, 0x87, 0xbf, 0x6b, 0x6b, 0x6a, 0x10, 0x37, 0x00, 0x10, 0xd6, 0x35, 0x21, 0x05, 0x02,
  0x43, 0x00, 0x17, 0xd4, 0x35, 0x6b, 0x02, 0x00, 0x92, 0x00, 0x87, 0xbf, 0x37, 0x00, 0x55, 0xd6,
  0x35, 0x6f, 0xfe, 0x03, 0xff, 0x7f, 0x00, 0x00, 0x90, 0x6e, 0x6e, 0x32, 0x91, 0x00, 0x87, 0xbf,
  0x35, 0x00, 0x01, 0xd5, 0xff, 0x6e, 0x0e, 0x01, 0xff, 0x7f, 0x00, 0x00, 0x95, 0x00, 0x44, 0xd6,
  0x36, 0x6b, 0xfe, 0x03, 0x00, 0x01, 0x04, 0x05, 0x80, 0x13, 0xf0, 0xd8, 0x13, 0x00, 0x00, 0x37,
  0xc0, 0x13, 0xf0, 0xd8, 0x13, 0x00, 0x00, 0x36, 0x40, 0x13, 0xf0, 0xd8, 0x13, 0x00, 0x00, 0x35,
  0x20, 0x00, 0x5d, 0xdc, 0x00, 0x00, 0x7c, 0x6f, 0x27, 0xfc, 0x89, 0xbf, 0x90, 0x6e, 0x6e, 0x30,
  0xf7, 0x03, 0x89, 0xbf, 0x91, 0x00, 0x87, 0xbf, 0x72, 0x6f, 0x6e, 0x10, 0x38, 0x00, 0x10, 0xd6,
  0x37, 0x21, 0x05, 0x02, 0x37, 0x6f, 0x2e, 0x7c, 0xd2, 0x00, 0x87, 0xbf, 0x38, 0x00, 0x55, 0xd6,
  0x37, 0x71, 0xfe, 0x03, 0xff, 0x7f, 0x00, 0x00, 0x00, 0x13, 0xf0, 0xd8, 0x13, 0x00, 0x00, 0x39,
  0xc0, 0x12, 0xf0, 0xd8, 0x13, 0x00, 0x00, 0x37, 0x90, 0x70, 0x70, 0x32, 0x17, 0xfc, 0x89, 0xbf,
  0xff, 0x70, 0x62, 0xca, 0x90, 0x72, 0x38, 0x38, 0xff, 0x7f, 0x00, 0x00, 0x91, 0x00, 0x87, 0xbf,
  0x71, 0x73, 0x72, 0x10, 0x3a, 0x00, 0x10, 0xd6, 0x39, 0x21, 0x05, 0x02, 0x43, 0x00, 0x17, 0xd4,
  0x39, 0x73, 0x02, 0x00, 0x92, 0x00, 0x87, 0xbf, 0x3a, 0x00, 0x55, 0xd6, 0x39, 0x75, 0xfe, 0x03,
  0xff, 0x7f, 0x00, 0x00, 0x90, 0x74, 0x74, 0x32, 0x91, 0x00, 0x87, 0xbf, 0x39, 0x00, 0x01, 0xd5,
  0xff, 0x74, 0x0e, 0x01, 0xff, 0x7f, 0x00, 0x00, 0x94, 0x00, 0x44, 0xd6, 0x38, 0x73, 0xfe, 0x03,
  0x00, 0x01, 0x04, 0x05, 0x80, 0x12, 0xf0, 0xd8, 0x13, 0x00, 0x00, 0x39, 0x40, 0x12, 0xf0, 0xd8,
  0x13, 0x00, 0x00, 0x38, 0x17, 0xfc, 0x89, 0xbf, 0x90, 0x72, 0x72, 0x30, 0x91, 0x00, 0x87, 0xbf,
  0x70, 0x73, 0x72, 0x10, 0x3a, 0x00, 0x10, 0xd6, 0x39, 0x21, 0x05, 0x02, 0x39, 0x73, 0x2e, 0x7c,
  0xc2, 0x00, 0x87, 0xbf, 0x3a, 0x00, 0x55, 0xd6, 0x39, 0x75, 0xfe, 0x03, 0xff, 0x7f, 0x00, 0x00,
  0x00, 0x12, 0xf0, 0xd8, 0x13, 0x00, 0x00, 0x39, 0x90, 0x74, 0x74, 0x32, 0x07, 0xfc, 0x89, 0xbf,
  0xff, 0x74, 0x62, 0xca, 0x90, 0x72, 0x38, 0x3a, 0xff, 0x7f, 0x00, 0x00, 0x91, 0x00, 0x87, 0xbf,
  0x6f, 0x73, 0x72, 0x10, 0x3b, 0x00, 0x10, 0xd6, 0x39, 0x21, 0x05, 0x02, 0x43, 0x00, 0x17, 0xd4,
  0x39, 0x73, 0x02, 0x00, 0x92, 0x00, 0x87, 0xbf, 0x3b, 0x00, 0x55, 0xd6, 0x39, 0x77, 0xfe, 0x03,
  0xff, 0x7f, 0x00, 0x00, 0x90, 0x76, 0x76, 0x32, 0x91, 0x00, 0x87, 0xbf, 0x39, 0x00, 0x01, 0xd5,
  0xff, 0x76, 0x0e, 0x01, 0xff, 0x7f, 0x00, 0x00, 0x93, 0x00, 0x44, 0xd6, 0x3a, 0x73, 0xfe, 0x03,
  0x00, 0x01, 0x04, 0x05, 0x80, 0x11, 0xf0, 0xd8, 0x13, 0x00, 0x00, 0x39, 0xc0, 0x11, 0xf0, 0xd8,
  0x13, 0x00, 0x00, 0x62, 0x40, 0x11, 0xf0, 0xd8, 0x13, 0x00, 0x00, 0x61, 0x27, 0xfc, 0x89, 0xbf,
  0x90, 0x72, 0x72, 0x30, 0x91, 0x00, 0x87, 0xbf, 0xe0, 0x73, 0x72, 0x10, 0x3a, 0x00, 0x10, 0xd6,
  0x39, 0x21, 0x05, 0x02, 0x39, 0x73, 0x2e, 0x7c, 0xd2, 0x00, 0x87, 0xbf, 0x3a, 0x00, 0x55, 0xd6,
  0x39, 0x75, 0xfe, 0x03, 0xff, 0x7f, 0x00, 0x00, 0x00, 0x11, 0xf0, 0xd8, 0x13, 0x00, 0x00, 0x39,
  0xc0, 0x10, 0xf0, 0xd8, 0x13, 0x00, 0x00, 0x63, 0x90, 0x74, 0x74, 0x32, 0x17, 0xfc, 0x89, 0xbf,
  0xff, 0x74, 0x62, 0xca, 0x90, 0x72, 0x38, 0x3a, 0xff, 0x7f, 0x00, 0x00, 0x91, 0x00, 0x87, 0xbf,
  0xdf, 0x73, 0x72, 0x10, 0x3b, 0x00, 0x10, 0xd6, 0x39, 0x21, 0x05, 0x02, 0x43, 0x00, 0x17, 0xd4,
  0x39, 0x73, 0x02, 0x00, 0x92, 0x00, 0x87, 0xbf, 0x3b, 0x00, 0x55, 0xd6, 0x39, 0x77, 0xfe, 0x03,
  0xff, 0x7f, 0x00, 0x00, 0x90, 0x76, 0x76, 0x32, 0x91, 0x00, 0x87, 0xbf, 0x39, 0x00, 0x01, 0xd5,
  0xff, 0x76, 0x0e, 0x01, 0xff, 0x7f, 0x00, 0x00, 0x92, 0x00, 0x44, 0xd6, 0x3a, 0x73, 0xfe, 0x03,
  0x00, 0x01, 0x04, 0x05, 0x80, 0x10, 0xf0, 0xd8, 0x13, 0x00, 0x00, 0x39, 0x40, 0x10, 0xf0, 0xd8,
  0x13, 0x00, 0x00, 0x64, 0x17, 0xfc, 0x89, 0xbf, 0x90, 0x72, 0x72, 0x30, 0x91, 0x00, 0x87, 0xbf,
  0xde, 0x73, 0x72, 0x10, 0x3a, 0x00, 0x10, 0xd6, 0x39, 0x21, 0x05, 0x02, 0x39, 0x73, 0x2e, 0x7c,
  0xc2, 0x00, 0x87, 0xbf, 0x3a, 0x00, 0x55, 0xd6, 0x39, 0x75, 0xfe, 0x03, 0xff, 0x7f, 0x00, 0x00,
  0x00, 0x10, 0xf0, 0xd8, 0x13, 0x00, 0x00, 0x39, 0x90, 0x74, 0x74, 0x32, 0x07, 0xfc, 0x89, 0xbf,
  0xff, 0x74, 0x62, 0xca, 0x90, 0x72, 0x38, 0x3a, 0xff, 0x7f, 0x00, 0x00, 0x91, 0x00, 0x87, 0xbf,
  0xdd, 0x73, 0x72, 0x10, 0x3b, 0x00, 0x10, 0xd6, 0x39, 0x21, 0x05, 0x02, 0x43, 0x00, 0x17, 0xd4,
  0x39, 0x73, 0x02, 0x00, 0x92, 0x00, 0x87, 0xbf, 0x3b, 0x00, 0x55, 0xd6, 0x39, 0x77, 0xfe, 0x03,
  0xff, 0x7f, 0x00, 0x00, 0x90, 0x76, 0x76, 0x32, 0x91, 0x00, 0x87, 0xbf, 0x39, 0x00, 0x01, 0xd5,
  0xff, 0x76, 0x0e, 0x01, 0xff, 0x7f, 0x00, 0x00, 0x91, 0x00, 0x44, 0xd6, 0x3a, 0x73, 0xfe, 0x03,
  0x00, 0x01, 0x04, 0x05, 0x80, 0x1f, 0xf0, 0xd8, 0x13, 0x00, 0x00, 0x3b, 0xc0, 0x1f, 0xf0, 0xd8,
  0x13, 0x00, 0x00, 0x3a, 0x40, 0x1f, 0xf0, 0xd8, 0x13, 0x00, 0x00, 0x39, 0x27, 0xfc, 0x89, 0xbf,
  0x90, 0x76, 0x76, 0x30, 0x91, 0x00, 0x87, 0xbf, 0xdc, 0x77, 0x76, 0x10, 0x3c, 0x00, 0x10, 0xd6,
  0x3b, 0x21, 0x05, 0x02, 0x3b, 0x77, 0x2e, 0x7c, 0x92, 0x00, 0x87, 0xbf, 0x3c, 0x00, 0x55, 0xd6,
  0x3b, 0x79, 0xfe, 0x03, 0xff, 0x7f, 0x00, 0x00, 0x90, 0x78, 0x7a, 0x32, 0x00, 0x1e, 0xf0, 0xd8,
  0x13, 0x00, 0x00, 0x3e, 0xc0, 0x1e, 0xf0, 0xd8, 0x13, 0x00, 0x00, 0x3b, 0x40, 0x1e, 0xf0, 0xd8,
  0x13, 0x00, 0x00, 0x3c, 0x27, 0xfc, 0x89, 0xbf, 0xff, 0x7a, 0x62, 0xca, 0x90, 0x7c, 0x3e, 0x3d,
  0xff, 0x7f, 0x00, 0x00, 0x91, 0x00, 0x87, 0xbf, 0xd9, 0x7d, 0x7c, 0x10, 0x3f, 0x00, 0x10, 0xd6,
  0x3e, 0x21, 0x05, 0x02, 0x43, 0x00, 0x17, 0xd4, 0x3e, 0x7d, 0x02, 0x00, 0xb2, 0x00, 0x87, 0xbf,
  0x3f, 0x00, 0x55, 0xd6, 0x3e, 0x7f, 0xfe, 0x03, 0xff, 0x7f, 0x00, 0x00, 0x80, 0x1e, 0xf0, 0xd8,
  0x13, 0x00, 0x00, 0x3e, 0x90, 0x7e, 0x7e, 0x32, 0x3f, 0x00, 0x01, 0xd5, 0xff, 0x7e, 0x0e, 0x01,
  0xff, 0x7f, 0x00, 0x00, 0x07, 0xfc, 0x89, 0xbf, 0x90, 0x7c, 0x7c, 0x30, 0x91, 0x00, 0x87, 0xbf,
  0xda, 0x7d, 0x7c, 0x10, 0x40, 0x00, 0x10, 0xd6, 0x3e, 0x21, 0x05, 0x02, 0x44, 0x00, 0x17, 0xd4,
  0x3e, 0x7d, 0x02, 0x00, 0xb2, 0x00, 0x87, 0xbf, 0x40, 0x00, 0x55, 0xd6, 0x3e, 0x81, 0xfe, 0x03,
  0xff, 0x7f, 0x00, 0x00, 0x00, 0x1f, 0xf0, 0xd8, 0x13, 0x00, 0x00, 0x3e, 0x90, 0x80, 0x80, 0x32,
  0x40, 0x00, 0x01, 0xd5, 0xff, 0x80, 0x12, 0x01, 0xff, 0x7f, 0x00, 0x00, 0x44, 0x00, 0x17, 0xd4,
  0x23, 0x47, 0x02, 0x00, 0xb2, 0x00, 0x87, 0xbf, 0x9f, 0x00, 0x44, 0xd6, 0x40, 0x7f, 0xfe, 0x03,
  0x00, 0x01, 0x04, 0x05, 0x07, 0xfc, 0x89, 0xbf, 0x90, 0x7c, 0x7c, 0x30, 0xdb, 0x7d, 0x7c, 0x10,
  0x21, 0x01, 0x87, 0xbf, 0x41, 0x00, 0x10, 0xd6, 0x3e, 0x21, 0x05, 0x02, 0x45, 0x00, 0x17, 0xd4,
  0x3e, 0x7d, 0x02, 0x00, 0x41, 0x00, 0x55, 0xd6, 0x3e, 0x83, 0xfe, 0x03, 0xff, 0x7f, 0x00, 0x00,
  0x91, 0x00, 0x87, 0xbf, 0x90, 0x82, 0x82, 0x32, 0x3e, 0x00, 0x01, 0xd5, 0xff, 0x82, 0x16, 0x01,
  0xff, 0x7f, 0x00, 0x00, 0x45, 0x00, 0x17, 0xd4, 0x21, 0x43, 0x02, 0x00, 0x02, 0x00, 0x87, 0xbf,
  0xa0, 0x00, 0x44, 0xd6, 0x3d, 0x7d, 0xfe, 0x03, 0x00, 0x01, 0x04, 0x05, 0x80, 0x1d, 0xf0, 0xd8,
  0x13, 0x00, 0x00, 0x3f, 0xc0, 0x1d, 0xf0, 0xd8, 0x13, 0x00, 0x00, 0x3e, 0x40, 0x1d, 0xf0, 0xd8,
  0x13, 0x00, 0x00, 0x3d, 0x27, 0xfc, 0x89, 0xbf, 0x90, 0x7e, 0x7e, 0x30, 0x91, 0x00, 0x87, 0xbf,
  0xc4, 0x7f, 0x7e, 0x10, 0x40, 0x00, 0x10, 0xd6, 0x3f, 0x21, 0x05, 0x02, 0x3f, 0x7f, 0x2e, 0x7c,
  0xd2, 0x00, 0x87, 0xbf, 0x40, 0x00, 0x55, 0xd6, 0x3f, 0x81, 0xfe, 0x03, 0xff, 0x7f, 0x00, 0x00,
  0x00, 0x1d, 0xf0, 0xd8, 0x13, 0x00, 0x00, 0x41, 0xc0, 0x1c, 0xf0, 0xd8, 0x13, 0x00, 0x00, 0x3f,
  0x90, 0x80, 0x80, 0x32, 0x17, 0xfc, 0x89, 0xbf, 0xff, 0x80, 0x62, 0xca, 0x90, 0x82, 0x40, 0x40,
  0xff, 0x7f, 0x00, 0x00, 0x91, 0x00, 0x87, 0xbf, 0xc3, 0x83, 0x82, 0x10, 0x42, 0x00, 0x10, 0xd6,
  0x41, 0x21, 0x05, 0x02, 0x43, 0x00, 0x17, 0xd4, 0x41, 0x83, 0x02, 0x00, 0x92, 0x00, 0x87, 0xbf,
  0x42, 0x00, 0x55, 0xd6, 0x41, 0x85, 0xfe, 0x03, 0xff, 0x7f, 0x00, 0x00, 0x90, 0x84, 0x84, 0x32,
  0x91, 0x00, 0x87, 0xbf, 0x41, 0x00, 0x01, 0xd5, 0xff, 0x84, 0x0e, 0x01, 0xff, 0x7f, 0x00, 0x00,
  0x9e, 0x00, 0x44, 0xd6, 0x40, 0x83, 0xfe, 0x03, 0x00, 0x01, 0x04, 0x05, 0x80, 0x1c, 0xf0, 0xd8,
  0x13, 0x00, 0x00, 0x41, 0x40, 0x1c, 0xf0, 0xd8, 0x13, 0x00, 0x00, 0x40, 0x17, 0xfc, 0x89, 0xbf,
  0x90, 0x82, 0x82, 0x30, 0x91, 0x00, 0x87, 0xbf, 0xc2, 0x83, 0x82, 0x10, 0x42, 0x00, 0x10, 0xd6,
  0x41, 0x21, 0x05, 0x02, 0x41, 0x83, 0x2e, 0x7c, 0xc2, 0x00, 0x87, 0xbf, 0x42, 0x00, 0x55, 0xd6,
  0x41, 0x85, 0xfe, 0x03, 0xff, 0x7f, 0x00, 0x00, 0x00, 0x1c, 0xf0, 0xd8, 0x13, 0x00, 0x00, 0x41,
  0x90, 0x84, 0x84, 0x32, 0x07, 0xfc, 0x89, 0xbf, 0xff, 0x84, 0x62, 0xca, 0x90, 0x82, 0x40, 0x42,
  0xff, 0x7f, 0x00, 0x00, 0x91, 0x00, 0x87, 0xbf, 0xc1, 0x83, 0x82, 0x10, 0x43, 0x00, 0x10, 0xd6,
  0x41, 0x21, 0x05, 0x02, 0x43, 0x00, 0x17, 0xd4, 0x41, 0x83, 0x02, 0x00, 0x92, 0x00, 0x87, 0xbf,
  0x43, 0x00, 0x55, 0xd6, 0x41, 0x87, 0xfe, 0x03, 0xff, 0x7f, 0x00, 0x00, 0x90, 0x86, 0x86, 0x32,
  0x91, 0x00, 0x87, 0xbf, 0x41, 0x00, 0x01, 0xd5, 0xff, 0x86, 0x0e, 0x01, 0xff, 0x7f, 0x00, 0x00,
  0x9d, 0x00, 0x44, 0xd6, 0x42, 0x83, 0xfe, 0x03, 0x00, 0x01, 0x04, 0x05, 0x80, 0x1b, 0xf0, 0xd8,
  0x13, 0x00, 0x00, 0x41, 0xc0, 0x1b, 0xf0, 0xd8, 0x13, 0x00, 0x00, 0x66, 0x40, 0x1b, 0xf0, 0xd8,
  0x13, 0x00, 0x00, 0x65, 0x27, 0xfc, 0x89, 0xbf, 0x90, 0x82, 0x82, 0x30, 0x91, 0x00, 0x87, 0xbf,
  0xc8, 0x83, 0x82, 0x10, 0x42, 0x00, 0x10, 0xd6, 0x41, 0x21, 0x05, 0x02, 0x41, 0x83, 0x2e, 0x7c,
  0xd2, 0x00, 0x87, 0xbf, 0x42, 0x00, 0x55, 0xd6, 0x41, 0x85, 0xfe, 0x03, 0xff, 0x7f, 0x00, 0x00,
  0x00, 0x1b, 0xf0, 0xd8, 0x13, 0x00, 0x00, 0x43, 0xc0, 0x1a, 0xf0, 0xd8, 0x13, 0x00, 0x00, 0x41,
  0x90, 0x84, 0x84, 0x32, 0x17, 0xfc, 0x89, 0xbf, 0xff, 0x84, 0x62, 0xca, 0x90, 0x86, 0x42, 0x42,
  0xff, 0x7f, 0x00, 0x00, 0x91, 0x00, 0x87, 0xbf, 0xc7, 0x87, 0x86, 0x10, 0x44, 0x00, 0x10, 0xd6,
  0x43, 0x21, 0x05, 0x02, 0x43, 0x00, 0x17, 0xd4, 0x43, 0x87, 0x02, 0x00, 0x92, 0x00, 0x87, 0xbf,
  0x44, 0x00, 0x55, 0xd6, 0x43, 0x89, 0xfe, 0x03, 0xff, 0x7f, 0x00, 0x00, 0x90, 0x88, 0x88, 0x32,
  0x91, 0x00, 0x87, 0xbf, 0x43, 0x00, 0x01, 0xd5, 0xff, 0x88, 0x0e, 0x01, 0xff, 0x7f, 0x00, 0x00,
  0x9c, 0x00, 0x44, 0xd6, 0x42, 0x87, 0xfe, 0x03, 0x00, 0x01, 0x04, 0x05, 0x80, 0x1a, 0xf0, 0xd8,
  0x13, 0x00, 0x00, 0x43, 0x40, 0x1a, 0xf0, 0xd8, 0x13, 0x00, 0x00, 0x42, 0x17, 0xfc, 0x89, 0xbf,
  0x90, 0x86, 0x86, 0x30, 0x91, 0x00, 0x87, 0xbf, 0xc6, 0x87, 0x86, 0x10, 0x44, 0x00, 0x10, 0xd6,
  0x43, 0x21, 0x05, 0x02, 0x43, 0x87, 0x2e, 0x7c, 0xc2, 0x00, 0x87, 0xbf, 0x44, 0x00, 0x55, 0xd6,
  0x43, 0x89, 0xfe, 0x03, 0xff, 0x7f, 0x00, 0x00, 0x00, 0x1a, 0xf0, 0xd8, 0x13, 0x00, 0x00, 0x43,
  0x90, 0x88, 0x88, 0x32, 0x07, 0xfc, 0x89, 0xbf, 0xff, 0x88, 0x62, 0xca, 0x90, 0x86, 0x42, 0x44,
  0xff, 0x7f, 0x00, 0x00, 0x91, 0x00, 0x87, 0xbf, 0xc5, 0x87, 0x86, 0x10, 0x45, 0x00, 0x10, 0xd6,
  0x43, 0x21, 0x05, 0x02, 0x43, 0x00, 0x17, 0xd4, 0x43, 0x87, 0x02, 0x00, 0x92, 0x00, 0x87, 0xbf,
  0x45, 0x00, 0x55, 0xd6, 0x43, 0x8b, 0xfe, 0x03, 0xff, 0x7f, 0x00, 0x00, 0x90, 0x8a, 0x8a, 0x32,
  0x91, 0x00, 0x87, 0xbf, 0x43, 0x00, 0x01, 0xd5, 0xff, 0x8a, 0x0e, 0x01, 0xff, 0x7f, 0x00, 0x00,
  0x9b, 0x00, 0x44, 0xd6, 0x44, 0x87, 0xfe, 0x03, 0x00, 0x01, 0x04, 0x05, 0x80, 0x19, 0xf0, 0xd8,
  0x13, 0x00, 0x00, 0x45, 0xc0, 0x19, 0xf0, 0xd8, 0x13, 0x00, 0x00, 0x44, 0x40, 0x19, 0xf0, 0xd8,
  0x13, 0x00, 0x00, 0x43, 0x27, 0xfc, 0x89, 0xbf, 0x90, 0x8a, 0x8a, 0x30, 0x91, 0x00, 0x87, 0xbf,
  0xcc, 0x8b, 0x8a, 0x10, 0x46, 0x00, 0x10, 0xd6, 0x45, 0x21, 0x05, 0x02, 0x45, 0x8b, 0x2e, 0x7c,
  0xd2, 0x00, 0x87, 0xbf, 0x46, 0x00, 0x55, 0xd6, 0x45, 0x8d, 0xfe, 0x03, 0xff, 0x7f, 0x00, 0x00,
  0x00, 0x19, 0xf0, 0xd8, 0x13, 0x00, 0x00, 0x45, 0xc0, 0x18, 0xf0, 0xd8, 0x13, 0x00, 0x00, 0x47,
  0x90, 0x8c, 0x8c, 0x32, 0x17, 0xfc, 0x89, 0xbf, 0xff, 0x8c, 0x62, 0xca, 0x90, 0x8a, 0x44, 0x46,
  0xff, 0x7f, 0x00, 0x00, 0x91, 0x00, 0x87, 0xbf, 0xcb, 0x8b, 0x8a, 0x10, 0x48, 0x00, 0x10, 0xd6,
  0x45, 0x21, 0x05, 0x02, 0x43, 0x00, 0x17, 0xd4, 0x45, 0x8b, 0x02, 0x00, 0x92, 0x00, 0x87, 0xbf,
  0x48, 0x00, 0x55, 0xd6, 0x45, 0x91, 0xfe, 0x03, 0xff, 0x7f, 0x00, 0x00, 0x90, 0x90, 0x90, 0x32,
  0x91, 0x00, 0x87, 0xbf, 0x45, 0x00, 0x01, 0xd5, 0xff, 0x90, 0x0e, 0x01, 0xff, 0x7f, 0x00, 0x00,
  0x9a, 0x00, 0x44, 0xd6, 0x46, 0x8b, 0xfe, 0x03, 0x00, 0x01, 0x04, 0x05, 0x80, 0x18, 0xf0, 0xd8,
  0x13, 0x00, 0x00, 0x45, 0x40, 0x18, 0xf0, 0xd8, 0x13, 0x00, 0x00, 0x46, 0x17, 0xfc, 0x89, 0xbf,
  0x90, 0x8a, 0x8a, 0x30, 0x91, 0x00, 0x87, 0xbf, 0xca, 0x8b, 0x8a, 0x10, 0x48, 0x00, 0x10, 0xd6,
  0x45, 0x21, 0x05, 0x02, 0x45, 0x8b, 0x2e, 0x7c, 0xc2, 0x00, 0x87, 0xbf, 0x48, 0x00, 0x55, 0xd6,
  0x45, 0x91, 0xfe, 0x03, 0xff, 0x7f, 0x00, 0x00, 0x00, 0x18, 0xf0, 0xd8, 0x13, 0x00, 0x00, 0x45,
  0x90, 0x90, 0x90, 0x32, 0x07, 0xfc, 0x89, 0xbf, 0xff, 0x90, 0x62, 0xca, 0x90, 0x8a, 0x44, 0x48,
  0xff, 0x7f, 0x00, 0x00, 0x91, 0x00, 0x87, 0xbf, 0xc9, 0x8b, 0x8a, 0x10, 0x49, 0x00, 0x10, 0xd6,
  0x45, 0x21, 0x05, 0x02, 0x43, 0x00, 0x17, 0xd4, 0x45, 0x8b, 0x02, 0x00, 0x92, 0x00, 0x87, 0xbf,
  0x49, 0x00, 0x55, 0xd6, 0x45, 0x93, 0xfe, 0x03, 0xff, 0x7f, 0x00, 0x00, 0x90, 0x92, 0x92, 0x32,
  0x91, 0x00, 0x87, 0xbf, 0x45, 0x00, 0x01, 0xd5, 0xff, 0x92, 0x0e, 0x01, 0xff, 0x7f, 0x00, 0x00,
  0x99, 0x00, 0x44, 0xd6, 0x48, 0x8b, 0xfe, 0x03, 0x00, 0x01, 0x04, 0x05, 0x90, 0xa0, 0x8a, 0x30,
  0x91, 0x00, 0x87, 0xbf, 0xf4, 0x8b, 0x8a, 0x10, 0x48, 0x00, 0x10, 0xd6, 0x45, 0x21, 0x05, 0x02,
  0x45, 0x8b, 0x2e, 0x7c, 0x22, 0x01, 0x87, 0xbf, 0x48, 0x00, 0x55, 0xd6, 0x45, 0x91, 0xfe, 0x03,
  0xff, 0x7f, 0x00, 0x00, 0x90, 0x9e, 0x8a, 0x30, 0x90, 0x90, 0x90, 0x32, 0x92, 0x00, 0x87, 0xbf,
  0xf1, 0x8b, 0x8a, 0x10, 0x49, 0x00, 0x10, 0xd6, 0x45, 0x21, 0x05, 0x02, 0x43, 0x00, 0x17, 0xd4,
  0x45, 0x8b, 0x02, 0x00, 0x22, 0x01, 0x87, 0xbf, 0x49, 0x00, 0x55, 0xd6, 0x45, 0x93, 0xfe, 0x03,
  0xff, 0x7f, 0x00, 0x00, 0x45, 0x00, 0x10, 0xd6, 0x23, 0x21, 0x05, 0x02, 0x90, 0x92, 0x92, 0x32,
  0x22, 0x01, 0x87, 0xbf, 0x45, 0x00, 0x55, 0xd6, 0x23, 0x8b, 0xfe, 0x03, 0xff, 0x7f, 0x00, 0x00,
  0x23, 0x00, 0x10, 0xd6, 0x21, 0x21, 0x05, 0x02, 0x90, 0x8a, 0x8a, 0x32, 0x12, 0x01, 0x87, 0xbf,
  0x23, 0x00, 0x55, 0xd6, 0x21, 0x47, 0xfe, 0x03, 0xff, 0x7f, 0x00, 0x00, 0x45, 0x00, 0x01, 0xd5,
  0xff, 0x8a, 0x12, 0x01, 0xff, 0x7f, 0x00, 0x00, 0x92, 0x00, 0x87, 0xbf, 0x90, 0x46, 0x46, 0x32,
  0x21, 0x00, 0x01, 0xd5, 0xff, 0x46, 0x16, 0x01, 0xff, 0x7f, 0x00, 0x00, 0xff, 0x90, 0x46, 0x02,
  0xff, 0x7f, 0x00, 0x00, 0x20, 0x41, 0x2e, 0x7c, 0x48, 0x00, 0x01, 0xd5, 0xff, 0x92, 0x0e, 0x01,
  0xff, 0x7f, 0x00, 0x00, 0x43, 0x00, 0x17, 0xd4, 0x1f, 0x3f, 0x02, 0x00, 0x24, 0x02, 0x87, 0xbf,
  0xa8, 0x00, 0x44, 0xd6, 0x23, 0x43, 0xfe, 0x03, 0x00, 0x01, 0x04, 0x05, 0x21, 0x00, 0x10, 0xd6,
  0x20, 0x21, 0x05, 0x02, 0xa7, 0x00, 0x44, 0xd6, 0x45, 0x91, 0xfe, 0x03, 0x00, 0x01, 0x04, 0x05,
  0x22, 0x01, 0x87, 0xbf, 0x21, 0x00, 0x55, 0xd6, 0x20, 0x43, 0xfe, 0x03, 0xff, 0x7f, 0x00, 0x00,
  0x20, 0x00, 0x10, 0xd6, 0x1f, 0x21, 0x05, 0x02, 0x90, 0x42, 0x42, 0x32, 0x92, 0x00, 0x87, 0xbf,
  0x20, 0x00, 0x55, 0xd6, 0x1f, 0x41, 0xfe, 0x03, 0xff, 0x7f, 0x00, 0x00, 0x90, 0x40, 0x40, 0x32,
  0x11, 0x02, 0x87, 0xbf, 0x1f, 0x00, 0x01, 0xd5, 0xff, 0x40, 0x0e, 0x01, 0xff, 0x7f, 0x00, 0x00,
  0xff, 0x42, 0x40, 0x02, 0xff, 0x7f, 0x00, 0x00, 0x16, 0x2d, 0x2e, 0x7c, 0x43, 0x00, 0x17, 0xd4,
  0x14, 0x29, 0x02, 0x00, 0xa3, 0x00, 0x87, 0xbf, 0xa6, 0x00, 0x44, 0xd6, 0x20, 0x3f, 0xfe, 0x03,
  0x00, 0x01, 0x04, 0x05, 0x1f, 0x00, 0x10, 0xd6, 0x16, 0x21, 0x05, 0x02, 0x1f, 0x00, 0x55, 0xd6,
  0x16, 0x3f, 0xfe, 0x03, 0xff, 0x7f, 0x00, 0x00, 0x16, 0x00, 0x10, 0xd6, 0x14, 0x21, 0x05, 0x02,
  0x12, 0x01, 0x87, 0xbf, 0x90, 0x3e, 0x3e, 0x32, 0x16, 0x00, 0x55, 0xd6, 0x14, 0x2d, 0xfe, 0x03,
  0xff, 0x7f, 0x00, 0x00, 0x91, 0x00, 0x87, 0xbf, 0x90, 0x2c, 0x2c, 0x32, 0x14, 0x00, 0x01, 0xd5,
  0xff, 0x2c, 0x0e, 0x01, 0xff, 0x7f, 0x00, 0x00, 0x94, 0x00, 0x87, 0xbf, 0xff, 0x3e, 0x2c, 0x02,
  0xff, 0x7f, 0x00, 0x00, 0xa5, 0x00, 0x44, 0xd6, 0x16, 0x29, 0xfe, 0x03, 0x00, 0x01, 0x04, 0x05,
  0x90, 0x3c, 0x28, 0x30, 0x91, 0x00, 0x87, 0xbf, 0x08, 0x29, 0x28, 0x10, 0x16, 0x00, 0x10, 0xd6,
  0x14, 0x21, 0x05, 0x02, 0x14, 0x29, 0x2e, 0x7c, 0x22, 0x01, 0x87, 0xbf, 0x16, 0x00, 0x55, 0xd6,
  0x14, 0x2d, 0xfe, 0x03, 0xff, 0x7f, 0x00, 0x00, 0x90, 0x3a, 0x28, 0x30, 0x90, 0x2c, 0x2c, 0x32,
  0x12, 0x01, 0x87, 0xbf, 0x07, 0x29, 0x28, 0x10, 0xff, 0x2c, 0x2c, 0x02, 0xff, 0x7f, 0x00, 0x00,
  0x22, 0x01, 0x87, 0xbf, 0x1d, 0x00, 0x10, 0xd6, 0x14, 0x21, 0x05, 0x02, 0x43, 0x00, 0x17, 0xd4,
  0x14, 0x29, 0x02, 0x00, 0x1d, 0x00, 0x55, 0xd6, 0x14, 0x3b, 0xfe, 0x03, 0xff, 0x7f, 0x00, 0x00,
  0x91, 0x00, 0x87, 0xbf, 0x90, 0x3a, 0x3a, 0x32, 0x14, 0x00, 0x01, 0xd5, 0xff, 0x3a, 0x0e, 0x01,
  0xff, 0x7f, 0x00, 0x00, 0xa1, 0x00, 0x87, 0xbf, 0xa4, 0x00, 0x44, 0xd6, 0x16, 0x29, 0xfe, 0x03,
  0x00, 0x01, 0x04, 0x05, 0x90, 0x30, 0x28, 0x30, 0x06, 0x29, 0x28, 0x10, 0x21, 0x01, 0x87, 0xbf,
  0x16, 0x00, 0x10, 0xd6, 0x14, 0x21, 0x05, 0x02, 0x14, 0x29, 0x2e, 0x7c, 0x16, 0x00, 0x55, 0xd6,
  0x14, 0x2d, 0xfe, 0x03, 0xff, 0x7f, 0x00, 0x00, 0x90, 0x2e, 0x28, 0x30, 0x12, 0x01, 0x87, 0xbf,
  0x90, 0x2c, 0x2c, 0x32, 0x05, 0x29, 0x28, 0x10, 0x12, 0x01, 0x87, 0xbf, 0xff, 0x2c, 0x2c, 0x02,
  0xff, 0x7f, 0x00, 0x00, 0x17, 0x00, 0x10, 0xd6, 0x14, 0x21, 0x05, 0x02, 0x43, 0x00, 0x17, 0xd4,
  0x14, 0x29, 0x02, 0x00, 0x92, 0x00, 0x87, 0xbf, 0x17, 0x00, 0x55, 0xd6, 0x14, 0x2f, 0xfe, 0x03,
  0xff, 0x7f, 0x00, 0x00, 0x90, 0x2e, 0x2e, 0x32, 0x91, 0x00, 0x87, 0xbf, 0x14, 0x00, 0x01, 0xd5,
  0xff, 0x2e, 0x0e, 0x01, 0xff, 0x7f, 0x00, 0x00, 0xa3, 0x00, 0x44, 0xd6, 0x16, 0x29, 0xfe, 0x03,
  0x00, 0x01, 0x04, 0x05, 0x90, 0x36, 0x28, 0x30, 0x91, 0x00, 0x87, 0xbf, 0x0c, 0x29, 0x28, 0x10,
  0x16, 0x00, 0x10, 0xd6, 0x14, 0x21, 0x05, 0x02, 0x14, 0x29, 0x2e, 0x7c, 0x22, 0x01, 0x87, 0xbf,
  0x16, 0x00, 0x55, 0xd6, 0x14, 0x2d, 0xfe, 0x03, 0xff, 0x7f, 0x00, 0x00, 0x90, 0x32, 0x28, 0x30,
  0x90, 0x2c, 0x2c, 0x32, 0x12, 0x01, 0x87, 0xbf, 0x0b, 0x29, 0x28, 0x10, 0xff, 0x2c, 0x2c, 0x02,
  0xff, 0x7f, 0x00, 0x00, 0x22, 0x01, 0x87, 0xbf, 0x17, 0x00, 0x10, 0xd6, 0x14, 0x21, 0x05, 0x02,
  0x43, 0x00, 0x17, 0xd4, 0x14, 0x29, 0x02, 0x00, 0x17, 0x00, 0x55, 0xd6, 0x14, 0x2f, 0xfe, 0x03,
  0xff, 0x7f, 0x00, 0x00, 0x91, 0x00, 0x87, 0xbf, 0x90, 0x2e, 0x2e, 0x32, 0x14, 0x00, 0x01, 0xd5,
  0xff, 0x2e, 0x0e, 0x01, 0xff, 0x7f, 0x00, 0x00, 0xa1, 0x00, 0x87, 0xbf, 0xa2, 0x00, 0x44, 0xd6,
  0x16, 0x29, 0xfe, 0x03, 0x00, 0x01, 0x04, 0x05, 0x90, 0x38, 0x28, 0x30, 0x0a, 0x29, 0x28, 0x10,
  0x21, 0x01, 0x87, 0xbf, 0x16, 0x00, 0x10, 0xd6, 0x14, 0x21, 0x05, 0x02, 0x14, 0x29, 0x2e, 0x7c,
  0x16, 0x00, 0x55, 0xd6, 0x14, 0x2d, 0xfe, 0x03, 0xff, 0x7f, 0x00, 0x00, 0x90, 0x34, 0x28, 0x30,
  0x12, 0x01, 0x87, 0xbf, 0x90, 0x2c, 0x2c, 0x32, 0x09, 0x29, 0x28, 0x10, 0x12, 0x01, 0x87, 0xbf,
  0xff, 0x2c, 0x2c, 0x02, 0xff, 0x7f, 0x00, 0x00, 0x17, 0x00, 0x10, 0xd6, 0x14, 0x21, 0x05, 0x02,
  0x43, 0x00, 0x17, 0xd4, 0x14, 0x29, 0x02, 0x00, 0x92, 0x00, 0x87, 0xbf, 0x17, 0x00, 0x55, 0xd6,
  0x14, 0x2f, 0xfe, 0x03, 0xff, 0x7f, 0x00, 0x00, 0x90, 0x2e, 0x2e, 0x32, 0x91, 0x00, 0x87, 0xbf,
  0x14, 0x00, 0x01, 0xd5, 0xff, 0x2e, 0x0e, 0x01, 0xff, 0x7f, 0x00, 0x00, 0xa1, 0x00, 0x44, 0xd6,
  0x16, 0x29, 0xfe, 0x03, 0x00, 0x01, 0x04, 0x05, 0x90, 0x50, 0x28, 0x30, 0x91, 0x00, 0x87, 0xbf,
  0xe4, 0x29, 0x28, 0x10, 0x16, 0x00, 0x10, 0xd6, 0x14, 0x21, 0x05, 0x02, 0x14, 0x29, 0x2e, 0x7c,
  0x22, 0x01, 0x87, 0xbf, 0x16, 0x00, 0x55, 0xd6, 0x14, 0x2d, 0xfe, 0x03, 0xff, 0x7f, 0x00, 0x00,
  0x90, 0x4e, 0x28, 0x30, 0x90, 0x2c, 0x2c, 0x32, 0x12, 0x01, 0x87, 0xbf, 0xe1, 0x29, 0x28, 0x10,
  0xff, 0x2c, 0x2c, 0x02, 0xff, 0x7f, 0x00, 0x00, 0x22, 0x01, 0x87, 0xbf, 0x17, 0x00, 0x10, 0xd6,
  0x14, 0x21, 0x05, 0x02, 0x43, 0x00, 0x17, 0xd4, 0x14, 0x29, 0x02, 0x00, 0x17, 0x00, 0x55, 0xd6,
  0x14, 0x2f, 0xfe, 0x03, 0xff, 0x7f, 0x00, 0x00, 0x90, 0x4c, 0x28, 0x30, 0x12, 0x01, 0x87, 0xbf,
  0x90, 0x2e, 0x2e, 0x32, 0xe2, 0x29, 0x28, 0x10, 0x12, 0x01, 0x87, 0xbf, 0x17, 0x00, 0x01, 0xd5,
  0xff, 0x2e, 0x0e, 0x01, 0xff, 0x7f, 0x00, 0x00, 0x18, 0x00, 0x10, 0xd6, 0x14, 0x21, 0x05, 0x02,
  0x44, 0x00, 0x17, 0xd4, 0x14, 0x29, 0x02, 0x00, 0x22, 0x01, 0x87, 0xbf, 0x18, 0x00, 0x55, 0xd6,
  0x14, 0x31, 0xfe, 0x03, 0xff, 0x7f, 0x00, 0x00, 0x90, 0x4a, 0x28, 0x30, 0x90, 0x30, 0x30, 0x32,
  0x12, 0x01, 0x87, 0xbf, 0xe3, 0x29, 0x28, 0x10, 0x18, 0x00, 0x01, 0xd5, 0xff, 0x30, 0x12, 0x01,
  0xff, 0x7f, 0x00, 0x00, 0xa2, 0x01, 0x87, 0xbf, 0x19, 0x00, 0x10, 0xd6, 0x14, 0x21, 0x05, 0x02,
  0x45, 0x00, 0x17, 0xd4, 0x14, 0x29, 0x02, 0x00, 0xaf, 0x00, 0x44, 0xd6, 0x18, 0x2f, 0xfe, 0x03,
  0x00, 0x01, 0x04, 0x05, 0x93, 0x00, 0x87, 0xbf, 0x19, 0x00, 0x55, 0xd6, 0x14, 0x33, 0xfe, 0x03,
  0xff, 0x7f, 0x00, 0x00, 0x90, 0x32, 0x32, 0x32, 0x91, 0x00, 0x87, 0xbf, 0x14, 0x00, 0x01, 0xd5,
  0xff, 0x32, 0x16, 0x01, 0xff, 0x7f, 0x00, 0x00, 0xb0, 0x00, 0x44, 0xd6, 0x16, 0x29, 0xfe, 0x03,
  0x00, 0x01, 0x04, 0x05, 0x90, 0x9a, 0x28, 0x30, 0xc0, 0x00, 0x9a, 0x38, 0x92, 0x00, 0x87, 0xbf,
  0xe8, 0x29, 0x28, 0x10, 0x16, 0x00, 0x10, 0xd6, 0x14, 0x21, 0x05, 0x02, 0x14, 0x29, 0x2e, 0x7c,
  0x22, 0x01, 0x87, 0xbf, 0x16, 0x00, 0x55, 0xd6, 0x14, 0x2d, 0xfe, 0x03, 0xff, 0x7f, 0x00, 0x00,
  0x90, 0x44, 0x28, 0x30, 0x90, 0x2c, 0x2c, 0x32, 0x12, 0x01, 0x87, 0xbf, 0xe7, 0x29, 0x28, 0x10,
  0xff, 0x2c, 0x2c, 0x02, 0xff, 0x7f, 0x00, 0x00, 0x22, 0x01, 0x87, 0xbf, 0x17, 0x00, 0x10, 0xd6,
  0x14, 0x21, 0x05, 0x02, 0x43, 0x00, 0x17, 0xd4, 0x14, 0x29, 0x02, 0x00, 0x17, 0x00, 0x55, 0xd6,
  0x14, 0x2f, 0xfe, 0x03, 0xff, 0x7f, 0x00, 0x00, 0x91, 0x00, 0x87, 0xbf, 0x90, 0x2e, 0x2e, 0x32,
  0x14, 0x00, 0x01, 0xd5, 0xff, 0x2e, 0x0e, 0x01, 0xff, 0x7f, 0x00, 0x00, 0xa1, 0x00, 0x87, 0xbf,
  0xae, 0x00, 0x44, 0xd6, 0x16, 0x29, 0xfe, 0x03, 0x00, 0x01, 0x04, 0x05, 0x90, 0x9c, 0x28, 0x30,
  0xe6, 0x29, 0x28, 0x10, 0x21, 0x01, 0x87, 0xbf, 0x16, 0x00, 0x10, 0xd6, 0x14, 0x21, 0x05, 0x02,
  0x14, 0x29, 0x2e, 0x7c, 0x16, 0x00, 0x55, 0xd6, 0x14, 0x2d, 0xfe, 0x03, 0xff, 0x7f, 0x00, 0x00,
  0x90, 0x48, 0x28, 0x30, 0x12, 0x01, 0x87, 0xbf, 0x90, 0x2c, 0x2c, 0x32, 0xe5, 0x29, 0x28, 0x10,
  0x12, 0x01, 0x87, 0xbf, 0xff, 0x2c, 0x2c, 0x02, 0xff, 0x7f, 0x00, 0x00, 0x17, 0x00, 0x10, 0xd6,
  0x14, 0x21, 0x05, 0x02, 0x43, 0x00, 0x17, 0xd4, 0x14, 0x29, 0x02, 0x00, 0x92, 0x00, 0x87, 0xbf,
  0x17, 0x00, 0x55, 0xd6, 0x14, 0x2f, 0xfe, 0x03, 0xff, 0x7f, 0x00, 0x00, 0x90, 0x2e, 0x2e, 0x32,
  0x91, 0x00, 0x87, 0xbf, 0x14, 0x00, 0x01, 0xd5, 0xff, 0x2e, 0x0e, 0x01, 0xff, 0x7f, 0x00, 0x00,
  0xad, 0x00, 0x44, 0xd6, 0x16, 0x29, 0xfe, 0x03, 0x00, 0x01, 0x04, 0x05, 0x90, 0x54, 0x28, 0x30,
  0x91, 0x00, 0x87, 0xbf, 0xec, 0x29, 0x28, 0x10, 0x16, 0x00, 0x10, 0xd6, 0x14, 0x21, 0x05, 0x02,
  0x14, 0x29, 0x2e, 0x7c, 0x22, 0x01, 0x87, 0xbf, 0x16, 0x00, 0x55, 0xd6, 0x14, 0x2d, 0xfe, 0x03,
  0xff, 0x7f, 0x00, 0x00, 0x90, 0x52, 0x28, 0x30, 0x90, 0x2c, 0x2c, 0x32, 0x12, 0x01, 0x87, 0xbf,
  0xeb, 0x29, 0x28, 0x10, 0xff, 0x2c, 0x2c, 0x02, 0xff, 0x7f, 0x00, 0x00, 0x22, 0x01, 0x87, 0xbf,
  0x17, 0x00, 0x10, 0xd6, 0x14, 0x21, 0x05, 0x02, 0x43, 0x00, 0x17, 0xd4, 0x14, 0x29, 0x02, 0x00,
  0x17, 0x00, 0x55, 0xd6, 0x14, 0x2f, 0xfe, 0x03, 0xff, 0x7f, 0x00, 0x00, 0x91, 0x00, 0x87, 0xbf,
  0x90, 0x2e, 0x2e, 0x32, 0x14, 0x00, 0x01, 0xd5, 0xff, 0x2e, 0x0e, 0x01, 0xff, 0x7f, 0x00, 0x00,
  0xa1, 0x00, 0x87, 0xbf, 0xac, 0x00, 0x44, 0xd6, 0x16, 0x29, 0xfe, 0x03, 0x00, 0x01, 0x04, 0x05,
  0x90, 0x56, 0x28, 0x30, 0xea, 0x29, 0x28, 0x10, 0x21, 0x01, 0x87, 0xbf, 0x16, 0x00, 0x10, 0xd6,
  0x14, 0x21, 0x05, 0x02, 0x14, 0x29, 0x2e, 0x7c, 0x16, 0x00, 0x55, 0xd6, 0x14, 0x2d, 0xfe, 0x03,
  0xff, 0x7f, 0x00, 0x00, 0x90, 0x58, 0x28, 0x30, 0x12, 0x01, 0x87, 0xbf, 0x90, 0x2c, 0x2c, 0x32,
  0xe9, 0x29, 0x28, 0x10, 0x12, 0x01, 0x87, 0xbf, 0xff, 0x2c, 0x2c, 0x02, 0xff, 0x7f, 0x00, 0x00,
  0x17, 0x00, 0x10, 0xd6, 0x14, 0x21, 0x05, 0x02, 0x43, 0x00, 0x17, 0xd4, 0x14, 0x29, 0x02, 0x00,
  0x92, 0x00, 0x87, 0xbf, 0x17, 0x00, 0x55, 0xd6, 0x14, 0x2f, 0xfe, 0x03, 0xff, 0x7f, 0x00, 0x00,
  0x90, 0x2e, 0x2e, 0x32, 0x91, 0x00, 0x87, 0xbf, 0x14, 0x00, 0x01, 0xd5, 0xff, 0x2e, 0x0e, 0x01,
  0xff, 0x7f, 0x00, 0x00, 0xab, 0x00, 0x44, 0xd6, 0x16, 0x29, 0xfe, 0x03, 0x00, 0x01, 0x04, 0x05,
  0x90, 0x5a, 0x28, 0x30, 0x91, 0x00, 0x87, 0xbf, 0xf0, 0x29, 0x28, 0x10, 0x16, 0x00, 0x10, 0xd6,
  0x14, 0x21, 0x05, 0x02, 0x14, 0x29, 0x2e, 0x7c, 0x22, 0x01, 0x87, 0xbf, 0x16, 0x00, 0x55, 0xd6,
  0x14, 0x2d, 0xfe, 0x03, 0xff, 0x7f, 0x00, 0x00, 0x90, 0xa2, 0x28, 0x30, 0x90, 0x2c, 0x2c, 0x32,
  0x12, 0x01, 0x87, 0xbf, 0xef, 0x29, 0x28, 0x10, 0xff, 0x2c, 0x2c, 0x02, 0xff, 0x7f, 0x00, 0x00,
  0x22, 0x01, 0x87, 0xbf, 0x17, 0x00, 0x10, 0xd6, 0x14, 0x21, 0x05, 0x02, 0x43, 0x00, 0x17, 0xd4,
  0x14, 0x29, 0x02, 0x00, 0x17, 0x00, 0x55, 0xd6, 0x14, 0x2f, 0xfe, 0x03, 0xff, 0x7f, 0x00, 0x00,
  0x91, 0x00, 0x87, 0xbf, 0x90, 0x2e, 0x2e, 0x32, 0x14, 0x00, 0x01, 0xd5, 0xff, 0x2e, 0x0e, 0x01,
  0xff, 0x7f, 0x00, 0x00, 0xa1, 0x00, 0x87, 0xbf, 0xaa, 0x00, 0x44, 0xd6, 0x16, 0x29, 0xfe, 0x03,
  0x00, 0x01, 0x04, 0x05, 0x90, 0x5c, 0x28, 0x30, 0xee, 0x29, 0x28, 0x10, 0x21, 0x01, 0x87, 0xbf,
  0x16, 0x00, 0x10, 0xd6, 0x14, 0x21, 0x05, 0x02, 0x14, 0x29, 0x2e, 0x7c, 0x16, 0x00, 0x55, 0xd6,
  0x14, 0x2d, 0xfe, 0x03, 0xff, 0x7f, 0x00, 0x00, 0x90, 0x5e, 0x28, 0x30, 0x12, 0x01, 0x87, 0xbf,
  0x90, 0x2c, 0x2c, 0x32, 0xed, 0x29, 0x28, 0x10, 0x12, 0x01, 0x87, 0xbf, 0xff, 0x2c, 0x2c, 0x02,
  0xff, 0x7f, 0x00, 0x00, 0x17, 0x00, 0x10, 0xd6, 0x14, 0x21, 0x05, 0x02, 0x43, 0x00, 0x17, 0xd4,
  0x14, 0x29, 0x02, 0x00, 0x92, 0x00, 0x87, 0xbf, 0x17, 0x00, 0x55, 0xd6, 0x14, 0x2f, 0xfe, 0x03,
  0xff, 0x7f, 0x00, 0x00, 0x90, 0x2e, 0x2e, 0x32, 0x91, 0x00, 0x87, 0xbf, 0x14, 0x00, 0x01, 0xd5,
  0xff, 0x2e, 0x0e, 0x01, 0xff, 0x7f, 0x00, 0x00, 0xa9, 0x00, 0x44, 0xd6, 0x16, 0x29, 0xfe, 0x03,
  0x00, 0x01, 0x04, 0x05, 0x90, 0x62, 0x28, 0x30, 0x91, 0x00, 0x87, 0xbf, 0x6a, 0x29, 0x28, 0x10,
  0x16, 0x00, 0x10, 0xd6, 0x14, 0x21, 0x05, 0x02, 0x14, 0x29, 0x2e, 0x7c, 0x22, 0x01, 0x87, 0xbf,
  0x16, 0x00, 0x55, 0xd6, 0x14, 0x2d, 0xfe, 0x03, 0xff, 0x7f, 0x00, 0x00, 0x90, 0x66, 0x28, 0x30,
  0x90, 0x2c, 0x2c, 0x32, 0x12, 0x01, 0x87, 0xbf, 0x67, 0x29, 0x28, 0x10, 0xff, 0x2c, 0x2c, 0x02,
  0xff, 0x7f, 0x00, 0x00, 0x22, 0x01, 0x87, 0xbf, 0x17, 0x00, 0x10, 0xd6, 0x14, 0x21, 0x05, 0x02,
  0x43, 0x00, 0x17, 0xd4, 0x14, 0x29, 0x02, 0x00, 0x17, 0x00, 0x55, 0xd6, 0x14, 0x2f, 0xfe, 0x03,
  0xff, 0x7f, 0x00, 0x00, 0x90, 0x64, 0x28, 0x30, 0x12, 0x01, 0x87, 0xbf, 0x90, 0x2e, 0x2e, 0x32,
  0x68, 0x29, 0x28, 0x10, 0x12, 0x01, 0x87, 0xbf, 0x17, 0x00, 0x01, 0xd5, 0xff, 0x2e, 0x0e, 0x01,
  0xff, 0x7f, 0x00, 0x00, 0x18, 0x00, 0x10, 0xd6, 0x14, 0x21, 0x05, 0x02, 0x44, 0x00, 0x17, 0xd4,
  0x14, 0x29, 0x02, 0x00, 0x22, 0x01, 0x87, 0xbf, 0x18, 0x00, 0x55, 0xd6, 0x14, 0x31, 0xfe, 0x03,
  0xff, 0x7f, 0x00, 0x00, 0x90, 0x60, 0x28, 0x30, 0x90, 0x30, 0x30, 0x32, 0x12, 0x01, 0x87, 0xbf,
  0x69, 0x29, 0x28, 0x10, 0x18, 0x00, 0x01, 0xd5, 0xff, 0x30, 0x12, 0x01, 0xff, 0x7f, 0x00, 0x00,
  0xa2, 0x01, 0x87, 0xbf, 0x19, 0x00, 0x10, 0xd6, 0x14, 0x21, 0x05, 0x02, 0x45, 0x00, 0x17, 0xd4,
  0x14, 0x29, 0x02, 0x00, 0xb7, 0x00, 0x44, 0xd6, 0x18, 0x2f, 0xfe, 0x03, 0x00, 0x01, 0x04, 0x05,
  0x93, 0x00, 0x87, 0xbf, 0x19, 0x00, 0x55, 0xd6, 0x14, 0x33, 0xfe, 0x03, 0xff, 0x7f, 0x00, 0x00,
  0x90, 0x32, 0x32, 0x32, 0x91, 0x00, 0x87, 0xbf, 0x14, 0x00, 0x01, 0xd5, 0xff, 0x32, 0x16, 0x01,
  0xff, 0x7f, 0x00, 0x00, 0xb8, 0x00, 0x44, 0xd6, 0x16, 0x29, 0xfe, 0x03, 0x00, 0x01, 0x04, 0x05,
  0x90, 0xa4, 0x28, 0x30, 0x91, 0x00, 0x87, 0xbf, 0x6e, 0x29, 0x28, 0x10, 0x16, 0x00, 0x10, 0xd6,
  0x14, 0x21, 0x05, 0x02, 0x14, 0x29, 0x2e, 0x7c, 0x22, 0x01, 0x87, 0xbf, 0x16, 0x00, 0x55, 0xd6,
  0x14, 0x2d, 0xfe, 0x03, 0xff, 0x7f, 0x00, 0x00, 0x90, 0x68, 0x28, 0x30, 0x90, 0x2c, 0x2c, 0x32,
  0x12, 0x01, 0x87, 0xbf, 0x6d, 0x29, 0x28, 0x10, 0xff, 0x2c, 0x2c, 0x02, 0xff, 0x7f, 0x00, 0x00,
  0x22, 0x01, 0x87, 0xbf, 0x17, 0x00, 0x10, 0xd6, 0x14, 0x21, 0x05, 0x02, 0x43, 0x00, 0x17, 0xd4,
  0x14, 0x29, 0x02, 0x00, 0x17, 0x00, 0x55, 0xd6, 0x14, 0x2f, 0xfe, 0x03, 0xff, 0x7f, 0x00, 0x00,
  0x91, 0x00, 0x87, 0xbf, 0x90, 0x2e, 0x2e, 0x32, 0x14, 0x00, 0x01, 0xd5, 0xff, 0x2e, 0x0e, 0x01,
  0xff, 0x7f, 0x00, 0x00, 0xa1, 0x00, 0x87, 0xbf, 0xb6, 0x00, 0x44, 0xd6, 0x16, 0x29, 0xfe, 0x03,
  0x00, 0x01, 0x04, 0x05, 0x90, 0xbe, 0x28, 0x30, 0x6c, 0x29, 0x28, 0x10, 0x21, 0x01, 0x87, 0xbf,
  0x16, 0x00, 0x10, 0xd6, 0x14, 0x21, 0x05, 0x02, 0x14, 0x29, 0x2e, 0x7c, 0x16, 0x00, 0x55, 0xd6,
  0x14, 0x2d, 0xfe, 0x03, 0xff, 0x7f, 0x00, 0x00, 0x90, 0xc0, 0x28, 0x30, 0x12, 0x01, 0x87, 0xbf,
  0x90, 0x2c, 0x2c, 0x32, 0x6b, 0x29, 0x28, 0x10, 0x12, 0x01, 0x87, 0xbf, 0xff, 0x2c, 0x2c, 0x02,
  0xff, 0x7f, 0x00, 0x00, 0x17, 0x00, 0x10, 0xd6, 0x14, 0x21, 0x05, 0x02, 0x43, 0x00, 0x17, 0xd4,
  0x14, 0x29, 0x02, 0x00, 0x92, 0x00, 0x87, 0xbf, 0x17, 0x00, 0x55, 0xd6, 0x14, 0x2f, 0xfe, 0x03,
  0xff, 0x7f, 0x00, 0x00, 0x90, 0x2e, 0x2e, 0x32, 0x91, 0x00, 0x87, 0xbf, 0x14, 0x00, 0x01, 0xd5,
  0xff, 0x2e, 0x0e, 0x01, 0xff, 0x7f, 0x00, 0x00, 0xb5, 0x00, 0x44, 0xd6, 0x16, 0x29, 0xfe, 0x03,
  0x00, 0x01, 0x04, 0x05, 0x90, 0x6c, 0x28, 0x30, 0x91, 0x00, 0x87, 0xbf, 0x72, 0x29, 0x28, 0x10,
  0x16, 0x00, 0x10, 0xd6, 0x14, 0x21, 0x05, 0x02, 0x14, 0x29, 0x2e, 0x7c, 0x22, 0x01, 0x87, 0xbf,
  0x16, 0x00, 0x55, 0xd6, 0x14, 0x2d, 0xfe, 0x03, 0xff, 0x7f, 0x00, 0x00, 0x90, 0x6a, 0x28, 0x30,
  0x90, 0x2c, 0x2c, 0x32, 0x12, 0x01, 0x87, 0xbf, 0x71, 0x29, 0x28, 0x10, 0xff, 0x2c, 0x2c, 0x02,
  0xff, 0x7f, 0x00, 0x00, 0x22, 0x01, 0x87, 0xbf, 0x17, 0x00, 0x10, 0xd6, 0x14, 0x21, 0x05, 0x02,
  0x43, 0x00, 0x17, 0xd4, 0x14, 0x29, 0x02, 0x00, 0x17, 0x00, 0x55, 0xd6, 0x14, 0x2f, 0xfe, 0x03,
  0xff, 0x7f, 0x00, 0x00, 0x91, 0x00, 0x87, 0xbf, 0x90, 0x2e, 0x2e, 0x32, 0x14, 0x00, 0x01, 0xd5,
  0xff, 0x2e, 0x0e, 0x01, 0xff, 0x7f, 0x00, 0x00, 0xa1, 0x00, 0x87, 0xbf, 0xb4, 0x00, 0x44, 0xd6,
  0x16, 0x29, 0xfe, 0x03, 0x00, 0x01, 0x04, 0x05, 0x90, 0x6e, 0x28, 0x30, 0x70, 0x29, 0x28, 0x10,
  0x21, 0x01, 0x87, 0xbf, 0x16, 0x00, 0x10, 0xd6, 0x14, 0x21, 0x05, 0x02, 0x14, 0x29, 0x2e, 0x7c,
  0x16, 0x00, 0x55, 0xd6, 0x14, 0x2d, 0xfe, 0x03, 0xff, 0x7f, 0x00, 0x00, 0x90, 0x70, 0x28, 0x30,
  0x12, 0x01, 0x87, 0xbf, 0x90, 0x2c, 0x2c, 0x32, 0x6f, 0x29, 0x28, 0x10, 0x12, 0x01, 0x87, 0xbf,
  0xff, 0x2c, 0x2c, 0x02, 0xff, 0x7f, 0x00, 0x00, 0x17, 0x00, 0x10, 0xd6, 0x14, 0x21, 0x05, 0x02,
  0x43, 0x00, 0x17, 0xd4, 0x14, 0x29, 0x02, 0x00, 0x92, 0x00, 0x87, 0xbf, 0x17, 0x00, 0x55, 0xd6,
  0x14, 0x2f, 0xfe, 0x03, 0xff, 0x7f, 0x00, 0x00, 0x90, 0x2e, 0x2e, 0x32, 0x91, 0x00, 0x87, 0xbf,
  0x14, 0x00, 0x01, 0xd5, 0xff, 0x2e, 0x0e, 0x01, 0xff, 0x7f, 0x00, 0x00, 0xb3, 0x00, 0x44, 0xd6,
  0x16, 0x29, 0xfe, 0x03, 0x00, 0x01, 0x04, 0x05, 0x90, 0xc4, 0x28, 0x30, 0x91, 0x00, 0x87, 0xbf,
  0xe0, 0x29, 0x28, 0x10, 0x16, 0x00, 0x10, 0xd6, 0x14, 0x21, 0x05, 0x02, 0x14, 0x29, 0x2e, 0x7c,
  0x22, 0x01, 0x87, 0xbf, 0x16, 0x00, 0x55, 0xd6, 0x14, 0x2d, 0xfe, 0x03, 0xff, 0x7f, 0x00, 0x00,
  0x90, 0xc2, 0x28, 0x30, 0x90, 0x2c, 0x2c, 0x32, 0x12, 0x01, 0x87, 0xbf, 0xdf, 0x29, 0x28, 0x10,
  0xff, 0x2c, 0x2c, 0x02, 0xff, 0x7f, 0x00, 0x00, 0x22, 0x01, 0x87, 0xbf, 0x17, 0x00, 0x10, 0xd6,
  0x14, 0x21, 0x05, 0x02, 0x43, 0x00, 0x17, 0xd4, 0x14, 0x29, 0x02, 0x00, 0x17, 0x00, 0x55, 0xd6,
  0x14, 0x2f, 0xfe, 0x03, 0xff, 0x7f, 0x00, 0x00, 0x91, 0x00, 0x87, 0xbf, 0x90, 0x2e, 0x2e, 0x32,
  0x14, 0x00, 0x01, 0xd5, 0xff, 0x2e, 0x0e, 0x01, 0xff, 0x7f, 0x00, 0x00, 0xa1, 0x00, 0x87, 0xbf,
  0xb2, 0x00, 0x44, 0xd6, 0x16, 0x29, 0xfe, 0x03, 0x00, 0x01, 0x04, 0x05, 0x90, 0xc6, 0x28, 0x30,
  0xde, 0x29, 0x28, 0x10, 0x21, 0x01, 0x87, 0xbf, 0x16, 0x00, 0x10, 0xd6, 0x14, 0x21, 0x05, 0x02,
  0x14, 0x29, 0x2e, 0x7c, 0x16, 0x00, 0x55, 0xd6, 0x14, 0x2d, 0xfe, 0x03, 0xff, 0x7f, 0x00, 0x00,
  0x90, 0xc8, 0x28, 0x30, 0x12, 0x01, 0x87, 0xbf, 0x90, 0x2c, 0x2c, 0x32, 0xdd, 0x29, 0x28, 0x10,
  0x12, 0x01, 0x87, 0xbf, 0xff, 0x2c, 0x2c, 0x02, 0xff, 0x7f, 0x00, 0x00, 0x17, 0x00, 0x10, 0xd6,
  0x14, 0x21, 0x05, 0x02, 0x43, 0x00, 0x17, 0xd4, 0x14, 0x29, 0x02, 0x00, 0x92, 0x00, 0x87, 0xbf,
  0x17, 0x00, 0x55, 0xd6, 0x14, 0x2f, 0xfe, 0x03, 0xff, 0x7f, 0x00, 0x00, 0x90, 0x2e, 0x2e, 0x32,
  0x91, 0x00, 0x87, 0xbf, 0x14, 0x00, 0x01, 0xd5, 0xff, 0x2e, 0x0e, 0x01, 0xff, 0x7f, 0x00, 0x00,
  0xb1, 0x00, 0x44, 0xd6, 0x16, 0x29, 0xfe, 0x03, 0x00, 0x01, 0x04, 0x05, 0x90, 0x74, 0x28, 0x30,
  0x91, 0x00, 0x87, 0xbf, 0xdc, 0x29, 0x28, 0x10, 0x16, 0x00, 0x10, 0xd6, 0x14, 0x21, 0x05, 0x02,
  0x14, 0x29, 0x2e, 0x7c, 0x22, 0x01, 0x87, 0xbf, 0x16, 0x00, 0x55, 0xd6, 0x14, 0x2d, 0xfe, 0x03,
  0xff, 0x7f, 0x00, 0x00, 0x90, 0x78, 0x28, 0x30, 0x90, 0x2c, 0x2c, 0x32, 0x12, 0x01, 0x87, 0xbf,
  0xd9, 0x29, 0x28, 0x10, 0xff, 0x2c, 0x2c, 0x02, 0xff, 0x7f, 0x00, 0x00, 0x22, 0x01, 0x87, 0xbf,
  0x17, 0x00, 0x10, 0xd6, 0x14, 0x21, 0x05, 0x02, 0x43, 0x00, 0x17, 0xd4, 0x14, 0x29, 0x02, 0x00,
  0x17, 0x00, 0x55, 0xd6, 0x14, 0x2f, 0xfe, 0x03, 0xff, 0x7f, 0x00, 0x00, 0x90, 0x76, 0x28, 0x30,
  0x12, 0x01, 0x87, 0xbf, 0x90, 0x2e, 0x2e, 0x32, 0xda, 0x29, 0x28, 0x10, 0x12, 0x01, 0x87, 0xbf,
  0x17, 0x00, 0x01, 0xd5, 0xff, 0x2e, 0x0e, 0x01, 0xff, 0x7f, 0x00, 0x00, 0x18, 0x00, 0x10, 0xd6,
  0x14, 0x21, 0x05, 0x02, 0x44, 0x00, 0x17, 0xd4, 0x14, 0x29, 0x02, 0x00, 0x22, 0x01, 0x87, 0xbf,
  0x18, 0x00, 0x55, 0xd6, 0x14, 0x31, 0xfe, 0x03, 0xff, 0x7f, 0x00, 0x00, 0x90, 0x72, 0x28, 0x30,
  0x90, 0x30, 0x30, 0x32, 0x12, 0x01, 0x87, 0xbf, 0xdb, 0x29, 0x28, 0x10, 0x18, 0x00, 0x01, 0xd5,
  0xff, 0x30, 0x12, 0x01, 0xff, 0x7f, 0x00, 0x00, 0xa2, 0x01, 0x87, 0xbf, 0x19, 0x00, 0x10, 0xd6,
  0x14, 0x21, 0x05, 0x02, 0x45, 0x00, 0x17, 0xd4, 0x14, 0x29, 0x02, 0x00, 0xbf, 0x00, 0x44, 0xd6,
  0x18, 0x2f, 0xfe, 0x03, 0x00, 0x01, 0x04, 0x05, 0x93, 0x00, 0x87, 0xbf, 0x19, 0x00, 0x55, 0xd6,
  0x14, 0x33, 0xfe, 0x03, 0xff, 0x7f, 0x00, 0x00, 0x90, 0x32, 0x32, 0x32, 0x91, 0x00, 0x87, 0xbf,
  0x14, 0x00, 0x01, 0xd5, 0xff, 0x32, 0x16, 0x01, 0xff, 0x7f, 0x00, 0x00, 0xc0, 0x00, 0x44, 0xd6,
  0x16, 0x29, 0xfe, 0x03, 0x00, 0x01, 0x04, 0x05, 0x90, 0x7c, 0x28, 0x30, 0x91, 0x00, 0x87, 0xbf,
  0xc4, 0x29, 0x28, 0x10, 0x16, 0x00, 0x10, 0xd6, 0x14, 0x21, 0x05, 0x02, 0x14, 0x29, 0x2e, 0x7c,
  0x22, 0x01, 0x87, 0xbf, 0x16, 0x00, 0x55, 0xd6, 0x14, 0x2d, 0xfe, 0x03, 0xff, 0x7f, 0x00, 0x00,
  0x90, 0x7a, 0x28, 0x30, 0x90, 0x2c, 0x2c, 0x32, 0x12, 0x01, 0x87, 0xbf, 0xc3, 0x29, 0x28, 0x10,
  0xff, 0x2c, 0x2c, 0x02, 0xff, 0x7f, 0x00, 0x00, 0x22, 0x01, 0x87, 0xbf, 0x17, 0x00, 0x10, 0xd6,
  0x14, 0x21, 0x05, 0x02, 0x43, 0x00, 0x17, 0xd4, 0x14, 0x29, 0x02, 0x00, 0x17, 0x00, 0x55, 0xd6,
  0x14, 0x2f, 0xfe, 0x03, 0xff, 0x7f, 0x00, 0x00, 0x91, 0x00, 0x87, 0xbf, 0x90, 0x2e, 0x2e, 0x32,
  0x14, 0x00, 0x01, 0xd5, 0xff, 0x2e, 0x0e, 0x01, 0xff, 0x7f, 0x00, 0x00, 0xa1, 0x00, 0x87, 0xbf,
  0xbe, 0x00, 0x44, 0xd6, 0x16, 0x29, 0xfe, 0x03, 0x00, 0x01, 0x04, 0x05, 0x90, 0x7e, 0x28, 0x30,
  0xc2, 0x29, 0x28, 0x10, 0x21, 0x01, 0x87, 0xbf, 0x16, 0x00, 0x10, 0xd6, 0x14, 0x21, 0x05, 0x02,
  0x14, 0x29, 0x2e, 0x7c, 0x16, 0x00, 0x55, 0xd6, 0x14, 0x2d, 0xfe, 0x03, 0xff, 0x7f, 0x00, 0x00,
  0x90, 0x80, 0x28, 0x30, 0x12, 0x01, 0x87, 0xbf, 0x90, 0x2c, 0x2c, 0x32, 0xc1, 0x29, 0x28, 0x10,
  0x12, 0x01, 0x87, 0xbf, 0xff, 0x2c, 0x2c, 0x02, 0xff, 0x7f, 0x00, 0x00, 0x17, 0x00, 0x10, 0xd6,
  0x14, 0x21, 0x05, 0x02, 0x43, 0x00, 0x17, 0xd4, 0x14, 0x29, 0x02, 0x00, 0x92, 0x00, 0x87, 0xbf,
  0x17, 0x00, 0x55, 0xd6, 0x14, 0x2f, 0xfe, 0x03, 0xff, 0x7f, 0x00, 0x00, 0x90, 0x2e, 0x2e, 0x32,
  0x91, 0x00, 0x87, 0xbf, 0x14, 0x00, 0x01, 0xd5, 0xff, 0x2e, 0x0e, 0x01, 0xff, 0x7f, 0x00, 0x00,
  0xbd, 0x00, 0x44, 0xd6, 0x16, 0x29, 0xfe, 0x03, 0x00, 0x01, 0x04, 0x05, 0x90, 0xcc, 0x28, 0x30,
  0x91, 0x00, 0x87, 0xbf, 0xc8, 0x29, 0x28, 0x10, 0x16, 0x00, 0x10, 0xd6, 0x14, 0x21, 0x05, 0x02,
  0x14, 0x29, 0x2e, 0x7c, 0x22, 0x01, 0x87, 0xbf, 0x16, 0x00, 0x55, 0xd6, 0x14, 0x2d, 0xfe, 0x03,
  0xff, 0x7f, 0x00, 0x00, 0x90, 0xca, 0x28, 0x30, 0x90, 0x2c, 0x2c, 0x32, 0x12, 0x01, 0x87, 0xbf,
  0xc7, 0x29, 0x28, 0x10, 0xff, 0x2c, 0x2c, 0x02, 0xff, 0x7f, 0x00, 0x00, 0x22, 0x01, 0x87, 0xbf,
  0x17, 0x00, 0x10, 0xd6, 0x14, 0x21, 0x05, 0x02, 0x43, 0x00, 0x17, 0xd4, 0x14, 0x29, 0x02, 0x00,
  0x17, 0x00, 0x55, 0xd6, 0x14, 0x2f, 0xfe, 0x03, 0xff, 0x7f, 0x00, 0x00, 0x91, 0x00, 0x87, 0xbf,
  0x90, 0x2e, 0x2e, 0x32, 0x14, 0x00, 0x01, 0xd5, 0xff, 0x2e, 0x0e, 0x01, 0xff, 0x7f, 0x00, 0x00,
  0xa1, 0x00, 0x87, 0xbf, 0xbc, 0x00, 0x44, 0xd6, 0x16, 0x29, 0xfe, 0x03, 0x00, 0x01, 0x04, 0x05,
  0x90, 0x82, 0x28, 0x30, 0xc6, 0x29, 0x28, 0x10, 0x21, 0x01, 0x87, 0xbf, 0x16, 0x00, 0x10, 0xd6,
  0x14, 0x21, 0x05, 0x02, 0x14, 0x29, 0x2e, 0x7c, 0x16, 0x00, 0x55, 0xd6, 0x14, 0x2d, 0xfe, 0x03,
  0xff, 0x7f, 0x00, 0x00, 0x90, 0x84, 0x28, 0x30, 0x12, 0x01, 0x87, 0xbf, 0x90, 0x2c, 0x2c, 0x32,
  0xc5, 0x29, 0x28, 0x10, 0x12, 0x01, 0x87, 0xbf, 0xff, 0x2c, 0x2c, 0x02, 0xff, 0x7f, 0x00, 0x00,
  0x17, 0x00, 0x10, 0xd6, 0x14, 0x21, 0x05, 0x02, 0x43, 0x00, 0x17, 0xd4, 0x14, 0x29, 0x02, 0x00,
  0x92, 0x00, 0x87, 0xbf, 0x17, 0x00, 0x55, 0xd6, 0x14, 0x2f, 0xfe, 0x03, 0xff, 0x7f, 0x00, 0x00,
  0x90, 0x2e, 0x2e, 0x32, 0x91, 0x00, 0x87, 0xbf, 0x14, 0x00, 0x01, 0xd5, 0xff, 0x2e, 0x0e, 0x01,
  0xff, 0x7f, 0x00, 0x00, 0xbb, 0x00, 0x44, 0xd6, 0x16, 0x29, 0xfe, 0x03, 0x00, 0x01, 0x04, 0x05,
  0x90, 0x88, 0x28, 0x30, 0x91, 0x00, 0x87, 0xbf, 0xcc, 0x29, 0x28, 0x10, 0x16, 0x00, 0x10, 0xd6,
  0x14, 0x21, 0x05, 0x02, 0x14, 0x29, 0x2e, 0x7c, 0x22, 0x01, 0x87, 0xbf, 0x16, 0x00, 0x55, 0xd6,
  0x14, 0x2d, 0xfe, 0x03, 0xff, 0x7f, 0x00, 0x00, 0x90, 0x86, 0x28, 0x30, 0x90, 0x2c, 0x2c, 0x32,
  0x12, 0x01, 0x87, 0xbf, 0xcb, 0x29, 0x28, 0x10, 0xff, 0x2c, 0x2c, 0x02, 0xff, 0x7f, 0x00, 0x00,
  0x22, 0x01, 0x87, 0xbf, 0x17, 0x00, 0x10, 0xd6, 0x14, 0x21, 0x05, 0x02, 0x43, 0x00, 0x17, 0xd4,
  0x14, 0x29, 0x02, 0x00, 0x17, 0x00, 0x55, 0xd6, 0x14, 0x2f, 0xfe, 0x03, 0xff, 0x7f, 0x00, 0x00,
  0x91, 0x00, 0x87, 0xbf, 0x90, 0x2e, 0x2e, 0x32, 0x14, 0x00, 0x01, 0xd5, 0xff, 0x2e, 0x0e, 0x01,
  0xff, 0x7f, 0x00, 0x00, 0xa1, 0x00, 0x87, 0xbf, 0xba, 0x00, 0x44, 0xd6, 0x16, 0x29, 0xfe, 0x03,
  0x00, 0x01, 0x04, 0x05, 0x90, 0x8e, 0x28, 0x30, 0xca, 0x29, 0x28, 0x10, 0x21, 0x01, 0x87, 0xbf,
  0x16, 0x00, 0x10, 0xd6, 0x14, 0x21, 0x05, 0x02, 0x14, 0x29, 0x2e, 0x7c, 0x16, 0x00, 0x55, 0xd6,
  0x14, 0x2d, 0xfe, 0x03, 0xff, 0x7f, 0x00, 0x00, 0x90, 0x8c, 0x28, 0x30, 0x12, 0x01, 0x87, 0xbf,
  0x90, 0x2c, 0x2c, 0x32, 0xc9, 0x29, 0x28, 0x10, 0x12, 0x01, 0x87, 0xbf, 0xff, 0x2c, 0x2c, 0x02,
  0xff, 0x7f, 0x00, 0x00, 0x17, 0x00, 0x10, 0xd6, 0x14, 0x21, 0x05, 0x02, 0x43, 0x00, 0x17, 0xd4,
  0x14, 0x29, 0x02, 0x00, 0x92, 0x00, 0x87, 0xbf, 0x17, 0x00, 0x55, 0xd6, 0x14, 0x2f, 0xfe, 0x03,
  0xff, 0x7f, 0x00, 0x00, 0x90, 0x2e, 0x2e, 0x32, 0x91, 0x00, 0x87, 0xbf, 0x14, 0x00, 0x01, 0xd5,
  0xff, 0x2e, 0x0e, 0x01, 0xff, 0x7f, 0x00, 0x00, 0xb9, 0x00, 0x44, 0xd6, 0x16, 0x29, 0xfe, 0x03,
  0x00, 0x01, 0x04, 0x05, 0x18, 0x20, 0x80, 0xbe, 0x1d, 0x01, 0xa5, 0xbf, 0x07, 0x00, 0x85, 0xbf,
  0x50, 0x02, 0x5d, 0xdc, 0x00, 0x00, 0x7c, 0x2d, 0x60, 0x02, 0x5d, 0xdc, 0x00, 0x00, 0x7c, 0x31,
  0x70, 0x02, 0x5d, 0xdc, 0x00, 0x00, 0x7c, 0x35, 0x80, 0x02, 0x5d, 0xdc, 0x00, 0x00, 0x7c, 0x39,
  0x90, 0x02, 0x5d, 0xdc, 0x00, 0x00, 0x7c, 0x3d, 0xa0, 0x02, 0x5d, 0xdc, 0x00, 0x00, 0x7c, 0x41,
  0xb0, 0x02, 0x5d, 0xdc, 0x00, 0x00, 0x7c, 0x45, 0xc0, 0x02, 0x5d, 0xdc, 0x00, 0x00, 0x7c, 0x49,
  0x54, 0x00, 0x10, 0xca, 0x55, 0x00, 0x16, 0x16, 0x56, 0x00, 0x10, 0xca, 0x57, 0x00, 0x18, 0x18,
  0x58, 0x00, 0x10, 0xca, 0x59, 0x00, 0x1a, 0x1a, 0x5a, 0x00, 0x10, 0xca, 0x5b, 0x00, 0x1c, 0x1c,
  0xf7, 0x1b, 0x89, 0xbf, 0xa1, 0x00, 0x87, 0xbf, 0x1e, 0x40, 0x41, 0xcc, 0xa1, 0x5b, 0x5a, 0x1c,
  0xf7, 0x13, 0x89, 0xbf, 0x1e, 0x40, 0x41, 0xcc, 0xa9, 0x6b, 0x7a, 0x1c, 0xf7, 0x0b, 0x89, 0xbf,
  0xa1, 0x00, 0x87, 0xbf, 0x1e, 0x40, 0x41, 0xcc, 0xb1, 0x7b, 0x7a, 0x1c, 0xf7, 0x03, 0x89, 0xbf,
  0x1e, 0x40, 0x41, 0xcc, 0xb9, 0x8b, 0x7a, 0x1c, 0x11, 0x01, 0x87, 0xbf, 0x14, 0x00, 0x10, 0xd6,
  0x25, 0x21, 0x05, 0x02, 0x26, 0x00, 0x10, 0xd6, 0x24, 0x21, 0x05, 0x02, 0x13, 0x02, 0x87, 0xbf,
  0x27, 0x00, 0x10, 0xd6, 0x23, 0x21, 0x05, 0x02, 0x28, 0x00, 0x10, 0xd6, 0x22, 0x21, 0x05, 0x02,
  0x29, 0x00, 0x10, 0xd6, 0x21, 0x21, 0x05, 0x02, 0x2a, 0x00, 0x10, 0xd6, 0x20, 0x21, 0x05, 0x02,
  0x2b, 0x00, 0x10, 0xd6, 0x1f, 0x21, 0x05, 0x02, 0x2c, 0x00, 0x10, 0xd6, 0x1e, 0x21, 0x05, 0x02,
  0x14, 0x00, 0x55, 0xd6, 0x25, 0x29, 0xfe, 0x03, 0xff, 0x7f, 0x00, 0x00, 0x26, 0x00, 0x55, 0xd6,
  0x24, 0x4d, 0xfe, 0x03, 0xff, 0x7f, 0x00, 0x00, 0x27, 0x00, 0x55, 0xd6, 0x23, 0x4f, 0xfe, 0x03,
  0xff, 0x7f, 0x00, 0x00, 0x28, 0x00, 0x55, 0xd6, 0x22, 0x51, 0xfe, 0x03, 0xff, 0x7f, 0x00, 0x00,
  0x29, 0x00, 0x55, 0xd6, 0x21, 0x53, 0xfe, 0x03, 0xff, 0x7f, 0x00, 0x00, 0x2a, 0x00, 0x55, 0xd6,
  0x20, 0x55, 0xfe, 0x03, 0xff, 0x7f, 0x00, 0x00, 0x2b, 0x00, 0x55, 0xd6, 0x1f, 0x57, 0xfe, 0x03,
  0xff, 0x7f, 0x00, 0x00, 0x2c, 0x00, 0x55, 0xd6, 0x1e, 0x59, 0xfe, 0x03, 0xff, 0x7f, 0x00, 0x00,
  0x25, 0x4b, 0x2e, 0x7c, 0x43, 0x00, 0x17, 0xd4, 0x24, 0x49, 0x02, 0x00, 0x44, 0x00, 0x17, 0xd4,
  0x23, 0x47, 0x02, 0x00, 0x45, 0x00, 0x17, 0xd4, 0x22, 0x45, 0x02, 0x00, 0x46, 0x00, 0x17, 0xd4,
  0x21, 0x43, 0x02, 0x00, 0x47, 0x00, 0x17, 0xd4, 0x20, 0x41, 0x02, 0x00, 0x48, 0x00, 0x17, 0xd4,
  0x1f, 0x3f, 0x02, 0x00, 0x49, 0x00, 0x17, 0xd4, 0x1e, 0x3d, 0x02, 0x00, 0x1e, 0x40, 0x41, 0xcc,
  0x81, 0x5b, 0x5a, 0x1c, 0x90, 0x56, 0x56, 0x32, 0x90, 0x58, 0x58, 0x32, 0x90, 0x54, 0x54, 0x32,
  0x04, 0x00, 0x87, 0xbf, 0x1e, 0x40, 0x41, 0xcc, 0x89, 0x6b, 0x7a, 0x1c, 0x90, 0x52, 0x52, 0x32,
  0x90, 0x50, 0x50, 0x32, 0x90, 0x4e, 0x4e, 0x32, 0x90, 0x28, 0x28, 0x32, 0x1e, 0x40, 0x41, 0xcc,
  0x91, 0x7b, 0x7a, 0x1c, 0x90, 0x4c, 0x4c, 0x32, 0x93, 0x01, 0x87, 0xbf, 0xff, 0x28, 0x28, 0x02,
  0xff, 0x7f, 0x00, 0x00, 0x1e, 0x40, 0x41, 0xcc, 0x99, 0x8b, 0x7a, 0x1c, 0x11, 0x01, 0x87, 0xbf,
  0x16, 0x00, 0x10, 0xd6, 0x25, 0x21, 0x05, 0x02, 0x17, 0x00, 0x10, 0xd6, 0x24, 0x21, 0x05, 0x02,
  0x13, 0x02, 0x87, 0xbf, 0x1c, 0x00, 0x10, 0xd6, 0x1e, 0x21, 0x05, 0x02, 0x1d, 0x00, 0x10, 0xd6,
  0x1f, 0x21, 0x05, 0x02, 0x4e, 0x00, 0x17, 0xd4, 0x1e, 0x3d, 0x02, 0x00, 0x16, 0x00, 0x55, 0xd6,
  0x25, 0x2d, 0xfe, 0x03, 0xff, 0x7f, 0x00, 0x00, 0x17, 0x00, 0x55, 0xd6, 0x24, 0x2f, 0xfe, 0x03,
  0xff, 0x7f, 0x00, 0x00, 0x1c, 0x00, 0x55, 0xd6, 0x1e, 0x39, 0xfe, 0x03, 0xff, 0x7f, 0x00, 0x00,
  0x1d, 0x00, 0x55, 0xd6, 0x1f, 0x3b, 0xfe, 0x03, 0xff, 0x7f, 0x00, 0x00, 0x4f, 0x00, 0x17, 0xd4,
  0x1f, 0x3f, 0x02, 0x00, 0x90, 0x2c, 0x30, 0x32, 0x16, 0x00, 0x10, 0xd6, 0x23, 0x21, 0x05, 0x02,
  0x90, 0x2e, 0x32, 0x32, 0x17, 0x00, 0x10, 0xd6, 0x22, 0x21, 0x05, 0x02, 0x90, 0x38, 0x38, 0x32,
  0x1a, 0x00, 0x10, 0xd6, 0x21, 0x21, 0x05, 0x02, 0x16, 0x00, 0x55, 0xd6, 0x23, 0x2d, 0xfe, 0x03,
  0xff, 0x7f, 0x00, 0x00, 0x90, 0x3a, 0x3a, 0x32, 0x17, 0x00, 0x55, 0xd6, 0x22, 0x2f, 0xfe, 0x03,
  0xff, 0x7f, 0x00, 0x00, 0x1c, 0x00, 0x01, 0xd5, 0xff, 0x38, 0x3a, 0x01, 0xff, 0x7f, 0x00, 0x00,
  0x1a, 0x00, 0x55, 0xd6, 0x21, 0x35, 0xfe, 0x03, 0xff, 0x7f, 0x00, 0x00, 0x90, 0x2c, 0x36, 0x32,
  0x16, 0x00, 0x10, 0xd6, 0x20, 0x21, 0x05, 0x02, 0x90, 0x2e, 0x3e, 0x32, 0x50, 0x00, 0x17, 0xd4,
  0x20, 0x41, 0x02, 0x00, 0x90, 0x34, 0x34, 0x32, 0x4d, 0x00, 0x17, 0xd4, 0x21, 0x43, 0x02, 0x00,
  0x16, 0x00, 0x55, 0xd6, 0x20, 0x2d, 0xfe, 0x03, 0xff, 0x7f, 0x00, 0x00, 0x51, 0x00, 0x17, 0xd4,
  0x22, 0x45, 0x02, 0x00, 0x4c, 0x00, 0x17, 0xd4, 0x23, 0x47, 0x02, 0x00, 0x4b, 0x00, 0x17, 0xd4,
  0x24, 0x49, 0x02, 0x00, 0x4a, 0x00, 0x17, 0xd4, 0x25, 0x4b, 0x02, 0x00, 0x90, 0x2c, 0x3c, 0x32,
  0x16, 0x52, 0x00, 0xd7, 0x00, 0xed, 0x02, 0x00, 0x41, 0x02, 0x87, 0xbf, 0x17, 0x7c, 0x20, 0xd5,
  0x80, 0xee, 0x4a, 0x01, 0x1a, 0x00, 0x01, 0xd5, 0xff, 0x34, 0x36, 0x01, 0xff, 0x7f, 0x00, 0x00,
  0x1b, 0x00, 0x01, 0xd5, 0xff, 0x36, 0x32, 0x01, 0xff, 0x7f, 0x00, 0x00, 0x19, 0x00, 0x01, 0xd5,
  0xff, 0x32, 0x2e, 0x01, 0xff, 0x7f, 0x00, 0x00, 0x16, 0x00, 0x3c, 0xd7, 0x81, 0x2c, 0x02, 0x00,
  0x18, 0x00, 0x01, 0xd5, 0xff, 0x30, 0x2a, 0x01, 0xff, 0x7f, 0x00, 0x00, 0x92, 0x00, 0x87, 0xbf,
  0x16, 0x52, 0x00, 0xd7, 0x03, 0x2c, 0x02, 0x00, 0x17, 0x7c, 0x20, 0xd5, 0x02, 0x2e, 0x4a, 0x01,
  0x80, 0x00, 0x66, 0xdc, 0x16, 0x1c, 0x7c, 0x00, 0x16, 0x4e, 0x00, 0xd7, 0x4d, 0xed, 0x02, 0x00,
  0x41, 0x02, 0x87, 0xbf, 0x17, 0x7c, 0x20, 0xd5, 0x80, 0xee, 0x3a, 0x01, 0x1c, 0x00, 0x01, 0xd5,
  0xff, 0x3a, 0x3e, 0x01, 0xff, 0x7f, 0x00, 0x00, 0x1d, 0x00, 0x01, 0xd5, 0xff, 0x3c, 0x42, 0x01,
  0xff, 0x7f, 0x00, 0x00, 0x1e, 0x00, 0x01, 0xd5, 0xff, 0x58, 0x26, 0x01, 0xff, 0x7f, 0x00, 0x00,
  0x16, 0x00, 0x3c, 0xd7, 0x81, 0x2c, 0x02, 0x00, 0x91, 0x00, 0x87, 0xbf, 0x16, 0x4e, 0x00, 0xd7,
  0x03, 0x2c, 0x02, 0x00, 0x17, 0x7c, 0x20, 0xd5, 0x02, 0x2e, 0x3a, 0x01, 0x04, 0x00, 0x66, 0xdc,
  0x16, 0x1c, 0x7c, 0x00, 0x1c, 0x00, 0x01, 0xd5, 0xff, 0x3e, 0x46, 0x01, 0xff, 0x7f, 0x00, 0x00,
  0x06, 0x00, 0x85, 0xbf, 0x08, 0x00, 0x66, 0xdc, 0x16, 0x1d, 0x7c, 0x00, 0x0c, 0x00, 0x66, 0xdc,
  0x16, 0x1a, 0x7c, 0x00, 0x10, 0x00, 0x66, 0xdc, 0x16, 0x1c, 0x7c, 0x00, 0x14, 0x00, 0x66, 0xdc,
  0x16, 0x1b, 0x7c, 0x00, 0x18, 0x00, 0x66, 0xdc, 0x16, 0x19, 0x7c, 0x00, 0x1c, 0x00, 0x66, 0xdc,
  0x16, 0x18, 0x7c, 0x00, 0x40, 0x00, 0x66, 0xdc, 0x16, 0x1e, 0x7c, 0x00, 0x19, 0x00, 0x01, 0xd5,
  0xff, 0x56, 0x22, 0x01, 0xff, 0x7f, 0x00, 0x00, 0x1a, 0x00, 0x01, 0xd5, 0xff, 0x54, 0x1e, 0x01,
  0xff, 0x7f, 0x00, 0x00, 0x1b, 0x00, 0x01, 0xd5, 0xff, 0x52, 0x1a, 0x01, 0xff, 0x7f, 0x00, 0x00,
  0x1c, 0x00, 0x01, 0xd5, 0xff, 0x50, 0x16, 0x01, 0xff, 0x7f, 0x00, 0x00, 0x1d, 0x00, 0x01, 0xd5,
  0xff, 0x4e, 0x12, 0x01, 0xff, 0x7f, 0x00, 0x00, 0x18, 0x00, 0x01, 0xd5, 0xff, 0x4c, 0x0e, 0x01,
  0xff, 0x7f, 0x00, 0x00, 0x06, 0x00, 0x85, 0xbf, 0x44, 0x00, 0x66, 0xdc, 0x16, 0x19, 0x7c, 0x00,
  0x48, 0x00, 0x66, 0xdc, 0x16, 0x1a, 0x7c, 0x00, 0x4c, 0x00, 0x66, 0xdc, 0x16, 0x1b, 0x7c, 0x00,
  0x50, 0x00, 0x66, 0xdc, 0x16, 0x1c, 0x7c, 0x00, 0x54, 0x00, 0x66, 0xdc, 0x16, 0x1d, 0x7c, 0x00,
  0x58, 0x00, 0x66, 0xdc, 0x16, 0x18, 0x7c, 0x00, 0x5c, 0x00, 0x66, 0xdc, 0x16, 0x14, 0x7c, 0x00,
  0x7e, 0x00, 0x7e, 0x8c, 0x16, 0x6a, 0x00, 0xd7, 0x4d, 0xb3, 0x02, 0x00, 0x91, 0x00, 0x87, 0xbf,
  0x17, 0x7c, 0x20, 0xd5, 0x80, 0xb4, 0xaa, 0x01, 0x16, 0x00, 0x3c, 0xd7, 0x81, 0x2c, 0x02, 0x00,
  0x68, 0x03, 0x6d, 0xdc, 0x00, 0x16, 0x7c, 0x00, 0x19, 0x20, 0x80, 0xbe, 0x0b, 0x01, 0xa5, 0xbf,
  0x07, 0x00, 0x85, 0xbf, 0xd0, 0x01, 0x5d, 0xdc, 0x00, 0x00, 0x7c, 0x2d, 0xe0, 0x01, 0x5d, 0xdc,
  0x00, 0x00, 0x7c, 0x31, 0xf0, 0x01, 0x5d, 0xdc, 0x00, 0x00, 0x7c, 0x35, 0x00, 0x02, 0x5d, 0xdc,
  0x00, 0x00, 0x7c, 0x39, 0x10, 0x02, 0x5d, 0xdc, 0x00, 0x00, 0x7c, 0x3d, 0x20, 0x02, 0x5d, 0xdc,
  0x00, 0x00, 0x7c, 0x41, 0x30, 0x02, 0x5d, 0xdc, 0x00, 0x00, 0x7c, 0x45, 0x40, 0x02, 0x5d, 0xdc,
  0x00, 0x00, 0x7c, 0x49, 0x54, 0x00, 0x10, 0xca, 0x55, 0x00, 0x16, 0x16, 0x56, 0x00, 0x10, 0xca,
  0x57, 0x00, 0x18, 0x18, 0x58, 0x00, 0x10, 0xca, 0x59, 0x00, 0x1a, 0x1a, 0x5a, 0x00, 0x10, 0xca,
  0x5b, 0x00, 0x1c, 0x1c, 0xf7, 0x1b, 0x89, 0xbf, 0xa1, 0x00, 0x87, 0xbf, 0x1e, 0x40, 0x41, 0xcc,
  0xa1, 0x5b, 0x5a, 0x1c, 0xf7, 0x13, 0x89, 0xbf, 0x1e, 0x40, 0x41, 0xcc, 0xa9, 0x6b, 0x7a, 0x1c,
  0xf7, 0x0b, 0x89, 0xbf, 0xa1, 0x00, 0x87, 0xbf, 0x1e, 0x40, 0x41, 0xcc, 0xb1, 0x7b, 0x7a, 0x1c,
  0xf7, 0x03, 0x89, 0xbf, 0x1e, 0x40, 0x41, 0xcc, 0xb9, 0x8b, 0x7a, 0x1c, 0x11, 0x01, 0x87, 0xbf,
  0x14, 0x00, 0x10, 0xd6, 0x1e, 0x21, 0x05, 0x02, 0x26, 0x00, 0x10, 0xd6, 0x1f, 0x21, 0x05, 0x02,
  0x13, 0x02, 0x87, 0xbf, 0x27, 0x00, 0x10, 0xd6, 0x20, 0x21, 0x05, 0x02, 0x28, 0x00, 0x10, 0xd6,
  0x21, 0x21, 0x05, 0x02, 0x29, 0x00, 0x10, 0xd6, 0x22, 0x21, 0x05, 0x02, 0x2a, 0x00, 0x10, 0xd6,
  0x23, 0x21, 0x05, 0x02, 0x2b, 0x00, 0x10, 0xd6, 0x24, 0x21, 0x05, 0x02, 0x2c, 0x00, 0x10, 0xd6,
  0x25, 0x21, 0x05, 0x02, 0x14, 0x00, 0x55, 0xd6, 0x1e, 0x29, 0xfe, 0x03, 0xff, 0x7f, 0x00, 0x00,
  0x26, 0x00, 0x55, 0xd6, 0x1f, 0x4d, 0xfe, 0x03, 0xff, 0x7f, 0x00, 0x00, 0x27, 0x00, 0x55, 0xd6,
  0x20, 0x4f, 0xfe, 0x03, 0xff, 0x7f, 0x00, 0x00, 0x28, 0x00, 0x55, 0xd6, 0x21, 0x51, 0xfe, 0x03,
  0xff, 0x7f, 0x00, 0x00, 0x29, 0x00, 0x55, 0xd6, 0x22, 0x53, 0xfe, 0x03, 0xff, 0x7f, 0x00, 0x00,
  0x2a, 0x00, 0x55, 0xd6, 0x23, 0x55, 0xfe, 0x03, 0xff, 0x7f, 0x00, 0x00, 0x2b, 0x00, 0x55, 0xd6,
  0x24, 0x57, 0xfe, 0x03, 0xff, 0x7f, 0x00, 0x00, 0x2c, 0x00, 0x55, 0xd6, 0x25, 0x59, 0xfe, 0x03,
  0xff, 0x7f, 0x00, 0x00, 0x1e, 0x3d, 0x2e, 0x7c, 0x43, 0x00, 0x17, 0xd4, 0x1f, 0x3f, 0x02, 0x00,
  0x44, 0x00, 0x17, 0xd4, 0x20, 0x41, 0x02, 0x00, 0x45, 0x00, 0x17, 0xd4, 0x21, 0x43, 0x02, 0x00,
  0x46, 0x00, 0x17, 0xd4, 0x22, 0x45, 0x02, 0x00, 0x47, 0x00, 0x17, 0xd4, 0x23, 0x47, 0x02, 0x00,
  0x48, 0x00, 0x17, 0xd4, 0x24, 0x49, 0x02, 0x00, 0x49, 0x00, 0x17, 0xd4, 0x25, 0x4b, 0x02, 0x00,
  0x1e, 0x40, 0x41, 0xcc, 0x81, 0x5b, 0x5a, 0x1c, 0x90, 0x28, 0x28, 0x32, 0x90, 0x4c, 0x4c, 0x32,
  0x90, 0x4e, 0x4e, 0x32, 0x04, 0x00, 0x87, 0xbf, 0x1e, 0x40, 0x41, 0xcc, 0x89, 0x6b, 0x7a, 0x1c,
  0x90, 0x50, 0x50, 0x32, 0x90, 0x52, 0x52, 0x32, 0x90, 0x54, 0x54, 0x32, 0x90, 0x56, 0x56, 0x32,
  0x1e, 0x40, 0x41, 0xcc, 0x91, 0x7b, 0x7a, 0x1c, 0x90, 0x58, 0x58, 0x32, 0xff, 0x28, 0x28, 0x02,
  0xff, 0x7f, 0x00, 0x00, 0x93, 0x00, 0x87, 0xbf, 0x1e, 0x40, 0x41, 0xcc, 0x99, 0x8b, 0x7a, 0x1c,
  0x17, 0x00, 0x10, 0xd6, 0x20, 0x21, 0x05, 0x02, 0x92, 0x01, 0x87, 0xbf, 0x16, 0x00, 0x10, 0xd6,
  0x1f, 0x21, 0x05, 0x02, 0x51, 0x00, 0x17, 0xd4, 0x1e, 0x3d, 0x02, 0x00, 0x4a, 0x00, 0x17, 0xd4,
  0x1f, 0x3f, 0x02, 0x00, 0x18, 0x00, 0x10, 0xd6, 0x21, 0x21, 0x05, 0x02, 0x17, 0x00, 0x55, 0xd6,
  0x20, 0x2f, 0xfe, 0x03, 0xff, 0x7f, 0x00, 0x00, 0x16, 0x00, 0x55, 0xd6, 0x1f, 0x2d, 0xfe, 0x03,
  0xff, 0x7f, 0x00, 0x00, 0x19, 0x00, 0x10, 0xd6, 0x22, 0x21, 0x05, 0x02, 0x1b, 0x00, 0x10, 0xd6,
  0x23, 0x21, 0x05, 0x02, 0x1c, 0x00, 0x10, 0xd6, 0x24, 0x21, 0x05, 0x02, 0x90, 0x2e, 0x34, 0x32,
  0x17, 0x00, 0x10, 0xd6, 0x1e, 0x21, 0x05, 0x02, 0x90, 0x2c, 0x2c, 0x32, 0x1d, 0x00, 0x10, 0xd6,
  0x25, 0x21, 0x05, 0x02, 0x18, 0x00, 0x55, 0xd6, 0x21, 0x31, 0xfe, 0x03, 0xff, 0x7f, 0x00, 0x00,
  0x19, 0x00, 0x55, 0xd6, 0x22, 0x33, 0xfe, 0x03, 0xff, 0x7f, 0x00, 0x00, 0x17, 0x00, 0x55, 0xd6,
  0x1e, 0x2f, 0xfe, 0x03, 0xff, 0x7f, 0x00, 0x00, 0x1e, 0x00, 0x01, 0xd5, 0xff, 0x2c, 0x2a, 0x01,
  0xff, 0x7f, 0x00, 0x00, 0x1b, 0x00, 0x55, 0xd6, 0x23, 0x37, 0xfe, 0x03, 0xff, 0x7f, 0x00, 0x00,
  0x1c, 0x00, 0x55, 0xd6, 0x24, 0x39, 0xfe, 0x03, 0xff, 0x7f, 0x00, 0x00, 0x1d, 0x00, 0x55, 0xd6,
  0x25, 0x3b, 0xfe, 0x03, 0xff, 0x7f, 0x00, 0x00, 0x90, 0x2e, 0x2e, 0x32, 0x4b, 0x00, 0x17, 0xd4,
  0x20, 0x41, 0x02, 0x00, 0x90, 0x30, 0x30, 0x32, 0x4c, 0x00, 0x17, 0xd4, 0x21, 0x43, 0x02, 0x00,
  0x90, 0x32, 0x32, 0x32, 0x17, 0x00, 0x01, 0xd5, 0xff, 0x2e, 0x46, 0x01, 0xff, 0x7f, 0x00, 0x00,
  0x4d, 0x00, 0x17, 0xd4, 0x22, 0x45, 0x02, 0x00, 0x90, 0x36, 0x36, 0x32, 0x4e, 0x00, 0x17, 0xd4,
  0x23, 0x47, 0x02, 0x00, 0x90, 0x38, 0x38, 0x32, 0x80, 0x00, 0x66, 0xdc, 0x55, 0x17, 0x7c, 0x00,
  0x68, 0x03, 0x55, 0xdc, 0x00, 0x00, 0x7c, 0x16, 0x4f, 0x00, 0x17, 0xd4, 0x24, 0x49, 0x02, 0x00,
  0x90, 0x3a, 0x3a, 0x32, 0x50, 0x00, 0x17, 0xd4, 0x25, 0x4b, 0x02, 0x00, 0x1a, 0x00, 0x01, 0xd5,
  0xff, 0x34, 0x2e, 0x01, 0xff, 0x7f, 0x00, 0x00, 0x18, 0x00, 0x01, 0xd5, 0xff, 0x30, 0x32, 0x01,
  0xff, 0x7f, 0x00, 0x00, 0x19, 0x00, 0x01, 0xd5, 0xff, 0x32, 0x36, 0x01, 0xff, 0x7f, 0x00, 0x00,
  0x1b, 0x00, 0x01, 0xd5, 0xff, 0x36, 0x3a, 0x01, 0xff, 0x7f, 0x00, 0x00, 0x1c, 0x00, 0x01, 0xd5,
  0xff, 0x38, 0x3e, 0x01, 0xff, 0x7f, 0x00, 0x00, 0x1d, 0x00, 0x01, 0xd5, 0xff, 0x3a, 0x42, 0x01,
  0xff, 0x7f, 0x00, 0x00, 0x1f, 0x00, 0x01, 0xd5, 0xff, 0x4c, 0x0e, 0x01, 0xff, 0x7f, 0x00, 0x00,
  0x20, 0x00, 0x01, 0xd5, 0xff, 0x4e, 0x12, 0x01, 0xff, 0x7f, 0x00, 0x00, 0x21, 0x00, 0x01, 0xd5,
  0xff, 0x50, 0x16, 0x01, 0xff, 0x7f, 0x00, 0x00, 0x22, 0x00, 0x01, 0xd5, 0xff, 0x52, 0x1a, 0x01,
  0xff, 0x7f, 0x00, 0x00, 0x23, 0x00, 0x01, 0xd5, 0xff, 0x54, 0x1e, 0x01, 0xff, 0x7f, 0x00, 0x00,
  0x24, 0x00, 0x01, 0xd5, 0xff, 0x56, 0x22, 0x01, 0xff, 0x7f, 0x00, 0x00, 0x25, 0x00, 0x01, 0xd5,
  0xff, 0x58, 0x26, 0x01, 0xff, 0x7f, 0x00, 0x00, 0xf7, 0x03, 0x89, 0xbf, 0x16, 0x4a, 0x00, 0xd7,
  0x03, 0x2c, 0x02, 0x00, 0x01, 0x00, 0x87, 0xbf, 0x17, 0x7c, 0x20, 0xd5, 0x02, 0x2e, 0x2a, 0x01,
  0x0e, 0x00, 0x85, 0xbf, 0x04, 0x00, 0x66, 0xdc, 0x16, 0x1e, 0x7c, 0x00, 0x08, 0x00, 0x66, 0xdc,
  0x16, 0x1a, 0x7c, 0x00, 0x0c, 0x00, 0x66, 0xdc, 0x16, 0x18, 0x7c, 0x00, 0x10, 0x00, 0x66, 0xdc,
  0x16, 0x19, 0x7c, 0x00, 0x14, 0x00, 0x66, 0xdc, 0x16, 0x1b, 0x7c, 0x00, 0x18, 0x00, 0x66, 0xdc,
  0x16, 0x1c, 0x7c, 0x00, 0x1c, 0x00, 0x66, 0xdc, 0x16, 0x1d, 0x7c, 0x00, 0x40, 0x00, 0x66, 0xdc,
  0x16, 0x14, 0x7c, 0x00, 0x44, 0x00, 0x66, 0xdc, 0x16, 0x1f, 0x7c, 0x00, 0x48, 0x00, 0x66, 0xdc,
  0x16, 0x20, 0x7c, 0x00, 0x4c, 0x00, 0x66, 0xdc, 0x16, 0x21, 0x7c, 0x00, 0x50, 0x00, 0x66, 0xdc,
  0x16, 0x22, 0x7c, 0x00, 0x54, 0x00, 0x66, 0xdc, 0x16, 0x23, 0x7c, 0x00, 0x58, 0x00, 0x66, 0xdc,
  0x16, 0x24, 0x7c, 0x00, 0x5c, 0x00, 0x66, 0xdc, 0x16, 0x25, 0x7c, 0x00, 0x7e, 0x00, 0x7e, 0x8c,
  0x1e, 0x00, 0x04, 0xf4, 0x00, 0x00, 0x00, 0xf8, 0x16, 0x6a, 0x00, 0xd7, 0x4d, 0xb7, 0x02, 0x00,
  0x91, 0x00, 0x87, 0xbf, 0x17, 0x7c, 0x20, 0xd5, 0x80, 0xb8, 0xaa, 0x01, 0x16, 0x00, 0x3c, 0xd7,
  0x81, 0x2c, 0x02, 0x00, 0x70, 0x03, 0x6d, 0xdc, 0x00, 0x16, 0x7c, 0x00, 0x1a, 0x20, 0x84, 0xbe,
  0x0b, 0x01, 0xa5, 0xbf, 0x07, 0x00, 0x85, 0xbf, 0x50, 0x01, 0x5d, 0xdc, 0x00, 0x00, 0x7c, 0x2d,
  0x60, 0x01, 0x5d, 0xdc, 0x00, 0x00, 0x7c, 0x31, 0x70, 0x01, 0x5d, 0xdc, 0x00, 0x00, 0x7c, 0x35,
  0x80, 0x01, 0x5d, 0xdc, 0x00, 0x00, 0x7c, 0x39, 0x90, 0x01, 0x5d, 0xdc, 0x00, 0x00, 0x7c, 0x3d,
  0xa0, 0x01, 0x5d, 0xdc, 0x00, 0x00, 0x7c, 0x41, 0xb0, 0x01, 0x5d, 0xdc, 0x00, 0x00, 0x7c, 0x45,
  0xc0, 0x01, 0x5d, 0xdc, 0x00, 0x00, 0x7c, 0x49, 0x54, 0x00, 0x10, 0xca, 0x55, 0x00, 0x16, 0x16,
  0x56, 0x00, 0x10, 0xca, 0x57, 0x00, 0x18, 0x18, 0x58, 0x00, 0x10, 0xca, 0x59, 0x00, 0x1a, 0x1a,
  0x5a, 0x00, 0x10, 0xca, 0x5b, 0x00, 0x1c, 0x1c, 0xf7, 0x1b, 0x89, 0xbf, 0xa1, 0x00, 0x87, 0xbf,
  0x1e, 0x40, 0x41, 0xcc, 0xa1, 0x5b, 0x5a, 0x1c, 0xf7, 0x13, 0x89, 0xbf, 0x1e, 0x40, 0x41, 0xcc,
  0xa9, 0x6b, 0x7a, 0x1c, 0xf7, 0x0b, 0x89, 0xbf, 0xa1, 0x00, 0x87, 0xbf, 0x1e, 0x40, 0x41, 0xcc,
  0xb1, 0x7b, 0x7a, 0x1c, 0xf7, 0x03, 0x89, 0xbf, 0x1e, 0x40, 0x41, 0xcc, 0xb9, 0x8b, 0x7a, 0x1c,
  0x11, 0x01, 0x87, 0xbf, 0x14, 0x00, 0x10, 0xd6, 0x1e, 0x21, 0x05, 0x02, 0x26, 0x00, 0x10, 0xd6,
  0x1f, 0x21, 0x05, 0x02, 0x13, 0x02, 0x87, 0xbf, 0x27, 0x00, 0x10, 0xd6, 0x20, 0x21, 0x05, 0x02,
  0x28, 0x00, 0x10, 0xd6, 0x21, 0x21, 0x05, 0x02, 0x29, 0x00, 0x10, 0xd6, 0x22, 0x21, 0x05, 0x02,
  0x2a, 0x00, 0x10, 0xd6, 0x23, 0x21, 0x05, 0x02, 0x2b, 0x00, 0x10, 0xd6, 0x24, 0x21, 0x05, 0x02,
  0x2c, 0x00, 0x10, 0xd6, 0x25, 0x21, 0x05, 0x02, 0x14, 0x00, 0x55, 0xd6, 0x1e, 0x29, 0xfe, 0x03,
  0xff, 0x7f, 0x00, 0x00, 0x26, 0x00, 0x55, 0xd6, 0x1f, 0x4d, 0xfe, 0x03, 0xff, 0x7f, 0x00, 0x00,
  0x27, 0x00, 0x55, 0xd6, 0x20, 0x4f, 0xfe, 0x03, 0xff, 0x7f, 0x00, 0x00, 0x28, 0x00, 0x55, 0xd6,
  0x21, 0x51, 0xfe, 0x03, 0xff, 0x7f, 0x00, 0x00, 0x29, 0x00, 0x55, 0xd6, 0x22, 0x53, 0xfe, 0x03,
  0xff, 0x7f, 0x00, 0x00, 0x2a, 0x00, 0x55, 0xd6, 0x23, 0x55, 0xfe, 0x03, 0xff, 0x7f, 0x00, 0x00,
  0x2b, 0x00, 0x55, 0xd6, 0x24, 0x57, 0xfe, 0x03, 0xff, 0x7f, 0x00, 0x00, 0x2c, 0x00, 0x55, 0xd6,
  0x25, 0x59, 0xfe, 0x03, 0xff, 0x7f, 0x00, 0x00, 0x1e, 0x3d, 0x2e, 0x7c, 0x43, 0x00, 0x17, 0xd4,
  0x1f, 0x3f, 0x02, 0x00, 0x44, 0x00, 0x17, 0xd4, 0x20, 0x41, 0x02, 0x00, 0x45, 0x00, 0x17, 0xd4,
  0x21, 0x43, 0x02, 0x00, 0x46, 0x00, 0x17, 0xd4, 0x22, 0x45, 0x02, 0x00, 0x47, 0x00, 0x17, 0xd4,
  0x23, 0x47, 0x02, 0x00, 0x48, 0x00, 0x17, 0xd4, 0x24, 0x49, 0x02, 0x00, 0x49, 0x00, 0x17, 0xd4,
  0x25, 0x4b, 0x02, 0x00, 0x1e, 0x40, 0x41, 0xcc, 0x81, 0x5b, 0x5a, 0x1c, 0x90, 0x28, 0x28, 0x32,
  0x90, 0x4c, 0x4c, 0x32, 0x90, 0x4e, 0x4e, 0x32, 0x04, 0x00, 0x87, 0xbf, 0x1e, 0x40, 0x41, 0xcc,
  0x89, 0x6b, 0x7a, 0x1c, 0x90, 0x50, 0x50, 0x32, 0x90, 0x52, 0x52, 0x32, 0x90, 0x54, 0x54, 0x32,
  0x90, 0x56, 0x56, 0x32, 0x1e, 0x40, 0x41, 0xcc, 0x91, 0x7b, 0x7a, 0x1c, 0x90, 0x58, 0x58, 0x32,
  0xff, 0x28, 0x28, 0x02, 0xff, 0x7f, 0x00, 0x00, 0x93, 0x00, 0x87, 0xbf, 0x1e, 0x40, 0x41, 0xcc,
  0x99, 0x8b, 0x7a, 0x1c, 0x17, 0x00, 0x10, 0xd6, 0x20, 0x21, 0x05, 0x02, 0x92, 0x01, 0x87, 0xbf,
  0x16, 0x00, 0x10, 0xd6, 0x1f, 0x21, 0x05, 0x02, 0x51, 0x00, 0x17, 0xd4, 0x1e, 0x3d, 0x02, 0x00,
  0x4a, 0x00, 0x17, 0xd4, 0x1f, 0x3f, 0x02, 0x00, 0x18, 0x00, 0x10, 0xd6, 0x21, 0x21, 0x05, 0x02,
  0x17, 0x00, 0x55, 0xd6, 0x20, 0x2f, 0xfe, 0x03, 0xff, 0x7f, 0x00, 0x00, 0x16, 0x00, 0x55, 0xd6,
  0x1f, 0x2d, 0xfe, 0x03, 0xff, 0x7f, 0x00, 0x00, 0x19, 0x00, 0x10, 0xd6, 0x22, 0x21, 0x05, 0x02,
  0x1b, 0x00, 0x10, 0xd6, 0x23, 0x21, 0x05, 0x02, 0x1c, 0x00, 0x10, 0xd6, 0x24, 0x21, 0x05, 0x02,
  0x90, 0x2e, 0x34, 0x32, 0x17, 0x00, 0x10, 0xd6, 0x1e, 0x21, 0x05, 0x02, 0x90, 0x2c, 0x2c, 0x32,
  0x1d, 0x00, 0x10, 0xd6, 0x25, 0x21, 0x05, 0x02, 0x18, 0x00, 0x55, 0xd6, 0x21, 0x31, 0xfe, 0x03,
  0xff, 0x7f, 0x00, 0x00, 0x19, 0x00, 0x55, 0xd6, 0x22, 0x33, 0xfe, 0x03, 0xff, 0x7f, 0x00, 0x00,
  0x17, 0x00, 0x55, 0xd6, 0x1e, 0x2f, 0xfe, 0x03, 0xff, 0x7f, 0x00, 0x00, 0x1e, 0x00, 0x01, 0xd5,
  0xff, 0x2c, 0x2a, 0x01, 0xff, 0x7f, 0x00, 0x00, 0x1b, 0x00, 0x55, 0xd6, 0x23, 0x37, 0xfe, 0x03,
  0xff, 0x7f, 0x00, 0x00, 0x1c, 0x00, 0x55, 0xd6, 0x24, 0x39, 0xfe, 0x03, 0xff, 0x7f, 0x00, 0x00,
  0x1d, 0x00, 0x55, 0xd6, 0x25, 0x3b, 0xfe, 0x03, 0xff, 0x7f, 0x00, 0x00, 0x90, 0x2e, 0x2e, 0x32,
  0x4b, 0x00, 0x17, 0xd4, 0x20, 0x41, 0x02, 0x00, 0x90, 0x30, 0x30, 0x32, 0x4c, 0x00, 0x17, 0xd4,
  0x21, 0x43, 0x02, 0x00, 0x90, 0x32, 0x32, 0x32, 0x17, 0x00, 0x01, 0xd5, 0xff, 0x2e, 0x46, 0x01,
  0xff, 0x7f, 0x00, 0x00, 0x4d, 0x00, 0x17, 0xd4, 0x22, 0x45, 0x02, 0x00, 0x90, 0x36, 0x36, 0x32,
  0x4e, 0x00, 0x17, 0xd4, 0x23, 0x47, 0x02, 0x00, 0x90, 0x38, 0x38, 0x32, 0x80, 0x00, 0x66, 0xdc,
  0x57, 0x17, 0x7c, 0x00, 0x70, 0x03, 0x55, 0xdc, 0x00, 0x00, 0x7c, 0x16, 0x4f, 0x00, 0x17, 0xd4,
  0x24, 0x49, 0x02, 0x00, 0x90, 0x3a, 0x3a, 0x32, 0x50, 0x00, 0x17, 0xd4, 0x25, 0x4b, 0x02, 0x00,
  0x1a, 0x00, 0x01, 0xd5, 0xff, 0x34, 0x2e, 0x01, 0xff, 0x7f, 0x00, 0x00, 0x18, 0x00, 0x01, 0xd5,
  0xff, 0x30, 0x32, 0x01, 0xff, 0x7f, 0x00, 0x00, 0x19, 0x00, 0x01, 0xd5, 0xff, 0x32, 0x36, 0x01,
  0xff, 0x7f, 0x00, 0x00, 0x1b, 0x00, 0x01, 0xd5, 0xff, 0x36, 0x3a, 0x01, 0xff, 0x7f, 0x00, 0x00,
  0x1c, 0x00, 0x01, 0xd5, 0xff, 0x38, 0x3e, 0x01, 0xff, 0x7f, 0x00, 0x00, 0x1d, 0x00, 0x01, 0xd5,
  0xff, 0x3a, 0x42, 0x01, 0xff, 0x7f, 0x00, 0x00, 0x1f, 0x00, 0x01, 0xd5, 0xff, 0x4c, 0x0e, 0x01,
  0xff, 0x7f, 0x00, 0x00, 0x20, 0x00, 0x01, 0xd5, 0xff, 0x4e, 0x12, 0x01, 0xff, 0x7f, 0x00, 0x00,
  0x21, 0x00, 0x01, 0xd5, 0xff, 0x50, 0x16, 0x01, 0xff, 0x7f, 0x00, 0x00, 0x22, 0x00, 0x01, 0xd5,
  0xff, 0x52, 0x1a, 0x01, 0xff, 0x7f, 0x00, 0x00, 0x23, 0x00, 0x01, 0xd5, 0xff, 0x54, 0x1e, 0x01,
  0xff, 0x7f, 0x00, 0x00, 0x24, 0x00, 0x01, 0xd5, 0xff, 0x56, 0x22, 0x01, 0xff, 0x7f, 0x00, 0x00,
  0x25, 0x00, 0x01, 0xd5, 0xff, 0x58, 0x26, 0x01, 0xff, 0x7f, 0x00, 0x00, 0xf7, 0x03, 0x89, 0xbf,
  0x16, 0x4a, 0x00, 0xd7, 0x03, 0x2c, 0x02, 0x00, 0x01, 0x00, 0x87, 0xbf, 0x17, 0x7c, 0x20, 0xd5,
  0x02, 0x2e, 0x2a, 0x01, 0x0e, 0x00, 0x85, 0xbf, 0x04, 0x00, 0x66, 0xdc, 0x16, 0x1e, 0x7c, 0x00,
  0x08, 0x00, 0x66, 0xdc, 0x16, 0x1a, 0x7c, 0x00, 0x0c, 0x00, 0x66, 0xdc, 0x16, 0x18, 0x7c, 0x00,
  0x10, 0x00, 0x66, 0xdc, 0x16, 0x19, 0x7c, 0x00, 0x14, 0x00, 0x66, 0xdc, 0x16, 0x1b, 0x7c, 0x00,
  0x18, 0x00, 0x66, 0xdc, 0x16, 0x1c, 0x7c, 0x00, 0x1c, 0x00, 0x66, 0xdc, 0x16, 0x1d, 0x7c, 0x00,
  0x40, 0x00, 0x66, 0xdc, 0x16, 0x14, 0x7c, 0x00, 0x44, 0x00, 0x66, 0xdc, 0x16, 0x1f, 0x7c, 0x00,
  0x48, 0x00, 0x66, 0xdc, 0x16, 0x20, 0x7c, 0x00, 0x4c, 0x00, 0x66, 0xdc, 0x16, 0x21, 0x7c, 0x00,
  0x50, 0x00, 0x66, 0xdc, 0x16, 0x22, 0x7c, 0x00, 0x54, 0x00, 0x66, 0xdc, 0x16, 0x23, 0x7c, 0x00,
  0x58, 0x00, 0x66, 0xdc, 0x16, 0x24, 0x7c, 0x00, 0x5c, 0x00, 0x66, 0xdc, 0x16, 0x25, 0x7c, 0x00,
  0x7e, 0x04, 0x7e, 0x8c, 0x16, 0x6a, 0x00, 0xd7, 0x4d, 0xbb, 0x02, 0x00, 0x91, 0x00, 0x87, 0xbf,
  0x17, 0x7c, 0x20, 0xd5, 0x80, 0xbc, 0xaa, 0x01, 0x16, 0x00, 0x3c, 0xd7, 0x81, 0x2c, 0x02, 0x00,
  0x78, 0x03, 0x6d, 0xdc, 0x00, 0x16, 0x7c, 0x00, 0x1b, 0x20, 0x84, 0xbe, 0x34, 0x00, 0x60, 0xd7,
  0xff, 0x0d, 0x01, 0x00, 0x35, 0x00, 0x60, 0xd7, 0xfe, 0x39, 0x01, 0x00, 0x43, 0x00, 0x60, 0xd7,
  0xfe, 0x37, 0x01, 0x00, 0x44, 0x00, 0x60, 0xd7, 0xfe, 0x35, 0x01, 0x00, 0x45, 0x00, 0x60, 0xd7,
  0xff, 0x01, 0x01, 0x00, 0x46, 0x00, 0x60, 0xd7, 0xfe, 0x33, 0x01, 0x00, 0x47, 0x00, 0x60, 0xd7,
  0xfe, 0x3f, 0x01, 0x00, 0xed, 0x00, 0xa5, 0xbf, 0x01, 0x00, 0x85, 0xbf, 0xd0, 0x02, 0x5d, 0xdc,
  0x00, 0x00, 0x7c, 0x26, 0xe0, 0x02, 0x5d, 0xdc, 0x00, 0x00, 0x7c, 0x2a, 0x54, 0x00, 0x10, 0xca,
  0x55, 0x00, 0x16, 0x16, 0x56, 0x00, 0x10, 0xca, 0x57, 0x00, 0x18, 0x18, 0x58, 0x00, 0x10, 0xca,
  0x59, 0x00, 0x1a, 0x1a, 0x5a, 0x00, 0x10, 0xca, 0x5b, 0x00, 0x1c, 0x1c, 0xf7, 0x03, 0x89, 0xbf,
  0x01, 0x00, 0x87, 0xbf, 0x1e, 0x40, 0x41, 0xcc, 0x81, 0x4d, 0x5a, 0x1c, 0x16, 0x40, 0x41, 0xcc,
  0xa1, 0x4d, 0x5a, 0x1c, 0x01, 0x00, 0x85, 0xbf, 0xf0, 0x02, 0x5d, 0xdc, 0x00, 0x00, 0x7c, 0x26,
  0x00, 0x03, 0x5d, 0xdc, 0x00, 0x00, 0x7c, 0x2a, 0xf7, 0x03, 0x89, 0xbf, 0x1e, 0x40, 0x41, 0xcc,
  0x89, 0x4d, 0x7a, 0x1c, 0x16, 0x40, 0x41, 0xcc, 0xa9, 0x4d, 0x5a, 0x1c, 0x01, 0x00, 0x85, 0xbf,
  0x30, 0x01, 0x5d, 0xdc, 0x00, 0x00, 0x7c, 0x26, 0x40, 0x01, 0x5d, 0xdc, 0x00, 0x00, 0x7c, 0x2a,
  0x1e, 0x40, 0x41, 0xcc, 0x91, 0x9b, 0x7b, 0x1c, 0x16, 0x40, 0x41, 0xcc, 0xb1, 0x9b, 0x5b, 0x1c,
  0xf7, 0x03, 0x89, 0xbf, 0x12, 0x01, 0x87, 0xbf, 0x1e, 0x40, 0x41, 0xcc, 0x99, 0x4d, 0x7a, 0x1c,
  0x16, 0x40, 0x41, 0xcc, 0xb9, 0x4d, 0x5a, 0x1c, 0x92, 0x01, 0x87, 0xbf, 0x14, 0x00, 0x10, 0xd6,
  0x1e, 0x21, 0x05, 0x02, 0x26, 0x00, 0x10, 0xd6, 0x1f, 0x21, 0x05, 0x02, 0x04, 0x00, 0x87, 0xbf,
  0x27, 0x00, 0x10, 0xd6, 0x20, 0x21, 0x05, 0x02, 0x1e, 0x3d, 0x2e, 0x7c, 0x28, 0x00, 0x10, 0xd6,
  0x21, 0x21, 0x05, 0x02, 0x14, 0x00, 0x55, 0xd6, 0x1e, 0x29, 0xfe, 0x03, 0xff, 0x7f, 0x00, 0x00,
  0x26, 0x00, 0x55, 0xd6, 0x1f, 0x4d, 0xfe, 0x03, 0xff, 0x7f, 0x00, 0x00, 0x27, 0x00, 0x55, 0xd6,
  0x20, 0x4f, 0xfe, 0x03, 0xff, 0x7f, 0x00, 0x00, 0x29, 0x00, 0x10, 0xd6, 0x22, 0x21, 0x05, 0x02,
  0x28, 0x00, 0x55, 0xd6, 0x21, 0x51, 0xfe, 0x03, 0xff, 0x7f, 0x00, 0x00, 0x90, 0x28, 0x28, 0x32,
  0x90, 0x4c, 0x4c, 0x32, 0x90, 0x4e, 0x4e, 0x32, 0x2a, 0x00, 0x10, 0xd6, 0x23, 0x21, 0x05, 0x02,
  0x29, 0x00, 0x55, 0xd6, 0x22, 0x53, 0xfe, 0x03, 0xff, 0x7f, 0x00, 0x00, 0xff, 0x28, 0x28, 0x02,
  0xff, 0x7f, 0x00, 0x00, 0x1f, 0x3f, 0x2e, 0x7c, 0x90, 0x50, 0x50, 0x32, 0x2b, 0x00, 0x10, 0xd6,
  0x24, 0x21, 0x05, 0x02, 0x2a, 0x00, 0x55, 0xd6, 0x23, 0x55, 0xfe, 0x03, 0xff, 0x7f, 0x00, 0x00,
  0x90, 0x52, 0x52, 0x32, 0xff, 0x4c, 0x3c, 0x02, 0xff, 0x7f, 0x00, 0x00, 0x20, 0x41, 0x2e, 0x7c,
  0x2c, 0x00, 0x10, 0xd6, 0x25, 0x21, 0x05, 0x02, 0x2b, 0x00, 0x55, 0xd6, 0x24, 0x57, 0xfe, 0x03,
  0xff, 0x7f, 0x00, 0x00, 0x90, 0x54, 0x54, 0x32, 0x26, 0x00, 0x10, 0xd6, 0x16, 0x21, 0x05, 0x02,
  0xff, 0x4e, 0x3e, 0x02, 0xff, 0x7f, 0x00, 0x00, 0x21, 0x43, 0x2e, 0x7c, 0x27, 0x00, 0x55, 0xd6,
  0x25, 0x59, 0xfe, 0x03, 0xff, 0x7f, 0x00, 0x00, 0x04, 0x00, 0x87, 0xbf, 0x26, 0x00, 0x55, 0xd6,
  0x16, 0x4d, 0xfe, 0x03, 0xff, 0x7f, 0x00, 0x00, 0xff, 0x50, 0x40, 0x02, 0xff, 0x7f, 0x00, 0x00,
  0x22, 0x45, 0x2e, 0x7c, 0x90, 0x56, 0x44, 0x32, 0x28, 0x00, 0x10, 0xd6, 0x17, 0x21, 0x05, 0x02,
  0x90, 0x4c, 0x4c, 0x32, 0xff, 0x52, 0x42, 0x02, 0xff, 0x7f, 0x00, 0x00, 0x23, 0x47, 0x2e, 0x7c,
  0x04, 0x00, 0x87, 0xbf, 0x28, 0x00, 0x55, 0xd6, 0x17, 0x51, 0xfe, 0x03, 0xff, 0x7f, 0x00, 0x00,
  0x29, 0x00, 0x10, 0xd6, 0x1b, 0x21, 0x05, 0x02, 0xff, 0x54, 0x46, 0x02, 0xff, 0x7f, 0x00, 0x00,
  0x24, 0x49, 0x2e, 0x7c, 0x90, 0x4e, 0x48, 0x32, 0x27, 0x00, 0x10, 0xd6, 0x18, 0x21, 0x05, 0x02,
  0x90, 0x50, 0x50, 0x32, 0xff, 0x44, 0x44, 0x02, 0xff, 0x7f, 0x00, 0x00, 0x25, 0x4b, 0x2e, 0x7c,
  0x44, 0x02, 0x87, 0xbf, 0x25, 0x00, 0x55, 0xd6, 0x18, 0x4f, 0xfe, 0x03, 0xff, 0x7f, 0x00, 0x00,
  0x27, 0x00, 0x10, 0xd6, 0x19, 0x21, 0x05, 0x02, 0xff, 0x48, 0x48, 0x02, 0xff, 0x7f, 0x00, 0x00,
  0x16, 0x2d, 0x2e, 0x7c, 0x90, 0x4a, 0x2c, 0x32, 0x44, 0x02, 0x87, 0xbf, 0x25, 0x00, 0x55, 0xd6,
  0x19, 0x4f, 0xfe, 0x03, 0xff, 0x7f, 0x00, 0x00, 0x27, 0x00, 0x10, 0xd6, 0x1a, 0x21, 0x05, 0x02,
  0xff, 0x4c, 0x4c, 0x02, 0xff, 0x7f, 0x00, 0x00, 0x17, 0x2f, 0x2e, 0x7c, 0x90, 0x4a, 0x2e, 0x32,
  0x25, 0x00, 0x55, 0xd6, 0x1b, 0x53, 0xfe, 0x03, 0xff, 0x7f, 0x00, 0x00, 0x29, 0x00, 0x10, 0xd6,
  0x1d, 0x21, 0x05, 0x02, 0xff, 0x50, 0x50, 0x02, 0xff, 0x7f, 0x00, 0x00, 0x18, 0x31, 0x2e, 0x7c,
  0xd4, 0x01, 0x87, 0xbf, 0x90, 0x4a, 0x4a, 0x32, 0xff, 0x2c, 0x30, 0x02, 0xff, 0x7f, 0x00, 0x00,
  0x16, 0x00, 0x55, 0xd6, 0x1a, 0x4f, 0xfe, 0x03, 0xff, 0x7f, 0x00, 0x00, 0x27, 0x00, 0x10, 0xd6,
  0x1c, 0x21, 0x05, 0x02, 0x19, 0x33, 0x2e, 0x7c, 0x90, 0x2c, 0x2c, 0x32, 0xff, 0x2e, 0x32, 0x02,
  0xff, 0x7f, 0x00, 0x00, 0xb4, 0x01, 0x87, 0xbf, 0x17, 0x00, 0x55, 0xd6, 0x1c, 0x4f, 0xfe, 0x03,
  0xff, 0x7f, 0x00, 0x00, 0x1a, 0x35, 0x2e, 0x7c, 0x27, 0x00, 0x55, 0xd6, 0x1d, 0x53, 0xfe, 0x03,
  0xff, 0x7f, 0x00, 0x00, 0x90, 0x2e, 0x52, 0x32, 0xff, 0x2c, 0x34, 0x02, 0xff, 0x7f, 0x00, 0x00,
  0x78, 0x03, 0x55, 0xdc, 0x00, 0x00, 0x7c, 0x16, 0x90, 0x4e, 0x4e, 0x32, 0xf7, 0x03, 0x89, 0xbf,
  0x16, 0x6a, 0x00, 0xd7, 0x03, 0x2c, 0x02, 0x00, 0x01, 0x00, 0x87, 0xbf, 0x17, 0x7c, 0x20, 0xd5,
  0x02, 0x2e, 0xaa, 0x01, 0x1b, 0x37, 0x2e, 0x7c, 0xff, 0x4a, 0x36, 0x02, 0xff, 0x7f, 0x00, 0x00,
  0x1c, 0x39, 0x2e, 0x7c, 0xff, 0x52, 0x38, 0x02, 0xff, 0x7f, 0x00, 0x00, 0x1d, 0x3b, 0x2e, 0x7c,
  0xff, 0x4e, 0x3a, 0x02, 0xff, 0x7f, 0x00, 0x00, 0x0f, 0x00, 0x85, 0xbf, 0x80, 0x00, 0x66, 0xdc,
  0x53, 0x14, 0x7c, 0x00, 0x04, 0x00, 0x66, 0xdc, 0x16, 0x1e, 0x7c, 0x00, 0x08, 0x00, 0x66, 0xdc,
  0x16, 0x1f, 0x7c, 0x00, 0x0c, 0x00, 0x66, 0xdc, 0x16, 0x20, 0x7c, 0x00, 0x10, 0x00, 0x66, 0xdc,
  0x16, 0x21, 0x7c, 0x00, 0x14, 0x00, 0x66, 0xdc, 0x16, 0x23, 0x7c, 0x00, 0x18, 0x00, 0x66, 0xdc,
  0x16, 0x22, 0x7c, 0x00, 0x1c, 0x00, 0x66, 0xdc, 0x16, 0x24, 0x7c, 0x00, 0x40, 0x00, 0x66, 0xdc,
  0x16, 0x26, 0x7c, 0x00, 0x44, 0x00, 0x66, 0xdc, 0x16, 0x28, 0x7c, 0x00, 0x48, 0x00, 0x66, 0xdc,
  0x16, 0x18, 0x7c, 0x00, 0x4c, 0x00, 0x66, 0xdc, 0x16, 0x19, 0x7c, 0x00, 0x50, 0x00, 0x66, 0xdc,
  0x16, 0x1a, 0x7c, 0x00, 0x54, 0x00, 0x66, 0xdc, 0x16, 0x1b, 0x7c, 0x00, 0x58, 0x00, 0x66, 0xdc,
  0x16, 0x1c, 0x7c, 0x00, 0x5c, 0x00, 0x66, 0xdc, 0x16, 0x1d, 0x7c, 0x00, 0x7e, 0x04, 0x7e, 0x8c,
  0x08, 0x9f, 0x02, 0x85, 0x03, 0x00, 0x60, 0xd7, 0xf8, 0x01, 0x01, 0x00, 0x08, 0x02, 0x02, 0x81,
  0x81, 0xea, 0x9a, 0x7c, 0x02, 0x86, 0x02, 0x84, 0x80, 0x02, 0x28, 0x7e, 0x03, 0x8b, 0x03, 0x84,
  0x02, 0xff, 0x02, 0x8b, 0x80, 0xff, 0xff, 0xff, 0x80, 0x02, 0x2c, 0x7e, 0x03, 0x02, 0x02, 0x81,
  0x99, 0x04, 0x87, 0xbf, 0x02, 0x9f, 0x03, 0x86, 0x02, 0x81, 0x82, 0x84, 0x07, 0xfc, 0x89, 0xbf,
  0x00, 0x02, 0x00, 0x80, 0x01, 0x03, 0x01, 0x82, 0x0a, 0x00, 0xa4, 0xbf, 0xf4, 0x04, 0x55, 0xdc,
  0x00, 0x00, 0x7c, 0x16, 0xf7, 0x03, 0x89, 0xbf, 0x16, 0x6a, 0x00, 0xd7, 0x00, 0x2c, 0x02, 0x00,
  0x01, 0x00, 0x87, 0xbf, 0x17, 0x7c, 0x20, 0xd5, 0x01, 0x2e, 0xaa, 0x01, 0x00, 0x00, 0x4a, 0xdc,
  0x16, 0x00, 0x7c, 0x16, 0x81, 0xf0, 0x9a, 0x7c, 0x0a, 0x00, 0xa4, 0xbf, 0xfc, 0x04, 0x55, 0xdc,
  0x00, 0x00, 0x7c, 0x17, 0xf7, 0x03, 0x89, 0xbf, 0x17, 0x6a, 0x00, 0xd7, 0x00, 0x2e, 0x02, 0x00,
  0x01, 0x00, 0x87, 0xbf, 0x18, 0x7c, 0x20, 0xd5, 0x01, 0x30, 0xaa, 0x01, 0x00, 0x00, 0x4a, 0xdc,
  0x17, 0x00, 0x7c, 0x14, 0x81, 0xac, 0x9b, 0x7c, 0x80, 0x00, 0x10, 0xca, 0x80, 0x00, 0x18, 0x17,
  0x0a, 0x00, 0xa4, 0xbf, 0x04, 0x05, 0x55, 0xdc, 0x00, 0x00, 0x7c, 0x18, 0xf7, 0x03, 0x89, 0xbf,
  0x18, 0x6a, 0x00, 0xd7, 0x00, 0x30, 0x02, 0x00, 0x01, 0x00, 0x87, 0xbf, 0x19, 0x7c, 0x20, 0xd5,
  0x01, 0x32, 0xaa, 0x01, 0x00, 0x00, 0x4a, 0xdc, 0x18, 0x00, 0x7c, 0x18, 0x81, 0xf6, 0x9a, 0x7c,
  0x0a, 0x00, 0xa4, 0xbf, 0x0c, 0x05, 0x55, 0xdc, 0x00, 0x00, 0x7c, 0x19, 0xf7, 0x03, 0x89, 0xbf,
  0x19, 0x6a, 0x00, 0xd7, 0x00, 0x32, 0x02, 0x00, 0x01, 0x00, 0x87, 0xbf, 0x1a, 0x7c, 0x20, 0xd5,
  0x01, 0x34, 0xaa, 0x01, 0x00, 0x00, 0x4a, 0xdc, 0x19, 0x00, 0x7c, 0x17, 0x81, 0xf8, 0x9a, 0x7c,
  0x80, 0x00, 0x10, 0xca, 0x80, 0x00, 0x1a, 0x19, 0x0a, 0x00, 0xa4, 0xbf, 0x14, 0x05, 0x55, 0xdc,
  0x00, 0x00, 0x7c, 0x1a, 0xf7, 0x03, 0x89, 0xbf, 0x1a, 0x6a, 0x00, 0xd7, 0x00, 0x34, 0x02, 0x00,
  0x01, 0x00, 0x87, 0xbf, 0x1b, 0x7c, 0x20, 0xd5, 0x01, 0x36, 0xaa, 0x01, 0x00, 0x00, 0x4a, 0xdc,
  0x1a, 0x00, 0x7c, 0x1a, 0x50, 0x03, 0x51, 0xdc, 0x00, 0x00, 0x7c, 0x1b, 0xf7, 0x03, 0x89, 0xbf,
  0x81, 0x36, 0x9a, 0x7c, 0x0a, 0x00, 0xa4, 0xbf, 0x1c, 0x05, 0x55, 0xdc, 0x00, 0x00, 0x7c, 0x1b,
  0xf7, 0x03, 0x89, 0xbf, 0x1b, 0x6a, 0x00, 0xd7, 0x00, 0x36, 0x02, 0x00, 0x01, 0x00, 0x87, 0xbf,
  0x1c, 0x7c, 0x20, 0xd5, 0x01, 0x38, 0xaa, 0x01, 0x00, 0x00, 0x4a, 0xdc, 0x1b, 0x00, 0x7c, 0x19,
  0x0c, 0x01, 0x51, 0xdc, 0x00, 0x00, 0x7c, 0x1b, 0x80, 0x02, 0x38, 0x7e, 0xf7, 0x03, 0x89, 0xbf,
  0x81, 0x36, 0x9a, 0x7c, 0x80, 0x02, 0x36, 0x7e, 0x0a, 0x00, 0xa4, 0xbf, 0x24, 0x05, 0x55, 0xdc,
  0x00, 0x00, 0x7c, 0x1c, 0xf7, 0x03, 0x89, 0xbf, 0x1c, 0x6a, 0x00, 0xd7, 0x00, 0x38, 0x02, 0x00,
  0x01, 0x00, 0x87, 0xbf, 0x1d, 0x7c, 0x20, 0xd5, 0x01, 0x3a, 0xaa, 0x01, 0x00, 0x00, 0x4a, 0xdc,
  0x1c, 0x00, 0x7c, 0x1c, 0x4c, 0x03, 0x51, 0xdc, 0x00, 0x00, 0x7c, 0x1d, 0xf7, 0x03, 0x89, 0xbf,
  0x81, 0x3a, 0x9a, 0x7c, 0x0a, 0x00, 0xa4, 0xbf, 0x2c, 0x05, 0x55, 0xdc, 0x00, 0x00, 0x7c, 0x1d,
  0xf7, 0x03, 0x89, 0xbf, 0x1d, 0x6a, 0x00, 0xd7, 0x00, 0x3a, 0x02, 0x00, 0x01, 0x00, 0x87, 0xbf,
  0x1e, 0x7c, 0x20, 0xd5, 0x01, 0x3c, 0xaa, 0x01, 0x00, 0x00, 0x4a, 0xdc, 0x1d, 0x00, 0x7c, 0x1b,
  0x48, 0x03, 0x51, 0xdc, 0x00, 0x00, 0x7c, 0x1d, 0x80, 0x02, 0x3c, 0x7e, 0xf7, 0x03, 0x89, 0xbf,
  0x81, 0x3a, 0x9a, 0x7c, 0x80, 0x02, 0x3a, 0x7e, 0x0a, 0x00, 0xa4, 0xbf, 0x34, 0x05, 0x55, 0xdc,
  0x00, 0x00, 0x7c, 0x1e, 0xf7, 0x03, 0x89, 0xbf, 0x1e, 0x6a, 0x00, 0xd7, 0x00, 0x3c, 0x02, 0x00,
  0x01, 0x00, 0x87, 0xbf, 0x1f, 0x7c, 0x20, 0xd5, 0x01, 0x3e, 0xaa, 0x01, 0x00, 0x00, 0x4a, 0xdc,
  0x1e, 0x00, 0x7c, 0x1e, 0x30, 0x00, 0x51, 0xdc, 0x00, 0x00, 0x7c, 0x1f, 0xf7, 0x03, 0x89, 0xbf,
  0x81, 0x3e, 0x9a, 0x7c, 0x0a, 0x00, 0xa4, 0xbf, 0x3c, 0x05, 0x55, 0xdc, 0x00, 0x00, 0x7c, 0x1f,
  0xf7, 0x03, 0x89, 0xbf, 0x1f, 0x6a, 0x00, 0xd7, 0x00, 0x3e, 0x02, 0x00, 0x01, 0x00, 0x87, 0xbf,
  0x20, 0x7c, 0x20, 0xd5, 0x01, 0x40, 0xaa, 0x01, 0x00, 0x00, 0x4a, 0xdc, 0x1f, 0x00, 0x7c, 0x1d,
  0x34, 0x00, 0x51, 0xdc, 0x00, 0x00, 0x7c, 0x1f, 0x80, 0x02, 0x40, 0x7e, 0xf7, 0x03, 0x89, 0xbf,
  0x81, 0x3e, 0x9a, 0x7c, 0x80, 0x02, 0x3e, 0x7e, 0x0a, 0x00, 0xa4, 0xbf, 0x44, 0x05, 0x55, 0xdc,
  0x00, 0x00, 0x7c, 0x20, 0xf7, 0x03, 0x89, 0xbf, 0x20, 0x6a, 0x00, 0xd7, 0x00, 0x40, 0x02, 0x00,
  0x01, 0x00, 0x87, 0xbf, 0x21, 0x7c, 0x20, 0xd5, 0x01, 0x42, 0xaa, 0x01, 0x00, 0x00, 0x4a, 0xdc,
  0x20, 0x00, 0x7c, 0x20, 0x38, 0x00, 0x51, 0xdc, 0x00, 0x00, 0x7c, 0x21, 0xf7, 0x03, 0x89, 0xbf,
  0x81, 0x42, 0x9a, 0x7c, 0x0a, 0x00, 0xa4, 0xbf, 0x4c, 0x05, 0x55, 0xdc, 0x00, 0x00, 0x7c, 0x21,
  0xf7, 0x03, 0x89, 0xbf, 0x21, 0x6a, 0x00, 0xd7, 0x00, 0x42, 0x02, 0x00, 0x01, 0x00, 0x87, 0xbf,
  0x22, 0x7c, 0x20, 0xd5, 0x01, 0x44, 0xaa, 0x01, 0x00, 0x00, 0x4a, 0xdc, 0x21, 0x00, 0x7c, 0x1f,
  0x3c, 0x00, 0x51, 0xdc, 0x00, 0x00, 0x7c, 0x21, 0x80, 0x02, 0x44, 0x7e, 0xf7, 0x03, 0x89, 0xbf,
  0x81, 0x42, 0x9a, 0x7c, 0x80, 0x02, 0x42, 0x7e, 0x0a, 0x00, 0xa4, 0xbf, 0x54, 0x05, 0x55, 0xdc,
  0x00, 0x00, 0x7c, 0x22, 0xf7, 0x03, 0x89, 0xbf, 0x22, 0x6a, 0x00, 0xd7, 0x00, 0x44, 0x02, 0x00,
  0x01, 0x00, 0x87, 0xbf, 0x23, 0x7c, 0x20, 0xd5, 0x01, 0x46, 0xaa, 0x01, 0x00, 0x00, 0x4a, 0xdc,
  0x22, 0x00, 0x7c, 0x22, 0x40, 0x00, 0x51, 0xdc, 0x00, 0x00, 0x7c, 0x23, 0xf7, 0x03, 0x89, 0xbf,
  0x81, 0x46, 0x9a, 0x7c, 0x0a, 0x00, 0xa4, 0xbf, 0x5c, 0x05, 0x55, 0xdc, 0x00, 0x00, 0x7c, 0x23,
  0xf7, 0x03, 0x89, 0xbf, 0x23, 0x6a, 0x00, 0xd7, 0x00, 0x46, 0x02, 0x00, 0x01, 0x00, 0x87, 0xbf,
  0x24, 0x7c, 0x20, 0xd5, 0x01, 0x48, 0xaa, 0x01, 0x00, 0x00, 0x4a, 0xdc, 0x23, 0x00, 0x7c, 0x21,
  0x44, 0x00, 0x51, 0xdc, 0x00, 0x00, 0x7c, 0x23, 0x80, 0x02, 0x48, 0x7e, 0xf7, 0x03, 0x89, 0xbf,
  0x81, 0x46, 0x9a, 0x7c, 0x80, 0x02, 0x46, 0x7e, 0x0a, 0x00, 0xa4, 0xbf, 0x64, 0x05, 0x55, 0xdc,
  0x00, 0x00, 0x7c, 0x24, 0xf7, 0x03, 0x89, 0xbf, 0x24, 0x6a, 0x00, 0xd7, 0x00, 0x48, 0x02, 0x00,
  0x01, 0x00, 0x87, 0xbf, 0x25, 0x7c, 0x20, 0xd5, 0x01, 0x4a, 0xaa, 0x01, 0x00, 0x00, 0x4a, 0xdc,
  0x24, 0x00, 0x7c, 0x24, 0x48, 0x00, 0x51, 0xdc, 0x00, 0x00, 0x7c, 0x25, 0xf7, 0x03, 0x89, 0xbf,
  0x81, 0x4a, 0x9a, 0x7c, 0x0a, 0x00, 0xa4, 0xbf, 0x6c, 0x05, 0x55, 0xdc, 0x00, 0x00, 0x7c, 0x25,
  0xf7, 0x03, 0x89, 0xbf, 0x25, 0x6a, 0x00, 0xd7, 0x00, 0x4a, 0x02, 0x00, 0x01, 0x00, 0x87, 0xbf,
  0x26, 0x7c, 0x20, 0xd5, 0x01, 0x4c, 0xaa, 0x01, 0x00, 0x00, 0x4a, 0xdc, 0x25, 0x00, 0x7c, 0x23,
  0x4c, 0x00, 0x51, 0xdc, 0x00, 0x00, 0x7c, 0x25, 0x80, 0x02, 0x4c, 0x7e, 0xf7, 0x03, 0x89, 0xbf,
  0x81, 0x4a, 0x9a, 0x7c, 0x80, 0x02, 0x4a, 0x7e, 0x0a, 0x00, 0xa4, 0xbf, 0x74, 0x05, 0x55, 0xdc,
  0x00, 0x00, 0x7c, 0x26, 0xf7, 0x03, 0x89, 0xbf, 0x26, 0x6a, 0x00, 0xd7, 0x00, 0x4c, 0x02, 0x00,
  0x01, 0x00, 0x87, 0xbf, 0x27, 0x7c, 0x20, 0xd5, 0x01, 0x4e, 0xaa, 0x01, 0x00, 0x00, 0x4a, 0xdc,
  0x26, 0x00, 0x7c, 0x26, 0x50, 0x00, 0x51, 0xdc, 0x00, 0x00, 0x7c, 0x27, 0xf7, 0x03, 0x89, 0xbf,
  0x81, 0x4e, 0x9a, 0x7c, 0x0a, 0x00, 0xa4, 0xbf, 0x7c, 0x05, 0x55, 0xdc, 0x00, 0x00, 0x7c, 0x27,
  0xf7, 0x03, 0x89, 0xbf, 0x27, 0x6a, 0x00, 0xd7, 0x00, 0x4e, 0x02, 0x00, 0x01, 0x00, 0x87, 0xbf,
  0x28, 0x7c, 0x20, 0xd5, 0x01, 0x50, 0xaa, 0x01, 0x00, 0x00, 0x4a, 0xdc, 0x27, 0x00, 0x7c, 0x25,
  0x54, 0x00, 0x51, 0xdc, 0x00, 0x00, 0x7c, 0x27, 0x80, 0x02, 0x50, 0x7e, 0xf7, 0x03, 0x89, 0xbf,
  0x81, 0x4e, 0x9a, 0x7c, 0x80, 0x02, 0x4e, 0x7e, 0x0a, 0x00, 0xa4, 0xbf, 0x84, 0x05, 0x55, 0xdc,
  0x00, 0x00, 0x7c, 0x28, 0xf7, 0x03, 0x89, 0xbf, 0x28, 0x6a, 0x00, 0xd7, 0x00, 0x50, 0x02, 0x00,
  0x01, 0x00, 0x87, 0xbf, 0x29, 0x7c, 0x20, 0xd5, 0x01, 0x52, 0xaa, 0x01, 0x00, 0x00, 0x4a, 0xdc,
  0x28, 0x00, 0x7c, 0x28, 0x58, 0x00, 0x51, 0xdc, 0x00, 0x00, 0x7c, 0x29, 0xf7, 0x03, 0x89, 0xbf,
  0x81, 0x52, 0x9a, 0x7c, 0x0a, 0x00, 0xa4, 0xbf, 0x8c, 0x05, 0x55, 0xdc, 0x00, 0x00, 0x7c, 0x29,
  0xf7, 0x03, 0x89, 0xbf, 0x29, 0x6a, 0x00, 0xd7, 0x00, 0x52, 0x02, 0x00, 0x01, 0x00, 0x87, 0xbf,
  0x2a, 0x7c, 0x20, 0xd5, 0x01, 0x54, 0xaa, 0x01, 0x00, 0x00, 0x4a, 0xdc, 0x29, 0x00, 0x7c, 0x27,
  0x5c, 0x00, 0x51, 0xdc, 0x00, 0x00, 0x7c, 0x29, 0x80, 0x02, 0x54, 0x7e, 0xf7, 0x03, 0x89, 0xbf,
  0x81, 0x52, 0x9a, 0x7c, 0x80, 0x02, 0x52, 0x7e, 0x0a, 0x00, 0xa4, 0xbf, 0x94, 0x05, 0x55, 0xdc,
  0x00, 0x00, 0x7c, 0x2a, 0xf7, 0x03, 0x89, 0xbf, 0x2a, 0x6a, 0x00, 0xd7, 0x00, 0x54, 0x02, 0x00,
  0x01, 0x00, 0x87, 0xbf, 0x2b, 0x7c, 0x20, 0xd5, 0x01, 0x56, 0xaa, 0x01, 0x00, 0x00, 0x4a, 0xdc,
  0x2a, 0x00, 0x7c, 0x2a, 0x60, 0x00, 0x51, 0xdc, 0x00, 0x00, 0x7c, 0x2b, 0xf7, 0x03, 0x89, 0xbf,
  0x81, 0x56, 0x9a, 0x7c, 0x0a, 0x00, 0xa4, 0xbf, 0x9c, 0x05, 0x55, 0xdc, 0x00, 0x00, 0x7c, 0x2b,
  0xf7, 0x03, 0x89, 0xbf, 0x2b, 0x6a, 0x00, 0xd7, 0x00, 0x56, 0x02, 0x00, 0x01, 0x00, 0x87, 0xbf,
  0x2c, 0x7c, 0x20, 0xd5, 0x01, 0x58, 0xaa, 0x01, 0x00, 0x00, 0x4a, 0xdc, 0x2b, 0x00, 0x7c, 0x29,
  0x64, 0x00, 0x51, 0xdc, 0x00, 0x00, 0x7c, 0x2b, 0x80, 0x02, 0x58, 0x7e, 0xf7, 0x03, 0x89, 0xbf,
  0x81, 0x56, 0x9a, 0x7c, 0x80, 0x02, 0x56, 0x7e, 0x0a, 0x00, 0xa4, 0xbf, 0xa4, 0x05, 0x55, 0xdc,
  0x00, 0x00, 0x7c, 0x2c, 0xf7, 0x03, 0x89, 0xbf, 0x2c, 0x6a, 0x00, 0xd7, 0x00, 0x58, 0x02, 0x00,
  0x01, 0x00, 0x87, 0xbf, 0x2d, 0x7c, 0x20, 0xd5, 0x01, 0x5a, 0xaa, 0x01, 0x00, 0x00, 0x4a, 0xdc,
  0x2c, 0x00, 0x7c, 0x2c, 0x68, 0x00, 0x51, 0xdc, 0x00, 0x00, 0x7c, 0x2d, 0xf7, 0x03, 0x89, 0xbf,
  0x81, 0x5a, 0x9a, 0x7c, 0x0a, 0x00, 0xa4, 0xbf, 0xac, 0x05, 0x55, 0xdc, 0x00, 0x00, 0x7c, 0x2d,
  0xf7, 0x03, 0x89, 0xbf, 0x2d, 0x6a, 0x00, 0xd7, 0x00, 0x5a, 0x02, 0x00, 0x01, 0x00, 0x87, 0xbf,
  0x2e, 0x7c, 0x20, 0xd5, 0x01, 0x5c, 0xaa, 0x01, 0x00, 0x00, 0x4a, 0xdc, 0x2d, 0x00, 0x7c, 0x2b,
  0x6c, 0x00, 0x51, 0xdc, 0x00, 0x00, 0x7c, 0x2d, 0x80, 0x02, 0x5c, 0x7e, 0xf7, 0x03, 0x89, 0xbf,
  0x81, 0x5a, 0x9a, 0x7c, 0x80, 0x02, 0x5a, 0x7e, 0x0a, 0x00, 0xa4, 0xbf, 0xb4, 0x05, 0x55, 0xdc,
  0x00, 0x00, 0x7c, 0x2e, 0xf7, 0x03, 0x89, 0xbf, 0x2e, 0x6a, 0x00, 0xd7, 0x00, 0x5c, 0x02, 0x00,
  0x01, 0x00, 0x87, 0xbf, 0x2f, 0x7c, 0x20, 0xd5, 0x01, 0x5e, 0xaa, 0x01, 0x00, 0x00, 0x4a, 0xdc,
  0x2e, 0x00, 0x7c, 0x2e, 0x70, 0x00, 0x51, 0xdc, 0x00, 0x00, 0x7c, 0x2f, 0xf7, 0x03, 0x89, 0xbf,
  0x81, 0x5e, 0x9a, 0x7c, 0x0a, 0x00, 0xa4, 0xbf, 0xbc, 0x05, 0x55, 0xdc, 0x00, 0x00, 0x7c, 0x2f,
  0xf7, 0x03, 0x89, 0xbf, 0x2f, 0x6a, 0x00, 0xd7, 0x00, 0x5e, 0x02, 0x00, 0x01, 0x00, 0x87, 0xbf,
  0x30, 0x7c, 0x20, 0xd5, 0x01, 0x60, 0xaa, 0x01, 0x00, 0x00, 0x4a, 0xdc, 0x2f, 0x00, 0x7c, 0x2d,
  0x74, 0x00, 0x51, 0xdc, 0x00, 0x00, 0x7c, 0x2f, 0x80, 0x02, 0x60, 0x7e, 0xf7, 0x03, 0x89, 0xbf,
  0x81, 0x5e, 0x9a, 0x7c, 0x80, 0x02, 0x5e, 0x7e, 0x0a, 0x00, 0xa4, 0xbf, 0xc4, 0x05, 0x55, 0xdc,
  0x00, 0x00, 0x7c, 0x30, 0xf7, 0x03, 0x89, 0xbf, 0x30, 0x6a, 0x00, 0xd7, 0x00, 0x60, 0x02, 0x00,
  0x01, 0x00, 0x87, 0xbf, 0x31, 0x7c, 0x20, 0xd5, 0x01, 0x62, 0xaa, 0x01, 0x00, 0x00, 0x4a, 0xdc,
  0x30, 0x00, 0x7c, 0x30, 0x78, 0x00, 0x51, 0xdc, 0x00, 0x00, 0x7c, 0x31, 0xf7, 0x03, 0x89, 0xbf,
  0x81, 0x62, 0x9a, 0x7c, 0x0a, 0x00, 0xa4, 0xbf, 0xcc, 0x05, 0x55, 0xdc, 0x00, 0x00, 0x7c, 0x31,
  0xf7, 0x03, 0x89, 0xbf, 0x31, 0x6a, 0x00, 0xd7, 0x00, 0x62, 0x02, 0x00, 0x01, 0x00, 0x87, 0xbf,
  0x32, 0x7c, 0x20, 0xd5, 0x01, 0x64, 0xaa, 0x01, 0x00, 0x00, 0x4a, 0xdc, 0x31, 0x00, 0x7c, 0x2f,
  0x7c, 0x00, 0x51, 0xdc, 0x00, 0x00, 0x7c, 0x31, 0x80, 0x02, 0x64, 0x7e, 0xf7, 0x03, 0x89, 0xbf,
  0x81, 0x62, 0x9a, 0x7c, 0x80, 0x02, 0x62, 0x7e, 0x0a, 0x00, 0xa4, 0xbf, 0xd4, 0x05, 0x55, 0xdc,
  0x00, 0x00, 0x7c, 0x32, 0xf7, 0x03, 0x89, 0xbf, 0x32, 0x6a, 0x00, 0xd7, 0x00, 0x64, 0x02, 0x00,
  0x01, 0x00, 0x87, 0xbf, 0x33, 0x7c, 0x20, 0xd5, 0x01, 0x66, 0xaa, 0x01, 0x00, 0x00, 0x4a, 0xdc,
  0x32, 0x00, 0x7c, 0x32, 0x80, 0x00, 0x51, 0xdc, 0x00, 0x00, 0x7c, 0x33, 0xf7, 0x03, 0x89, 0xbf,
  0x81, 0x66, 0x9a, 0x7c, 0x0a, 0x00, 0xa4, 0xbf, 0xdc, 0x05, 0x55, 0xdc, 0x00, 0x00, 0x7c, 0x33,
  0xf7, 0x03, 0x89, 0xbf, 0x33, 0x6a, 0x00, 0xd7, 0x00, 0x66, 0x02, 0x00, 0x01, 0x00, 0x87, 0xbf,
  0x34, 0x7c, 0x20, 0xd5, 0x01, 0x68, 0xaa, 0x01, 0x00, 0x00, 0x4a, 0xdc, 0x33, 0x00, 0x7c, 0x31,
  0x84, 0x00, 0x51, 0xdc, 0x00, 0x00, 0x7c, 0x33, 0x80, 0x02, 0x68, 0x7e, 0xf7, 0x03, 0x89, 0xbf,
  0x81, 0x66, 0x9a, 0x7c, 0x80, 0x02, 0x66, 0x7e, 0x0a, 0x00, 0xa4, 0xbf, 0xe4, 0x05, 0x55, 0xdc,
  0x00, 0x00, 0x7c, 0x34, 0xf7, 0x03, 0x89, 0xbf, 0x34, 0x6a, 0x00, 0xd7, 0x00, 0x68, 0x02, 0x00,
  0x01, 0x00, 0x87, 0xbf, 0x35, 0x7c, 0x20, 0xd5, 0x01, 0x6a, 0xaa, 0x01, 0x00, 0x00, 0x4a, 0xdc,
  0x34, 0x00, 0x7c, 0x34, 0x88, 0x00, 0x51, 0xdc, 0x00, 0x00, 0x7c, 0x35, 0xf7, 0x03, 0x89, 0xbf,
  0x81, 0x6a, 0x9a, 0x7c, 0x0a, 0x00, 0xa4, 0xbf, 0xec, 0x05, 0x55, 0xdc, 0x00, 0x00, 0x7c, 0x35,
  0xf7, 0x03, 0x89, 0xbf, 0x35, 0x6a, 0x00, 0xd7, 0x00, 0x6a, 0x02, 0x00, 0x01, 0x00, 0x87, 0xbf,
  0x36, 0x7c, 0x20, 0xd5, 0x01, 0x6c, 0xaa, 0x01, 0x00, 0x00, 0x4a, 0xdc, 0x35, 0x00, 0x7c, 0x33,
  0x8c, 0x00, 0x51, 0xdc, 0x00, 0x00, 0x7c, 0x35, 0x80, 0x02, 0x6c, 0x7e, 0xf7, 0x03, 0x89, 0xbf,
  0x81, 0x6a, 0x9a, 0x7c, 0x80, 0x02, 0x6a, 0x7e, 0x0a, 0x00, 0xa4, 0xbf, 0xf4, 0x05, 0x55, 0xdc,
  0x00, 0x00, 0x7c, 0x36, 0xf7, 0x03, 0x89, 0xbf, 0x36, 0x6a, 0x00, 0xd7, 0x00, 0x6c, 0x02, 0x00,
  0x01, 0x00, 0x87, 0xbf, 0x37, 0x7c, 0x20, 0xd5, 0x01, 0x6e, 0xaa, 0x01, 0x00, 0x00, 0x4a, 0xdc,
  0x36, 0x00, 0x7c, 0x36, 0x90, 0x00, 0x51, 0xdc, 0x00, 0x00, 0x7c, 0x37, 0xf7, 0x03, 0x89, 0xbf,
  0x81, 0x6e, 0x9a, 0x7c, 0x0a, 0x00, 0xa4, 0xbf, 0xfc, 0x05, 0x55, 0xdc, 0x00, 0x00, 0x7c, 0x37,
  0xf7, 0x03, 0x89, 0xbf, 0x37, 0x6a, 0x00, 0xd7, 0x00, 0x6e, 0x02, 0x00, 0x01, 0x00, 0x87, 0xbf,
  0x38, 0x7c, 0x20, 0xd5, 0x01, 0x70, 0xaa, 0x01, 0x00, 0x00, 0x4a, 0xdc, 0x37, 0x00, 0x7c, 0x35,
  0x94, 0x00, 0x51, 0xdc, 0x00, 0x00, 0x7c, 0x37, 0x80, 0x02, 0x70, 0x7e, 0xf7, 0x03, 0x89, 0xbf,
  0x81, 0x6e, 0x9a, 0x7c, 0x80, 0x02, 0x6e, 0x7e, 0x0a, 0x00, 0xa4, 0xbf, 0x04, 0x06, 0x55, 0xdc,
  0x00, 0x00, 0x7c, 0x38, 0xf7, 0x03, 0x89, 0xbf, 0x38, 0x6a, 0x00, 0xd7, 0x00, 0x70, 0x02, 0x00,
  0x01, 0x00, 0x87, 0xbf, 0x39, 0x7c, 0x20, 0xd5, 0x01, 0x72, 0xaa, 0x01, 0x00, 0x00, 0x4a, 0xdc,
  0x38, 0x00, 0x7c, 0x38, 0x98, 0x00, 0x51, 0xdc, 0x00, 0x00, 0x7c, 0x39, 0xf7, 0x03, 0x89, 0xbf,
  0x81, 0x72, 0x9a, 0x7c, 0x0a, 0x00, 0xa4, 0xbf, 0x0c, 0x06, 0x55, 0xdc, 0x00, 0x00, 0x7c, 0x39,
  0xf7, 0x03, 0x89, 0xbf, 0x39, 0x6a, 0x00, 0xd7, 0x00, 0x72, 0x02, 0x00, 0x01, 0x00, 0x87, 0xbf,
  0x3a, 0x7c, 0x20, 0xd5, 0x01, 0x74, 0xaa, 0x01, 0x00, 0x00, 0x4a, 0xdc, 0x39, 0x00, 0x7c, 0x37,
  0x9c, 0x00, 0x51, 0xdc, 0x00, 0x00, 0x7c, 0x39, 0x80, 0x02, 0x74, 0x7e, 0xf7, 0x03, 0x89, 0xbf,
  0x81, 0x72, 0x9a, 0x7c, 0x80, 0x02, 0x72, 0x7e, 0x0a, 0x00, 0xa4, 0xbf, 0x14, 0x06, 0x55, 0xdc,
  0x00, 0x00, 0x7c, 0x3a, 0xf7, 0x03, 0x89, 0xbf, 0x3a, 0x6a, 0x00, 0xd7, 0x00, 0x74, 0x02, 0x00,
  0x01, 0x00, 0x87, 0xbf, 0x3b, 0x7c, 0x20, 0xd5, 0x01, 0x76, 0xaa, 0x01, 0x00, 0x00, 0x4a, 0xdc,
  0x3a, 0x00, 0x7c, 0x3a, 0xa0, 0x00, 0x51, 0xdc, 0x00, 0x00, 0x7c, 0x3b, 0xf7, 0x03, 0x89, 0xbf,
  0x81, 0x76, 0x9a, 0x7c, 0x0a, 0x00, 0xa4, 0xbf, 0x1c, 0x06, 0x55, 0xdc, 0x00, 0x00, 0x7c, 0x3b,
  0xf7, 0x03, 0x89, 0xbf, 0x3b, 0x6a, 0x00, 0xd7, 0x00, 0x76, 0x02, 0x00, 0x01, 0x00, 0x87, 0xbf,
  0x3c, 0x7c, 0x20, 0xd5, 0x01, 0x78, 0xaa, 0x01, 0x00, 0x00, 0x4a, 0xdc, 0x3b, 0x00, 0x7c, 0x39,
  0xa4, 0x00, 0x51, 0xdc, 0x00, 0x00, 0x7c, 0x3b, 0x80, 0x02, 0x78, 0x7e, 0xf7, 0x03, 0x89, 0xbf,
  0x81, 0x76, 0x9a, 0x7c, 0x80, 0x02, 0x76, 0x7e, 0x0a, 0x00, 0xa4, 0xbf, 0x24, 0x06, 0x55, 0xdc,
  0x00, 0x00, 0x7c, 0x3c, 0xf7, 0x03, 0x89, 0xbf, 0x3c, 0x6a, 0x00, 0xd7, 0x00, 0x78, 0x02, 0x00,
  0x01, 0x00, 0x87, 0xbf, 0x3d, 0x7c, 0x20, 0xd5, 0x01, 0x7a, 0xaa, 0x01, 0x00, 0x00, 0x4a, 0xdc,
  0x3c, 0x00, 0x7c, 0x3c, 0xa8, 0x00, 0x51, 0xdc, 0x00, 0x00, 0x7c, 0x3d, 0xf7, 0x03, 0x89, 0xbf,
  0x81, 0x7a, 0x9a, 0x7c, 0x0a, 0x00, 0xa4, 0xbf, 0x2c, 0x06, 0x55, 0xdc, 0x00, 0x00, 0x7c, 0x3d,
  0xf7, 0x03, 0x89, 0xbf, 0x3d, 0x6a, 0x00, 0xd7, 0x00, 0x7a, 0x02, 0x00, 0x01, 0x00, 0x87, 0xbf,
  0x3e, 0x7c, 0x20, 0xd5, 0x01, 0x7c, 0xaa, 0x01, 0x00, 0x00, 0x4a, 0xdc, 0x3d, 0x00, 0x7c, 0x3b,
  0xac, 0x00, 0x51, 0xdc, 0x00, 0x00, 0x7c, 0x3d, 0x80, 0x02, 0x7c, 0x7e, 0xf7, 0x03, 0x89, 0xbf,
  0x81, 0x7a, 0x9a, 0x7c, 0x80, 0x02, 0x7a, 0x7e, 0x0a, 0x00, 0xa4, 0xbf, 0x34, 0x06, 0x55, 0xdc,
  0x00, 0x00, 0x7c, 0x3e, 0xf7, 0x03, 0x89, 0xbf, 0x3e, 0x6a, 0x00, 0xd7, 0x00, 0x7c, 0x02, 0x00,
  0x01, 0x00, 0x87, 0xbf, 0x3f, 0x7c, 0x20, 0xd5, 0x01, 0x7e, 0xaa, 0x01, 0x00, 0x00, 0x4a, 0xdc,
  0x3e, 0x00, 0x7c, 0x3e, 0xb0, 0x00, 0x51, 0xdc, 0x00, 0x00, 0x7c, 0x3f, 0xf7, 0x03, 0x89, 0xbf,
  0x81, 0x7e, 0x9a, 0x7c, 0x0a, 0x00, 0xa4, 0xbf, 0x3c, 0x06, 0x55, 0xdc, 0x00, 0x00, 0x7c, 0x3f,
  0xf7, 0x03, 0x89, 0xbf, 0x3f, 0x6a, 0x00, 0xd7, 0x00, 0x7e, 0x02, 0x00, 0x01, 0x00, 0x87, 0xbf,
  0x40, 0x7c, 0x20, 0xd5, 0x01, 0x80, 0xaa, 0x01, 0x00, 0x00, 0x4a, 0xdc, 0x3f, 0x00, 0x7c, 0x3d,
  0xb4, 0x00, 0x51, 0xdc, 0x00, 0x00, 0x7c, 0x3f, 0x80, 0x02, 0x80, 0x7e, 0xf7, 0x03, 0x89, 0xbf,
  0x81, 0x7e, 0x9a, 0x7c, 0x80, 0x02, 0x7e, 0x7e, 0x0a, 0x00, 0xa4, 0xbf, 0x44, 0x06, 0x55, 0xdc,
  0x00, 0x00, 0x7c, 0x40, 0xf7, 0x03, 0x89, 0xbf, 0x40, 0x6a, 0x00, 0xd7, 0x00, 0x80, 0x02, 0x00,
  0x01, 0x00, 0x87, 0xbf, 0x41, 0x7c, 0x20, 0xd5, 0x01, 0x82, 0xaa, 0x01, 0x00, 0x00, 0x4a, 0xdc,
  0x40, 0x00, 0x7c, 0x40, 0xbc, 0x00, 0x51, 0xdc, 0x00, 0x00, 0x7c, 0x41, 0xf7, 0x03, 0x89, 0xbf,
  0x81, 0x82, 0x9a, 0x7c, 0x0a, 0x00, 0xa4, 0xbf, 0x4c, 0x06, 0x55, 0xdc, 0x00, 0x00, 0x7c, 0x41,
  0xf7, 0x03, 0x89, 0xbf, 0x41, 0x6a, 0x00, 0xd7, 0x00, 0x82, 0x02, 0x00, 0x01, 0x00, 0x87, 0xbf,
  0x42, 0x7c, 0x20, 0xd5, 0x01, 0x84, 0xaa, 0x01, 0x00, 0x00, 0x4a, 0xdc, 0x41, 0x00, 0x7c, 0x3f,
  0xc0, 0x00, 0x51, 0xdc, 0x00, 0x00, 0x7c, 0x41, 0x80, 0x02, 0x84, 0x7e, 0xf7, 0x03, 0x89, 0xbf,
  0x81, 0x82, 0x9a, 0x7c, 0x80, 0x02, 0x82, 0x7e, 0x0a, 0x00, 0xa4, 0xbf, 0x54, 0x06, 0x55, 0xdc,
  0x00, 0x00, 0x7c, 0x42, 0xf7, 0x03, 0x89, 0xbf, 0x42, 0x6a, 0x00, 0xd7, 0x00, 0x84, 0x02, 0x00,
  0x01, 0x00, 0x87, 0xbf, 0x43, 0x7c, 0x20, 0xd5, 0x01, 0x86, 0xaa, 0x01, 0x00, 0x00, 0x4a, 0xdc,
  0x42, 0x00, 0x7c, 0x42, 0xc4, 0x00, 0x51, 0xdc, 0x00, 0x00, 0x7c, 0x43, 0xf7, 0x03, 0x89, 0xbf,
  0x81, 0x86, 0x9a, 0x7c, 0x0a, 0x00, 0xa4, 0xbf, 0x5c, 0x06, 0x55, 0xdc, 0x00, 0x00, 0x7c, 0x43,
  0xf7, 0x03, 0x89, 0xbf, 0x43, 0x6a, 0x00, 0xd7, 0x00, 0x86, 0x02, 0x00, 0x01, 0x00, 0x87, 0xbf,
  0x44, 0x7c, 0x20, 0xd5, 0x01, 0x88, 0xaa, 0x01, 0x00, 0x00, 0x4a, 0xdc, 0x43, 0x00, 0x7c, 0x41,
  0xc8, 0x00, 0x51, 0xdc, 0x00, 0x00, 0x7c, 0x43, 0x80, 0x02, 0x88, 0x7e, 0xf7, 0x03, 0x89, 0xbf,
  0x81, 0x86, 0x9a, 0x7c, 0x80, 0x02, 0x86, 0x7e, 0x0a, 0x00, 0xa4, 0xbf, 0x64, 0x06, 0x55, 0xdc,
  0x00, 0x00, 0x7c, 0x44, 0xf7, 0x03, 0x89, 0xbf, 0x44, 0x6a, 0x00, 0xd7, 0x00, 0x88, 0x02, 0x00,
  0x01, 0x00, 0x87, 0xbf, 0x45, 0x7c, 0x20, 0xd5, 0x01, 0x8a, 0xaa, 0x01, 0x00, 0x00, 0x4a, 0xdc,
  0x44, 0x00, 0x7c, 0x44, 0xcc, 0x00, 0x51, 0xdc, 0x00, 0x00, 0x7c, 0x45, 0xf7, 0x03, 0x89, 0xbf,
  0x81, 0x8a, 0x9a, 0x7c, 0x0a, 0x00, 0xa4, 0xbf, 0x6c, 0x06, 0x55, 0xdc, 0x00, 0x00, 0x7c, 0x45,
  0xf7, 0x03, 0x89, 0xbf, 0x45, 0x6a, 0x00, 0xd7, 0x00, 0x8a, 0x02, 0x00, 0x01, 0x00, 0x87, 0xbf,
  0x46, 0x7c, 0x20, 0xd5, 0x01, 0x8c, 0xaa, 0x01, 0x00, 0x00, 0x4a, 0xdc, 0x45, 0x00, 0x7c, 0x43,
  0xd0, 0x00, 0x51, 0xdc, 0x00, 0x00, 0x7c, 0x45, 0x80, 0x02, 0x8c, 0x7e, 0xf7, 0x03, 0x89, 0xbf,
  0x81, 0x8a, 0x9a, 0x7c, 0x80, 0x02, 0x8a, 0x7e, 0x0a, 0x00, 0xa4, 0xbf, 0x74, 0x06, 0x55, 0xdc,
  0x00, 0x00, 0x7c, 0x46, 0xf7, 0x03, 0x89, 0xbf, 0x46, 0x6a, 0x00, 0xd7, 0x00, 0x8c, 0x02, 0x00,
  0x01, 0x00, 0x87, 0xbf, 0x47, 0x7c, 0x20, 0xd5, 0x01, 0x8e, 0xaa, 0x01, 0x00, 0x00, 0x4a, 0xdc,
  0x46, 0x00, 0x7c, 0x46, 0xd4, 0x00, 0x51, 0xdc, 0x00, 0x00, 0x7c, 0x47, 0xf7, 0x03, 0x89, 0xbf,
  0x81, 0x8e, 0x9a, 0x7c, 0x0a, 0x00, 0xa4, 0xbf, 0x7c, 0x06, 0x55, 0xdc, 0x00, 0x00, 0x7c, 0x47,
  0xf7, 0x03, 0x89, 0xbf, 0x47, 0x6a, 0x00, 0xd7, 0x00, 0x8e, 0x02, 0x00, 0x01, 0x00, 0x87, 0xbf,
  0x48, 0x7c, 0x20, 0xd5, 0x01, 0x90, 0xaa, 0x01, 0x00, 0x00, 0x4a, 0xdc, 0x47, 0x00, 0x7c, 0x45,
  0xdc, 0x00, 0x51, 0xdc, 0x00, 0x00, 0x7c, 0x47, 0x80, 0x02, 0x90, 0x7e, 0xf7, 0x03, 0x89, 0xbf,
  0x81, 0x8e, 0x9a, 0x7c, 0x80, 0x02, 0x8e, 0x7e, 0x0a, 0x00, 0xa4, 0xbf, 0x84, 0x06, 0x55, 0xdc,
  0x00, 0x00, 0x7c, 0x48, 0xf7, 0x03, 0x89, 0xbf, 0x48, 0x6a, 0x00, 0xd7, 0x00, 0x90, 0x02, 0x00,
  0x01, 0x00, 0x87, 0xbf, 0x49, 0x7c, 0x20, 0xd5, 0x01, 0x92, 0xaa, 0x01, 0x00, 0x00, 0x4a, 0xdc,
  0x48, 0x00, 0x7c, 0x48, 0xe0, 0x00, 0x51, 0xdc, 0x00, 0x00, 0x7c, 0x49, 0xf7, 0x03, 0x89, 0xbf,
  0x81, 0x92, 0x9a, 0x7c, 0x0a, 0x00, 0xa4, 0xbf, 0x8c, 0x06, 0x55, 0xdc, 0x00, 0x00, 0x7c, 0x49,
  0xf7, 0x03, 0x89, 0xbf, 0x49, 0x6a, 0x00, 0xd7, 0x00, 0x92, 0x02, 0x00, 0x01, 0x00, 0x87, 0xbf,
  0x4a, 0x7c, 0x20, 0xd5, 0x01, 0x94, 0xaa, 0x01, 0x00, 0x00, 0x4a, 0xdc, 0x49, 0x00, 0x7c, 0x47,
  0xe4, 0x00, 0x51, 0xdc, 0x00, 0x00, 0x7c, 0x49, 0x80, 0x02, 0x94, 0x7e, 0xf7, 0x03, 0x89, 0xbf,
  0x81, 0x92, 0x9a, 0x7c, 0x80, 0x02, 0x92, 0x7e, 0x0a, 0x00, 0xa4, 0xbf, 0x94, 0x06, 0x55, 0xdc,
  0x00, 0x00, 0x7c, 0x4a, 0xf7, 0x03, 0x89, 0xbf, 0x4a, 0x6a, 0x00, 0xd7, 0x00, 0x94, 0x02, 0x00,
  0x01, 0x00, 0x87, 0xbf, 0x4b, 0x7c, 0x20, 0xd5, 0x01, 0x96, 0xaa, 0x01, 0x00, 0x00, 0x4a, 0xdc,
  0x4a, 0x00, 0x7c, 0x4a, 0xe8, 0x00, 0x51, 0xdc, 0x00, 0x00, 0x7c, 0x4b, 0xf7, 0x03, 0x89, 0xbf,
  0x81, 0x96, 0x9a, 0x7c, 0x0a, 0x00, 0xa4, 0xbf, 0x9c, 0x06, 0x55, 0xdc, 0x00, 0x00, 0x7c, 0x4b,
  0xf7, 0x03, 0x89, 0xbf, 0x4b, 0x6a, 0x00, 0xd7, 0x00, 0x96, 0x02, 0x00, 0x01, 0x00, 0x87, 0xbf,
  0x4c, 0x7c, 0x20, 0xd5, 0x01, 0x98, 0xaa, 0x01, 0x00, 0x00, 0x4a, 0xdc, 0x4b, 0x00, 0x7c, 0x49,
  0xec, 0x00, 0x51, 0xdc, 0x00, 0x00, 0x7c, 0x4b, 0x80, 0x02, 0x98, 0x7e, 0xf7, 0x03, 0x89, 0xbf,
  0x81, 0x96, 0x9a, 0x7c, 0x80, 0x02, 0x96, 0x7e, 0x0a, 0x00, 0xa4, 0xbf, 0xa4, 0x06, 0x55, 0xdc,
  0x00, 0x00, 0x7c, 0x4c, 0xf7, 0x03, 0x89, 0xbf, 0x4c, 0x6a, 0x00, 0xd7, 0x00, 0x98, 0x02, 0x00,
  0x01, 0x00, 0x87, 0xbf, 0x4d, 0x7c, 0x20, 0xd5, 0x01, 0x9a, 0xaa, 0x01, 0x00, 0x00, 0x4a, 0xdc,
  0x4c, 0x00, 0x7c, 0x4c, 0xf4, 0x00, 0x51, 0xdc, 0x00, 0x00, 0x7c, 0x4d, 0xf7, 0x03, 0x89, 0xbf,
  0x81, 0x9a, 0x9a, 0x7c, 0x0a, 0x00, 0xa4, 0xbf, 0xac, 0x06, 0x55, 0xdc, 0x00, 0x00, 0x7c, 0x4d,
  0xf7, 0x03, 0x89, 0xbf, 0x4d, 0x6a, 0x00, 0xd7, 0x00, 0x9a, 0x02, 0x00, 0x01, 0x00, 0x87, 0xbf,
  0x4e, 0x7c, 0x20, 0xd5, 0x01, 0x9c, 0xaa, 0x01, 0x00, 0x00, 0x4a, 0xdc, 0x4d, 0x00, 0x7c, 0x4b,
  0xf8, 0x00, 0x51, 0xdc, 0x00, 0x00, 0x7c, 0x4d, 0x80, 0x02, 0x9c, 0x7e, 0xf7, 0x03, 0x89, 0xbf,
  0x81, 0x9a, 0x9a, 0x7c, 0x80, 0x02, 0x9a, 0x7e, 0x0a, 0x00, 0xa4, 0xbf, 0xb4, 0x06, 0x55, 0xdc,
  0x00, 0x00, 0x7c, 0x4e, 0xf7, 0x03, 0x89, 0xbf, 0x4e, 0x6a, 0x00, 0xd7, 0x00, 0x9c, 0x02, 0x00,
  0x01, 0x00, 0x87, 0xbf, 0x4f, 0x7c, 0x20, 0xd5, 0x01, 0x9e, 0xaa, 0x01, 0x00, 0x00, 0x4a, 0xdc,
  0x4e, 0x00, 0x7c, 0x4e, 0x00, 0x01, 0x51, 0xdc, 0x00, 0x00, 0x7c, 0x4f, 0xf7, 0x03, 0x89, 0xbf,
  0x81, 0x9e, 0x9a, 0x7c, 0x0a, 0x00, 0xa4, 0xbf, 0xbc, 0x06, 0x55, 0xdc, 0x00, 0x00, 0x7c, 0x4f,
  0xf7, 0x03, 0x89, 0xbf, 0x4f, 0x6a, 0x00, 0xd7, 0x00, 0x9e, 0x02, 0x00, 0x01, 0x00, 0x87, 0xbf,
  0x50, 0x7c, 0x20, 0xd5, 0x01, 0xa0, 0xaa, 0x01, 0x00, 0x00, 0x4a, 0xdc, 0x4f, 0x00, 0x7c, 0x4d,
  0x04, 0x01, 0x51, 0xdc, 0x00, 0x00, 0x7c, 0x4f, 0x80, 0x02, 0xa0, 0x7e, 0xf7, 0x03, 0x89, 0xbf,
  0x81, 0x9e, 0x9a, 0x7c, 0x80, 0x02, 0x9e, 0x7e, 0x0a, 0x00, 0xa4, 0xbf, 0xc4, 0x06, 0x55, 0xdc,
  0x00, 0x00, 0x7c, 0x50, 0xf7, 0x03, 0x89, 0xbf, 0x50, 0x6a, 0x00, 0xd7, 0x00, 0xa0, 0x02, 0x00,
  0x01, 0x00, 0x87, 0xbf, 0x51, 0x7c, 0x20, 0xd5, 0x01, 0xa2, 0xaa, 0x01, 0x00, 0x00, 0x4a, 0xdc,
  0x50, 0x00, 0x7c, 0x50, 0x08, 0x01, 0x51, 0xdc, 0x00, 0x00, 0x7c, 0x51, 0xf7, 0x03, 0x89, 0xbf,
  0x81, 0xa2, 0x9a, 0x7c, 0x0a, 0x00, 0xa4, 0xbf, 0xcc, 0x06, 0x55, 0xdc, 0x00, 0x00, 0x7c, 0x51,
  0xf7, 0x03, 0x89, 0xbf, 0x51, 0x6a, 0x00, 0xd7, 0x00, 0xa2, 0x02, 0x00, 0x01, 0x00, 0x87, 0xbf,
  0x52, 0x7c, 0x20, 0xd5, 0x01, 0xa4, 0xaa, 0x01, 0x00, 0x00, 0x4a, 0xdc, 0x51, 0x00, 0x7c, 0x4f,
  0xfc, 0x00, 0x51, 0xdc, 0x00, 0x00, 0x7c, 0x51, 0x80, 0x02, 0xa4, 0x7e, 0xf7, 0x03, 0x89, 0xbf,
  0x81, 0xa2, 0x9a, 0x7c, 0x80, 0x02, 0xa2, 0x7e, 0x0a, 0x00, 0xa4, 0xbf, 0xd4, 0x06, 0x55, 0xdc,
  0x00, 0x00, 0x7c, 0x52, 0xf7, 0x03, 0x89, 0xbf, 0x52, 0x6a, 0x00, 0xd7, 0x00, 0xa4, 0x02, 0x00,
  0x01, 0x00, 0x87, 0xbf, 0x53, 0x7c, 0x20, 0xd5, 0x01, 0xa6, 0xaa, 0x01, 0x00, 0x00, 0x4a, 0xdc,
  0x52, 0x00, 0x7c, 0x52, 0xd8, 0x00, 0x51, 0xdc, 0x00, 0x00, 0x7c, 0x53, 0xf7, 0x03, 0x89, 0xbf,
  0x81, 0xa6, 0x9a, 0x7c, 0x0a, 0x00, 0xa4, 0xbf, 0xdc, 0x06, 0x55, 0xdc, 0x00, 0x00, 0x7c, 0x53,
  0xf7, 0x03, 0x89, 0xbf, 0x53, 0x6a, 0x00, 0xd7, 0x00, 0xa6, 0x02, 0x00, 0x01, 0x00, 0x87, 0xbf,
  0x54, 0x7c, 0x20, 0xd5, 0x01, 0xa8, 0xaa, 0x01, 0x00, 0x00, 0x4a, 0xdc, 0x53, 0x00, 0x7c, 0x51,
  0xb8, 0x00, 0x51, 0xdc, 0x00, 0x00, 0x7c, 0x53, 0x80, 0x02, 0xa8, 0x7e, 0xf7, 0x03, 0x89, 0xbf,
  0x81, 0xa6, 0x9a, 0x7c, 0x80, 0x02, 0xa6, 0x7e, 0x0a, 0x00, 0xa4, 0xbf, 0xe4, 0x06, 0x55, 0xdc,
  0x00, 0x00, 0x7c, 0x54, 0xf7, 0x03, 0x89, 0xbf, 0x54, 0x6a, 0x00, 0xd7, 0x00, 0xa8, 0x02, 0x00,
  0x01, 0x00, 0x87, 0xbf, 0x55, 0x7c, 0x20, 0xd5, 0x01, 0xaa, 0xaa, 0x01, 0x00, 0x00, 0x4a, 0xdc,
  0x54, 0x00, 0x7c, 0x54, 0x54, 0x03, 0x51, 0xdc, 0x00, 0x00, 0x7c, 0x55, 0xf7, 0x03, 0x89, 0xbf,
  0x81, 0xaa, 0x9a, 0x7c, 0x0a, 0x00, 0xa4, 0xbf, 0xec, 0x06, 0x55, 0xdc, 0x00, 0x00, 0x7c, 0x55,
  0xf7, 0x03, 0x89, 0xbf, 0x55, 0x6a, 0x00, 0xd7, 0x00, 0xaa, 0x02, 0x00, 0x01, 0x00, 0x87, 0xbf,
  0x56, 0x7c, 0x20, 0xd5, 0x01, 0xac, 0xaa, 0x01, 0x00, 0x00, 0x4a, 0xdc, 0x55, 0x00, 0x7c, 0x53,
  0x81, 0xea, 0x9a, 0x7c, 0xf7, 0x03, 0x89, 0xbf, 0x00, 0x00, 0x7c, 0xbc, 0x00, 0x00, 0xbd, 0xbf,
  0x00, 0x00, 0xac, 0xe0, 0x00, 0x00, 0x00, 0x00, 0x00, 0x00, 0x7c, 0xd8, 0xf7, 0x16, 0x00, 0x00,
  0x80, 0x00, 0x7c, 0xd8, 0xf7, 0x14, 0x00, 0x00, 0x00, 0x01, 0x7c, 0xd8, 0xf7, 0x18, 0x00, 0x00,
  0x80, 0x01, 0x7c, 0xd8, 0xf7, 0x17, 0x00, 0x00, 0x00, 0x02, 0x7c, 0xd8, 0xf7, 0x1a, 0x00, 0x00,
  0x80, 0x02, 0x7c, 0xd8, 0xf7, 0x19, 0x00, 0x00, 0x00, 0x03, 0x7c, 0xd8, 0xf7, 0x1c, 0x00, 0x00,
  0x80, 0x03, 0x7c, 0xd8, 0xf7, 0x1b, 0x00, 0x00, 0x00, 0x04, 0x7c, 0xd8, 0xf7, 0x1e, 0x00, 0x00,
  0x80, 0x04, 0x7c, 0xd8, 0xf7, 0x1d, 0x00, 0x00, 0x00, 0x05, 0x7c, 0xd8, 0xf7, 0x20, 0x00, 0x00,
  0x80, 0x05, 0x7c, 0xd8, 0xf7, 0x1f, 0x00, 0x00, 0x00, 0x06, 0x7c, 0xd8, 0xf7, 0x22, 0x00, 0x00,
  0x80, 0x06, 0x7c, 0xd8, 0xf7, 0x21, 0x00, 0x00, 0x00, 0x07, 0x7c, 0xd8, 0xf7, 0x24, 0x00, 0x00,
  0x80, 0x07, 0x7c, 0xd8, 0xf7, 0x23, 0x00, 0x00, 0x00, 0x08, 0x7c, 0xd8, 0xf7, 0x26, 0x00, 0x00,
  0x80, 0x08, 0x7c, 0xd8, 0xf7, 0x25, 0x00, 0x00, 0x00, 0x09, 0x7c, 0xd8, 0xf7, 0x28, 0x00, 0x00,
  0x80, 0x09, 0x7c, 0xd8, 0xf7, 0x27, 0x00, 0x00, 0x00, 0x0a, 0x7c, 0xd8, 0xf7, 0x2a, 0x00, 0x00,
  0x80, 0x0a, 0x7c, 0xd8, 0xf7, 0x29, 0x00, 0x00, 0x00, 0x0b, 0x7c, 0xd8, 0xf7, 0x2c, 0x00, 0x00,
  0x80, 0x0b, 0x7c, 0xd8, 0xf7, 0x2b, 0x00, 0x00, 0x00, 0x0c, 0x7c, 0xd8, 0xf7, 0x2e, 0x00, 0x00,
  0x80, 0x0c, 0x7c, 0xd8, 0xf7, 0x2d, 0x00, 0x00, 0x00, 0x0d, 0x7c, 0xd8, 0xf7, 0x30, 0x00, 0x00,
  0x80, 0x0d, 0x7c, 0xd8, 0xf7, 0x2f, 0x00, 0x00, 0x00, 0x0e, 0x7c, 0xd8, 0xf7, 0x32, 0x00, 0x00,
  0x80, 0x0e, 0x7c, 0xd8, 0xf7, 0x31, 0x00, 0x00, 0x00, 0x0f, 0x7c, 0xd8, 0xf7, 0x34, 0x00, 0x00,
  0x80, 0x0f, 0x7c, 0xd8, 0xf7, 0x33, 0x00, 0x00, 0x00, 0x10, 0x7c, 0xd8, 0xf7, 0x36, 0x00, 0x00,
  0x80, 0x10, 0x7c, 0xd8, 0xf7, 0x35, 0x00, 0x00, 0x00, 0x11, 0x7c, 0xd8, 0xf7, 0x38, 0x00, 0x00,
  0x80, 0x11, 0x7c, 0xd8, 0xf7, 0x37, 0x00, 0x00, 0x00, 0x12, 0x7c, 0xd8, 0xf7, 0x3a, 0x00, 0x00,
  0x80, 0x12, 0x7c, 0xd8, 0xf7, 0x39, 0x00, 0x00, 0x00, 0x13, 0x7c, 0xd8, 0xf7, 0x3c, 0x00, 0x00,
  0x80, 0x13, 0x7c, 0xd8, 0xf7, 0x3b, 0x00, 0x00, 0x00, 0x14, 0x7c, 0xd8, 0xf7, 0x3e, 0x00, 0x00,
  0x80, 0x14, 0x7c, 0xd8, 0xf7, 0x3d, 0x00, 0x00, 0x00, 0x15, 0x7c, 0xd8, 0xf7, 0x40, 0x00, 0x00,
  0x80, 0x15, 0x7c, 0xd8, 0xf7, 0x3f, 0x00, 0x00, 0x00, 0x16, 0x7c, 0xd8, 0xf7, 0x42, 0x00, 0x00,
  0x80, 0x16, 0x7c, 0xd8, 0xf7, 0x41, 0x00, 0x00, 0x00, 0x17, 0x7c, 0xd8, 0xf7, 0x44, 0x00, 0x00,
  0x80, 0x17, 0x7c, 0xd8, 0xf7, 0x43, 0x00, 0x00, 0x80, 0x02, 0x28, 0x7e, 0x80, 0x02, 0x2c, 0x7e,
  0x7e, 0x6a, 0x6a, 0x8b, 0x00, 0x18, 0x7c, 0xd8, 0xf7, 0x46, 0x00, 0x00, 0x80, 0x18, 0x7c, 0xd8,
  0xf7, 0x45, 0x00, 0x00, 0x00, 0x19, 0x7c, 0xd8, 0xf7, 0x48, 0x00, 0x00, 0x80, 0x19, 0x7c, 0xd8,
  0xf7, 0x47, 0x00, 0x00, 0x00, 0x1a, 0x7c, 0xd8, 0xf7, 0x4a, 0x00, 0x00, 0x80, 0x1a, 0x7c, 0xd8,
  0xf7, 0x49, 0x00, 0x00, 0x00, 0x1b, 0x7c, 0xd8, 0xf7, 0x4c, 0x00, 0x00, 0x80, 0x1b, 0x7c, 0xd8,
  0xf7, 0x4b, 0x00, 0x00, 0x00, 0x1c, 0x7c, 0xd8, 0xf7, 0x4e, 0x00, 0x00, 0x80, 0x1c, 0x7c, 0xd8,
  0xf7, 0x4d, 0x00, 0x00, 0x00, 0x1d, 0x7c, 0xd8, 0xf7, 0x50, 0x00, 0x00, 0x80, 0x1d, 0x7c, 0xd8,
  0xf7, 0x4f, 0x00, 0x00, 0x00, 0x1e, 0x7c, 0xd8, 0xf7, 0x52, 0x00, 0x00, 0x80, 0x1e, 0x7c, 0xd8,
  0xf7, 0x51, 0x00, 0x00, 0x00, 0x1f, 0x7c, 0xd8, 0xf7, 0x54, 0x00, 0x00, 0x80, 0x1f, 0x7c, 0xd8,
  0xf7, 0x53, 0x00, 0x00, 0x0a, 0x00, 0xa4, 0xbf, 0x02, 0x00, 0x60, 0xd7, 0xf8, 0x03, 0x01, 0x00,
  0x03, 0x00, 0x60, 0xd7, 0xf8, 0x05, 0x01, 0x00, 0x02, 0x81, 0x82, 0x84, 0x09, 0x00, 0x87, 0xbf,
  0x00, 0x02, 0x02, 0x80, 0x01, 0x03, 0x03, 0x82, 0x80, 0x00, 0x4a, 0xdc, 0x15, 0x00, 0x02, 0x16,
  0x81, 0xf0, 0x9a, 0x7c, 0x0a, 0x00, 0xa4, 0xbf, 0x02, 0x00, 0x60, 0xd7, 0xf8, 0x0b, 0x01, 0x00,
  0x03, 0x00, 0x60, 0xd7, 0xf8, 0x0d, 0x01, 0x00, 0x02, 0x81, 0x82, 0x84, 0x09, 0x00, 0x87, 0xbf,
  0x00, 0x02, 0x02, 0x80, 0x01, 0x03, 0x03, 0x82, 0x80, 0x00, 0x4a, 0xdc, 0x15, 0x00, 0x02, 0x14,
  0x81, 0xac, 0x9b, 0x7c, 0x80, 0x00, 0x10, 0xca, 0x80, 0x00, 0x18, 0x17, 0x0a, 0x00, 0xa4, 0xbf,
  0x02, 0x00, 0x60, 0xd7, 0xf8, 0x13, 0x01, 0x00, 0x03, 0x00, 0x60, 0xd7, 0xf8, 0x15, 0x01, 0x00,
  0x02, 0x81, 0x82, 0x84, 0x09, 0x00, 0x87, 0xbf, 0x00, 0x02, 0x02, 0x80, 0x01, 0x03, 0x03, 0x82,
  0x80, 0x00, 0x4a, 0xdc, 0x15, 0x00, 0x02, 0x18, 0x81, 0xf6, 0x9a, 0x7c, 0x0a, 0x00, 0xa4, 0xbf,
  0x02, 0x00, 0x60, 0xd7, 0xf8, 0x1b, 0x01, 0x00, 0x03, 0x00, 0x60, 0xd7, 0xf8, 0x1d, 0x01, 0x00,
  0x02, 0x81, 0x82, 0x84, 0x09, 0x00, 0x87, 0xbf, 0x00, 0x02, 0x02, 0x80, 0x01, 0x03, 0x03, 0x82,
  0x80, 0x00, 0x4a, 0xdc, 0x15, 0x00, 0x02, 0x17, 0x81, 0xf8, 0x9a, 0x7c, 0x80, 0x00, 0x10, 0xca,
  0x80, 0x00, 0x1a, 0x19, 0x0a, 0x00, 0xa4, 0xbf, 0x02, 0x00, 0x60, 0xd7, 0xf8, 0x23, 0x01, 0x00,
  0x03, 0x00, 0x60, 0xd7, 0xf8, 0x25, 0x01, 0x00, 0x02, 0x81, 0x82, 0x84, 0x09, 0x00, 0x87, 0xbf,
  0x00, 0x02, 0x02, 0x80, 0x01, 0x03, 0x03, 0x82, 0x80, 0x00, 0x4a, 0xdc, 0x15, 0x00, 0x02, 0x1a,
  0x50, 0x03, 0x51, 0xdc, 0x00, 0x00, 0x7c, 0x1b, 0xf7, 0x03, 0x89, 0xbf, 0x81, 0x36, 0x9a, 0x7c,
  0x0a, 0x00, 0xa4, 0xbf, 0x02, 0x00, 0x60, 0xd7, 0xf8, 0x2b, 0x01, 0x00, 0x03, 0x00, 0x60, 0xd7,
  0xf8, 0x2d, 0x01, 0x00, 0x02, 0x81, 0x82, 0x84, 0x09, 0x00, 0x87, 0xbf, 0x00, 0x02, 0x02, 0x80,
  0x01, 0x03, 0x03, 0x82, 0x80, 0x00, 0x4a, 0xdc, 0x15, 0x00, 0x02, 0x19, 0x0c, 0x01, 0x51, 0xdc,
  0x00, 0x00, 0x7c, 0x1b, 0x80, 0x02, 0x38, 0x7e, 0xf7, 0x03, 0x89, 0xbf, 0x81, 0x36, 0x9a, 0x7c,
  0x80, 0x02, 0x36, 0x7e, 0x0a, 0x00, 0xa4, 0xbf, 0x02, 0x00, 0x60, 0xd7, 0xf8, 0x33, 0x01, 0x00,
  0x03, 0x00, 0x60, 0xd7, 0xf8, 0x35, 0x01, 0x00, 0x02, 0x81, 0x82, 0x84, 0x09, 0x00, 0x87, 0xbf,
  0x00, 0x02, 0x02, 0x80, 0x01, 0x03, 0x03, 0x82, 0x80, 0x00, 0x4a, 0xdc, 0x15, 0x00, 0x02, 0x1c,
  0x4c, 0x03, 0x51, 0xdc, 0x00, 0x00, 0x7c, 0x1d, 0xf7, 0x03, 0x89, 0xbf, 0x81, 0x3a, 0x9a, 0x7c,
  0x0a, 0x00, 0xa4, 0xbf, 0x02, 0x00, 0x60, 0xd7, 0xf8, 0x3b, 0x01, 0x00, 0x03, 0x00, 0x60, 0xd7,
  0xf8, 0x3d, 0x01, 0x00, 0x02, 0x81, 0x82, 0x84, 0x09, 0x00, 0x87, 0xbf, 0x00, 0x02, 0x02, 0x80,
  0x01, 0x03, 0x03, 0x82, 0x80, 0x00, 0x4a, 0xdc, 0x15, 0x00, 0x02, 0x1b, 0x0c, 0x01, 0x69, 0xdc,
  0x00, 0x14, 0x7c, 0x00, 0x48, 0x03, 0x51, 0xdc, 0x00, 0x00, 0x7c, 0x14, 0x80, 0x02, 0x3a, 0x7e,
  0xf7, 0x03, 0x89, 0xbf, 0x81, 0x28, 0x9a, 0x7c, 0x80, 0x02, 0x28, 0x7e, 0x0a, 0x00, 0xa4, 0xbf,
  0x02, 0x00, 0x60, 0xd7, 0xf9, 0x03, 0x01, 0x00, 0x03, 0x00, 0x60, 0xd7, 0xf9, 0x05, 0x01, 0x00,
  0x02, 0x81, 0x82, 0x84, 0x09, 0x00, 0x87, 0xbf, 0x00, 0x02, 0x02, 0x80, 0x01, 0x03, 0x03, 0x82,
  0x80, 0x00, 0x4a, 0xdc, 0x15, 0x00, 0x02, 0x14, 0xf7, 0x03, 0x89, 0xbf, 0x40, 0x03, 0x69, 0xdc,
  0x00, 0x14, 0x7c, 0x00, 0x30, 0x00, 0x51, 0xdc, 0x00, 0x00, 0x7c, 0x14, 0xf7, 0x03, 0x89, 0xbf,
  0x81, 0x28, 0x9a, 0x7c, 0x0a, 0x00, 0xa4, 0xbf, 0x02, 0x00, 0x60, 0xd7, 0xf9, 0x0b, 0x01, 0x00,
  0x03, 0x00, 0x60, 0xd7, 0xf9, 0x0d, 0x01, 0x00, 0x02, 0x81, 0x82, 0x84, 0x09, 0x00, 0x87, 0xbf,
  0x00, 0x02, 0x02, 0x80, 0x01, 0x03, 0x03, 0x82, 0x80, 0x00, 0x4a, 0xdc, 0x15, 0x00, 0x02, 0x1d,
  0x34, 0x00, 0x51, 0xdc, 0x00, 0x00, 0x7c, 0x14, 0x80, 0x02, 0x3c, 0x7e, 0xf7, 0x03, 0x89, 0xbf,
  0x81, 0x28, 0x9a, 0x7c, 0x80, 0x02, 0x28, 0x7e, 0x0a, 0x00, 0xa4, 0xbf, 0x02, 0x00, 0x60, 0xd7,
  0xf9, 0x13, 0x01, 0x00, 0x03, 0x00, 0x60, 0xd7, 0xf9, 0x15, 0x01, 0x00, 0x02, 0x81, 0x82, 0x84,
  0x09, 0x00, 0x87, 0xbf, 0x00, 0x02, 0x02, 0x80, 0x01, 0x03, 0x03, 0x82, 0x80, 0x00, 0x4a, 0xdc,
  0x15, 0x00, 0x02, 0x14, 0xf7, 0x03, 0x89, 0xbf, 0x44, 0x03, 0x69, 0xdc, 0x00, 0x14, 0x7c, 0x00,
  0x38, 0x00, 0x51, 0xdc, 0x00, 0x00, 0x7c, 0x14, 0xf7, 0x03, 0x89, 0xbf, 0x81, 0x28, 0x9a, 0x7c,
  0x0a, 0x00, 0xa4, 0xbf, 0x02, 0x00, 0x60, 0xd7, 0xf9, 0x1b, 0x01, 0x00, 0x03, 0x00, 0x60, 0xd7,
  0xf9, 0x1d, 0x01, 0x00, 0x02, 0x81, 0x82, 0x84, 0x09, 0x00, 0x87, 0xbf, 0x00, 0x02, 0x02, 0x80,
  0x01, 0x03, 0x03, 0x82, 0x80, 0x00, 0x4a, 0xdc, 0x15, 0x00, 0x02, 0x1e, 0x3c, 0x00, 0x51, 0xdc,
  0x00, 0x00, 0x7c, 0x14, 0x80, 0x02, 0x3e, 0x7e, 0xf7, 0x03, 0x89, 0xbf, 0x81, 0x28, 0x9a, 0x7c,
  0x80, 0x02, 0x28, 0x7e, 0x0a, 0x00, 0xa4, 0xbf, 0x02, 0x00, 0x60, 0xd7, 0xf9, 0x23, 0x01, 0x00,
  0x03, 0x00, 0x60, 0xd7, 0xf9, 0x25, 0x01, 0x00, 0x02, 0x81, 0x82, 0x84, 0x09, 0x00, 0x87, 0xbf,
  0x00, 0x02, 0x02, 0x80, 0x01, 0x03, 0x03, 0x82, 0x80, 0x00, 0x4a, 0xdc, 0x15, 0x00, 0x02, 0x14,
  0xf7, 0x03, 0x89, 0xbf, 0x48, 0x03, 0x69, 0xdc, 0x00, 0x14, 0x7c, 0x00, 0x40, 0x00, 0x51, 0xdc,
  0x00, 0x00, 0x7c, 0x14, 0xf7, 0x03, 0x89, 0xbf, 0x81, 0x28, 0x9a, 0x7c, 0x0a, 0x00, 0xa4, 0xbf,
  0x02, 0x00, 0x60, 0xd7, 0xf9, 0x2b, 0x01, 0x00, 0x03, 0x00, 0x60, 0xd7, 0xf9, 0x2d, 0x01, 0x00,
  0x02, 0x81, 0x82, 0x84, 0x09, 0x00, 0x87, 0xbf, 0x00, 0x02, 0x02, 0x80, 0x01, 0x03, 0x03, 0x82,
  0x80, 0x00, 0x4a, 0xdc, 0x15, 0x00, 0x02, 0x1f, 0x44, 0x00, 0x51, 0xdc, 0x00, 0x00, 0x7c, 0x14,
  0x80, 0x02, 0x40, 0x7e, 0xf7, 0x03, 0x89, 0xbf, 0x81, 0x28, 0x9a, 0x7c, 0x80, 0x02, 0x28, 0x7e,
  0x0a, 0x00, 0xa4, 0xbf, 0x02, 0x00, 0x60, 0xd7, 0xf9, 0x33, 0x01, 0x00, 0x03, 0x00, 0x60, 0xd7,
  0xf9, 0x35, 0x01, 0x00, 0x02, 0x81, 0x82, 0x84, 0x09, 0x00, 0x87, 0xbf, 0x00, 0x02, 0x02, 0x80,
  0x01, 0x03, 0x03, 0x82, 0x80, 0x00, 0x4a, 0xdc, 0x15, 0x00, 0x02, 0x14, 0xf7, 0x03, 0x89, 0xbf,
  0x4c, 0x03, 0x69, 0xdc, 0x00, 0x14, 0x7c, 0x00, 0x48, 0x00, 0x51, 0xdc, 0x00, 0x00, 0x7c, 0x14,
  0xf7, 0x03, 0x89, 0xbf, 0x81, 0x28, 0x9a, 0x7c, 0x0a, 0x00, 0xa4, 0xbf, 0x02, 0x00, 0x60, 0xd7,
  0xf9, 0x3b, 0x01, 0x00, 0x03, 0x00, 0x60, 0xd7, 0xf9, 0x3d, 0x01, 0x00, 0x02, 0x81, 0x82, 0x84,
  0x09, 0x00, 0x87, 0xbf, 0x00, 0x02, 0x02, 0x80, 0x01, 0x03, 0x03, 0x82, 0x80, 0x00, 0x4a, 0xdc,
  0x15, 0x00, 0x02, 0x20, 0x4c, 0x00, 0x51, 0xdc, 0x00, 0x00, 0x7c, 0x14, 0x80, 0x02, 0x42, 0x7e,
  0xf7, 0x03, 0x89, 0xbf, 0x81, 0x28, 0x9a, 0x7c, 0x80, 0x02, 0x28, 0x7e, 0x0a, 0x00, 0xa4, 0xbf,
  0x02, 0x00, 0x60, 0xd7, 0xfa, 0x03, 0x01, 0x00, 0x03, 0x00, 0x60, 0xd7, 0xfa, 0x05, 0x01, 0x00,
  0x02, 0x81, 0x82, 0x84, 0x09, 0x00, 0x87, 0xbf, 0x00, 0x02, 0x02, 0x80, 0x01, 0x03, 0x03, 0x82,
  0x80, 0x00, 0x4a, 0xdc, 0x15, 0x00, 0x02, 0x14, 0xf7, 0x03, 0x89, 0xbf, 0x50, 0x03, 0x69, 0xdc,
  0x00, 0x14, 0x7c, 0x00, 0x50, 0x00, 0x51, 0xdc, 0x00, 0x00, 0x7c, 0x14, 0xf7, 0x03, 0x89, 0xbf,
  0x81, 0x28, 0x9a, 0x7c, 0x0a, 0x00, 0xa4, 0xbf, 0x02, 0x00, 0x60, 0xd7, 0xfa, 0x0b, 0x01, 0x00,
  0x03, 0x00, 0x60, 0xd7, 0xfa, 0x0d, 0x01, 0x00, 0x02, 0x81, 0x82, 0x84, 0x09, 0x00, 0x87, 0xbf,
  0x00, 0x02, 0x02, 0x80, 0x01, 0x03, 0x03, 0x82, 0x80, 0x00, 0x4a, 0xdc, 0x15, 0x00, 0x02, 0x21,
  0x54, 0x00, 0x51, 0xdc, 0x00, 0x00, 0x7c, 0x14, 0x80, 0x02, 0x44, 0x7e, 0xf7, 0x03, 0x89, 0xbf,
  0x81, 0x28, 0x9a, 0x7c, 0x80, 0x02, 0x28, 0x7e, 0x0a, 0x00, 0xa4, 0xbf, 0x02, 0x00, 0x60, 0xd7,
  0xfa, 0x13, 0x01, 0x00, 0x03, 0x00, 0x60, 0xd7, 0xfa, 0x15, 0x01, 0x00, 0x02, 0x81, 0x82, 0x84,
  0x09, 0x00, 0x87, 0xbf, 0x00, 0x02, 0x02, 0x80, 0x01, 0x03, 0x03, 0x82, 0x80, 0x00, 0x4a, 0xdc,
  0x15, 0x00, 0x02, 0x14, 0xf7, 0x03, 0x89, 0xbf, 0x90, 0x04, 0x69, 0xdc, 0x00, 0x14, 0x7c, 0x00,
  0x58, 0x00, 0x51, 0xdc, 0x00, 0x00, 0x7c, 0x14, 0xf7, 0x03, 0x89, 0xbf, 0x81, 0x28, 0x9a, 0x7c,
  0x0a, 0x00, 0xa4, 0xbf, 0x02, 0x00, 0x60, 0xd7, 0xfa, 0x1b, 0x01, 0x00, 0x03, 0x00, 0x60, 0xd7,
  0xfa, 0x1d, 0x01, 0x00, 0x02, 0x81, 0x82, 0x84, 0x09, 0x00, 0x87, 0xbf, 0x00, 0x02, 0x02, 0x80,
  0x01, 0x03, 0x03, 0x82, 0x80, 0x00, 0x4a, 0xdc, 0x15, 0x00, 0x02, 0x22, 0x5c, 0x00, 0x51, 0xdc,
  0x00, 0x00, 0x7c, 0x14, 0x80, 0x02, 0x46, 0x7e, 0xf7, 0x03, 0x89, 0xbf, 0x81, 0x28, 0x9a, 0x7c,
  0x80, 0x02, 0x28, 0x7e, 0x0a, 0x00, 0xa4, 0xbf, 0x02, 0x00, 0x60, 0xd7, 0xfa, 0x23, 0x01, 0x00,
  0x03, 0x00, 0x60, 0xd7, 0xfa, 0x25, 0x01, 0x00, 0x02, 0x81, 0x82, 0x84, 0x09, 0x00, 0x87, 0xbf,
  0x00, 0x02, 0x02, 0x80, 0x01, 0x03, 0x03, 0x82, 0x80, 0x00, 0x4a, 0xdc, 0x15, 0x00, 0x02, 0x14,
  0xf7, 0x03, 0x89, 0xbf, 0x94, 0x04, 0x69, 0xdc, 0x00, 0x14, 0x7c, 0x00, 0x60, 0x00, 0x51, 0xdc,
  0x00, 0x00, 0x7c, 0x14, 0xf7, 0x03, 0x89, 0xbf, 0x81, 0x28, 0x9a, 0x7c, 0x0a, 0x00, 0xa4, 0xbf,
  0x02, 0x00, 0x60, 0xd7, 0xfa, 0x2b, 0x01, 0x00, 0x03, 0x00, 0x60, 0xd7, 0xfa, 0x2d, 0x01, 0x00,
  0x02, 0x81, 0x82, 0x84, 0x09, 0x00, 0x87, 0xbf, 0x00, 0x02, 0x02, 0x80, 0x01, 0x03, 0x03, 0x82,
  0x80, 0x00, 0x4a, 0xdc, 0x15, 0x00, 0x02, 0x23, 0x64, 0x00, 0x51, 0xdc, 0x00, 0x00, 0x7c, 0x14,
  0x80, 0x02, 0x48, 0x7e, 0xf7, 0x03, 0x89, 0xbf, 0x81, 0x28, 0x9a, 0x7c, 0x80, 0x02, 0x28, 0x7e,
  0x0a, 0x00, 0xa4, 0xbf, 0x02, 0x00, 0x60, 0xd7, 0xfa, 0x33, 0x01, 0x00, 0x03, 0x00, 0x60, 0xd7,
  0xfa, 0x35, 0x01, 0x00, 0x02, 0x81, 0x82, 0x84, 0x09, 0x00, 0x87, 0xbf, 0x00, 0x02, 0x02, 0x80,
  0x01, 0x03, 0x03, 0x82, 0x80, 0x00, 0x4a, 0xdc, 0x15, 0x00, 0x02, 0x14, 0xf7, 0x03, 0x89, 0xbf,
  0x98, 0x04, 0x69, 0xdc, 0x00, 0x14, 0x7c, 0x00, 0x68, 0x00, 0x51, 0xdc, 0x00, 0x00, 0x7c, 0x14,
  0xf7, 0x03, 0x89, 0xbf, 0x81, 0x28, 0x9a, 0x7c, 0x0a, 0x00, 0xa4, 0xbf, 0x02, 0x00, 0x60, 0xd7,
  0xfa, 0x3b, 0x01, 0x00, 0x03, 0x00, 0x60, 0xd7, 0xfa, 0x3d, 0x01, 0x00, 0x02, 0x81, 0x82, 0x84,
  0x09, 0x00, 0x87, 0xbf, 0x00, 0x02, 0x02, 0x80, 0x01, 0x03, 0x03, 0x82, 0x80, 0x00, 0x4a, 0xdc,
  0x15, 0x00, 0x02, 0x24, 0x6c, 0x00, 0x51, 0xdc, 0x00, 0x00, 0x7c, 0x14, 0x80, 0x02, 0x4a, 0x7e,
  0xf7, 0x03, 0x89, 0xbf, 0x81, 0x28, 0x9a, 0x7c, 0x80, 0x02, 0x28, 0x7e, 0x0a, 0x00, 0xa4, 0xbf,
  0x02, 0x00, 0x60, 0xd7, 0xfc, 0x03, 0x01, 0x00, 0x03, 0x00, 0x60, 0xd7, 0xfc, 0x05, 0x01, 0x00,
  0x02, 0x81, 0x82, 0x84, 0x09, 0x00, 0x87, 0xbf, 0x00, 0x02, 0x02, 0x80, 0x01, 0x03, 0x03, 0x82,
  0x80, 0x00, 0x4a, 0xdc, 0x15, 0x00, 0x02, 0x14, 0xf7, 0x03, 0x89, 0xbf, 0x9c, 0x04, 0x69, 0xdc,
  0x00, 0x14, 0x7c, 0x00, 0x70, 0x00, 0x51, 0xdc, 0x00, 0x00, 0x7c, 0x14, 0xf7, 0x03, 0x89, 0xbf,
  0x81, 0x28, 0x9a, 0x7c, 0x0a, 0x00, 0xa4, 0xbf, 0x02, 0x00, 0x60, 0xd7, 0xfc, 0x0b, 0x01, 0x00,
  0x03, 0x00, 0x60, 0xd7, 0xfc, 0x0d, 0x01, 0x00, 0x02, 0x81, 0x82, 0x84, 0x09, 0x00, 0x87, 0xbf,
  0x00, 0x02, 0x02, 0x80, 0x01, 0x03, 0x03, 0x82, 0x80, 0x00, 0x4a, 0xdc, 0x15, 0x00, 0x02, 0x25,
  0x74, 0x00, 0x51, 0xdc, 0x00, 0x00, 0x7c, 0x14, 0x80, 0x02, 0x4c, 0x7e, 0xf7, 0x03, 0x89, 0xbf,
  0x81, 0x28, 0x9a, 0x7c, 0x80, 0x02, 0x28, 0x7e, 0x0a, 0x00, 0xa4, 0xbf, 0x02, 0x00, 0x60, 0xd7,
  0xfc, 0x17, 0x01, 0x00, 0x03, 0x00, 0x60, 0xd7, 0xfc, 0x19, 0x01, 0x00, 0x02, 0x81, 0x82, 0x84,
  0x09, 0x00, 0x87, 0xbf, 0x00, 0x02, 0x02, 0x80, 0x01, 0x03, 0x03, 0x82, 0x80, 0x00, 0x4a, 0xdc,
  0x15, 0x00, 0x02, 0x14, 0xf7, 0x03, 0x89, 0xbf, 0x74, 0x00, 0x69, 0xdc, 0x00, 0x14, 0x7c, 0x00,
  0x78, 0x00, 0x51, 0xdc, 0x00, 0x00, 0x7c, 0x14, 0xf7, 0x03, 0x89, 0xbf, 0x81, 0x28, 0x9a, 0x7c,
  0x0a, 0x00, 0xa4, 0xbf, 0x02, 0x00, 0x60, 0xd7, 0xfc, 0x1f, 0x01, 0x00, 0x03, 0x00, 0x60, 0xd7,
  0xfc, 0x21, 0x01, 0x00, 0x02, 0x81, 0x82, 0x84, 0x09, 0x00, 0x87, 0xbf, 0x00, 0x02, 0x02, 0x80,
  0x01, 0x03, 0x03, 0x82, 0x80, 0x00, 0x4a, 0xdc, 0x15, 0x00, 0x02, 0x26, 0x7c, 0x00, 0x51, 0xdc,
  0x00, 0x00, 0x7c, 0x14, 0x80, 0x02, 0x4e, 0x7e, 0xf7, 0x03, 0x89, 0xbf, 0x81, 0x28, 0x9a, 0x7c,
  0x80, 0x02, 0x28, 0x7e, 0x0a, 0x00, 0xa4, 0xbf, 0x02, 0x00, 0x60, 0xd7, 0xfc, 0x23, 0x01, 0x00,
  0x03, 0x00, 0x60, 0xd7, 0xfc, 0x25, 0x01, 0x00, 0x02, 0x81, 0x82, 0x84, 0x09, 0x00, 0x87, 0xbf,
  0x00, 0x02, 0x02, 0x80, 0x01, 0x03, 0x03, 0x82, 0x80, 0x00, 0x4a, 0xdc, 0x15, 0x00, 0x02, 0x14,
  0xf7, 0x03, 0x89, 0xbf, 0x7c, 0x00, 0x69, 0xdc, 0x00, 0x14, 0x7c, 0x00, 0x80, 0x00, 0x51, 0xdc,
  0x00, 0x00, 0x7c, 0x14, 0xf7, 0x03, 0x89, 0xbf, 0x81, 0x28, 0x9a, 0x7c, 0x0a, 0x00, 0xa4, 0xbf,
  0x02, 0x00, 0x60, 0xd7, 0xfc, 0x2b, 0x01, 0x00, 0x03, 0x00, 0x60, 0xd7, 0xfc, 0x2d, 0x01, 0x00,
  0x02, 0x81, 0x82, 0x84, 0x09, 0x00, 0x87, 0xbf, 0x00, 0x02, 0x02, 0x80, 0x01, 0x03, 0x03, 0x82,
  0x80, 0x00, 0x4a, 0xdc, 0x15, 0x00, 0x02, 0x27, 0x84, 0x00, 0x51, 0xdc, 0x00, 0x00, 0x7c, 0x14,
  0x80, 0x02, 0x50, 0x7e, 0xf7, 0x03, 0x89, 0xbf, 0x81, 0x28, 0x9a, 0x7c, 0x80, 0x02, 0x28, 0x7e,
  0x0a, 0x00, 0xa4, 0xbf, 0x02, 0x00, 0x60, 0xd7, 0xfc, 0x2f, 0x01, 0x00, 0x03, 0x00, 0x60, 0xd7,
  0xfc, 0x31, 0x01, 0x00, 0x02, 0x81, 0x82, 0x84, 0x09, 0x00, 0x87, 0xbf, 0x00, 0x02, 0x02, 0x80,
  0x01, 0x03, 0x03, 0x82, 0x80, 0x00, 0x4a, 0xdc, 0x15, 0x00, 0x02, 0x14, 0xf7, 0x03, 0x89, 0xbf,
  0x84, 0x00, 0x69, 0xdc, 0x00, 0x14, 0x7c, 0x00, 0x88, 0x00, 0x51, 0xdc, 0x00, 0x00, 0x7c, 0x14,
  0xf7, 0x03, 0x89, 0xbf, 0x81, 0x28, 0x9a, 0x7c, 0x0a, 0x00, 0xa4, 0xbf, 0x02, 0x00, 0x60, 0xd7,
  0xfc, 0x33, 0x01, 0x00, 0x03, 0x00, 0x60, 0xd7, 0xfc, 0x35, 0x01, 0x00, 0x02, 0x81, 0x82, 0x84,
  0x09, 0x00, 0x87, 0xbf, 0x00, 0x02, 0x02, 0x80, 0x01, 0x03, 0x03, 0x82, 0x80, 0x00, 0x4a, 0xdc,
  0x15, 0x00, 0x02, 0x28, 0x8c, 0x00, 0x51, 0xdc, 0x00, 0x00, 0x7c, 0x14, 0x80, 0x02, 0x52, 0x7e,
  0xf7, 0x03, 0x89, 0xbf, 0x81, 0x28, 0x9a, 0x7c, 0x80, 0x02, 0x28, 0x7e, 0x0a, 0x00, 0xa4, 0xbf,
  0x02, 0x00, 0x60, 0xd7, 0xfc, 0x37, 0x01, 0x00, 0x03, 0x00, 0x60, 0xd7, 0xfc, 0x39, 0x01, 0x00,
  0x02, 0x81, 0x82, 0x84, 0x09, 0x00, 0x87, 0xbf, 0x00, 0x02, 0x02, 0x80, 0x01, 0x03, 0x03, 0x82,
  0x80, 0x00, 0x4a, 0xdc, 0x15, 0x00, 0x02, 0x14, 0xf7, 0x03, 0x89, 0xbf, 0x8c, 0x00, 0x69, 0xdc,
  0x00, 0x14, 0x7c, 0x00, 0x90, 0x00, 0x51, 0xdc, 0x00, 0x00, 0x7c, 0x14, 0xf7, 0x03, 0x89, 0xbf,
  0x81, 0x28, 0x9a, 0x7c, 0x0a, 0x00, 0xa4, 0xbf, 0x02, 0x00, 0x60, 0xd7, 0xfc, 0x3b, 0x01, 0x00,
  0x03, 0x00, 0x60, 0xd7, 0xfc, 0x3d, 0x01, 0x00, 0x02, 0x81, 0x82, 0x84, 0x09, 0x00, 0x87, 0xbf,
  0x00, 0x02, 0x02, 0x80, 0x01, 0x03, 0x03, 0x82, 0x80, 0x00, 0x4a, 0xdc, 0x15, 0x00, 0x02, 0x29,
  0x94, 0x00, 0x51, 0xdc, 0x00, 0x00, 0x7c, 0x14, 0x80, 0x02, 0x54, 0x7e, 0xf7, 0x03, 0x89, 0xbf,
  0x81, 0x28, 0x9a, 0x7c, 0x80, 0x02, 0x28, 0x7e, 0x0a, 0x00, 0xa4, 0xbf, 0x02, 0x00, 0x60, 0xd7,
  0xfc, 0x3f, 0x01, 0x00, 0x03, 0x00, 0x60, 0xd7, 0xfd, 0x01, 0x01, 0x00, 0x02, 0x81, 0x82, 0x84,
  0x09, 0x00, 0x87, 0xbf, 0x00, 0x02, 0x02, 0x80, 0x01, 0x03, 0x03, 0x82, 0x80, 0x00, 0x4a, 0xdc,
  0x15, 0x00, 0x02, 0x14, 0xf7, 0x03, 0x89, 0xbf, 0x94, 0x00, 0x69, 0xdc, 0x00, 0x14, 0x7c, 0x00,
  0x98, 0x00, 0x51, 0xdc, 0x00, 0x00, 0x7c, 0x14, 0xf7, 0x03, 0x89, 0xbf, 0x81, 0x28, 0x9a, 0x7c,
  0x0a, 0x00, 0xa4, 0xbf, 0x02, 0x00, 0x60, 0xd7, 0xfd, 0x03, 0x01, 0x00, 0x03, 0x00, 0x60, 0xd7,
  0xfd, 0x05, 0x01, 0x00, 0x02, 0x81, 0x82, 0x84, 0x09, 0x00, 0x87, 0xbf, 0x00, 0x02, 0x02, 0x80,
  0x01, 0x03, 0x03, 0x82, 0x80, 0x00, 0x4a, 0xdc, 0x15, 0x00, 0x02, 0x2a, 0x9c, 0x00, 0x51, 0xdc,
  0x00, 0x00, 0x7c, 0x14, 0x80, 0x02, 0x56, 0x7e, 0xf7, 0x03, 0x89, 0xbf, 0x81, 0x28, 0x9a, 0x7c,
  0x80, 0x02, 0x28, 0x7e, 0x0a, 0x00, 0xa4, 0xbf, 0x02, 0x00, 0x60, 0xd7, 0xfd, 0x07, 0x01, 0x00,
  0x03, 0x00, 0x60, 0xd7, 0xfd, 0x09, 0x01, 0x00, 0x02, 0x81, 0x82, 0x84, 0x09, 0x00, 0x87, 0xbf,
  0x00, 0x02, 0x02, 0x80, 0x01, 0x03, 0x03, 0x82, 0x80, 0x00, 0x4a, 0xdc, 0x15, 0x00, 0x02, 0x14,
  0xf7, 0x03, 0x89, 0xbf, 0x9c, 0x00, 0x69, 0xdc, 0x00, 0x14, 0x7c, 0x00, 0xa0, 0x00, 0x51, 0xdc,
  0x00, 0x00, 0x7c, 0x14, 0xf7, 0x03, 0x89, 0xbf, 0x81, 0x28, 0x9a, 0x7c, 0x0a, 0x00, 0xa4, 0xbf,
  0x02, 0x00, 0x60, 0xd7, 0xfd, 0x0b, 0x01, 0x00, 0x03, 0x00, 0x60, 0xd7, 0xfd, 0x0d, 0x01, 0x00,
  0x02, 0x81, 0x82, 0x84, 0x09, 0x00, 0x87, 0xbf, 0x00, 0x02, 0x02, 0x80, 0x01, 0x03, 0x03, 0x82,
  0x80, 0x00, 0x4a, 0xdc, 0x15, 0x00, 0x02, 0x2b, 0xa4, 0x00, 0x51, 0xdc, 0x00, 0x00, 0x7c, 0x14,
  0x80, 0x02, 0x58, 0x7e, 0xf7, 0x03, 0x89, 0xbf, 0x81, 0x28, 0x9a, 0x7c, 0x80, 0x02, 0x28, 0x7e,
  0x0a, 0x00, 0xa4, 0xbf, 0x02, 0x00, 0x60, 0xd7, 0xfd, 0x0f, 0x01, 0x00, 0x03, 0x00, 0x60, 0xd7,
  0xfd, 0x11, 0x01, 0x00, 0x02, 0x81, 0x82, 0x84, 0x09, 0x00, 0x87, 0xbf, 0x00, 0x02, 0x02, 0x80,
  0x01, 0x03, 0x03, 0x82, 0x80, 0x00, 0x4a, 0xdc, 0x15, 0x00, 0x02, 0x14, 0xf7, 0x03, 0x89, 0xbf,
  0xa4, 0x00, 0x69, 0xdc, 0x00, 0x14, 0x7c, 0x00, 0xa8, 0x00, 0x51, 0xdc, 0x00, 0x00, 0x7c, 0x14,
  0xf7, 0x03, 0x89, 0xbf, 0x81, 0x28, 0x9a, 0x7c, 0x0a, 0x00, 0xa4, 0xbf, 0x02, 0x00, 0x60, 0xd7,
  0xfd, 0x13, 0x01, 0x00, 0x03, 0x00, 0x60, 0xd7, 0xfd, 0x15, 0x01, 0x00, 0x02, 0x81, 0x82, 0x84,
  0x09, 0x00, 0x87, 0xbf, 0x00, 0x02, 0x02, 0x80, 0x01, 0x03, 0x03, 0x82, 0x80, 0x00, 0x4a, 0xdc,
  0x15, 0x00, 0x02, 0x2c, 0xac, 0x00, 0x51, 0xdc, 0x00, 0x00, 0x7c, 0x14, 0x80, 0x02, 0x5a, 0x7e,
  0xf7, 0x03, 0x89, 0xbf, 0x81, 0x28, 0x9a, 0x7c, 0x80, 0x02, 0x28, 0x7e, 0x0a, 0x00, 0xa4, 0xbf,
  0x02, 0x00, 0x60, 0xd7, 0xfd, 0x17, 0x01, 0x00, 0x03, 0x00, 0x60, 0xd7, 0xfd, 0x19, 0x01, 0x00,
  0x02, 0x81, 0x82, 0x84, 0x09, 0x00, 0x87, 0xbf, 0x00, 0x02, 0x02, 0x80, 0x01, 0x03, 0x03, 0x82,
  0x80, 0x00, 0x4a, 0xdc, 0x15, 0x00, 0x02, 0x14, 0xf7, 0x03, 0x89, 0xbf, 0xac, 0x00, 0x69, 0xdc,
  0x00, 0x14, 0x7c, 0x00, 0xb0, 0x00, 0x51, 0xdc, 0x00, 0x00, 0x7c, 0x14, 0xf7, 0x03, 0x89, 0xbf,
  0x81, 0x28, 0x9a, 0x7c, 0x0a, 0x00, 0xa4, 0xbf, 0x02, 0x00, 0x60, 0xd7, 0xfd, 0x1b, 0x01, 0x00,
  0x03, 0x00, 0x60, 0xd7, 0xfd, 0x1d, 0x01, 0x00, 0x02, 0x81, 0x82, 0x84, 0x09, 0x00, 0x87, 0xbf,
  0x00, 0x02, 0x02, 0x80, 0x01, 0x03, 0x03, 0x82, 0x80, 0x00, 0x4a, 0xdc, 0x15, 0x00, 0x02, 0x2d,
  0xb4, 0x00, 0x51, 0xdc, 0x00, 0x00, 0x7c, 0x14, 0x80, 0x02, 0x5c, 0x7e, 0xf7, 0x03, 0x89, 0xbf,
  0x81, 0x28, 0x9a, 0x7c, 0x80, 0x02, 0x28, 0x7e, 0x0a, 0x00, 0xa4, 0xbf, 0x02, 0x00, 0x60, 0xd7,
  0xfd, 0x1f, 0x01, 0x00, 0x03, 0x00, 0x60, 0xd7, 0xfd, 0x21, 0x01, 0x00, 0x02, 0x81, 0x82, 0x84,
  0x09, 0x00, 0x87, 0xbf, 0x00, 0x02, 0x02, 0x80, 0x01, 0x03, 0x03, 0x82, 0x80, 0x00, 0x4a, 0xdc,
  0x15, 0x00, 0x02, 0x14, 0xf7, 0x03, 0x89, 0xbf, 0xb4, 0x00, 0x69, 0xdc, 0x00, 0x14, 0x7c, 0x00,
  0xbc, 0x00, 0x51, 0xdc, 0x00, 0x00, 0x7c, 0x14, 0xf7, 0x03, 0x89, 0xbf, 0x81, 0x28, 0x9a, 0x7c,
  0x0a, 0x00, 0xa4, 0xbf, 0x02, 0x00, 0x60, 0xd7, 0xfd, 0x23, 0x01, 0x00, 0x03, 0x00, 0x60, 0xd7,
  0xfd, 0x25, 0x01, 0x00, 0x02, 0x81, 0x82, 0x84, 0x09, 0x00, 0x87, 0xbf, 0x00, 0x02, 0x02, 0x80,
  0x01, 0x03, 0x03, 0x82, 0x80, 0x00, 0x4a, 0xdc, 0x15, 0x00, 0x02, 0x2e, 0xc0, 0x00, 0x51, 0xdc,
  0x00, 0x00, 0x7c, 0x14, 0x80, 0x02, 0x5e, 0x7e, 0xf7, 0x03, 0x89, 0xbf, 0x81, 0x28, 0x9a, 0x7c,
  0x80, 0x02, 0x28, 0x7e, 0x0a, 0x00, 0xa4, 0xbf, 0x02, 0x00, 0x60, 0xd7, 0xfd, 0x27, 0x01, 0x00,
  0x03, 0x00, 0x60, 0xd7, 0xfd, 0x29, 0x01, 0x00, 0x02, 0x81, 0x82, 0x84, 0x09, 0x00, 0x87, 0xbf,
  0x00, 0x02, 0x02, 0x80, 0x01, 0x03, 0x03, 0x82, 0x80, 0x00, 0x4a, 0xdc, 0x15, 0x00, 0x02, 0x14,
  0xf7, 0x03, 0x89, 0xbf, 0xc0, 0x00, 0x69, 0xdc, 0x00, 0x14, 0x7c, 0x00, 0xc4, 0x00, 0x51, 0xdc,
  0x00, 0x00, 0x7c, 0x14, 0xf7, 0x03, 0x89, 0xbf, 0x81, 0x28, 0x9a, 0x7c, 0x0a, 0x00, 0xa4, 0xbf,
  0x02, 0x00, 0x60, 0xd7, 0xfd, 0x2b, 0x01, 0x00, 0x03, 0x00, 0x60, 0xd7, 0xfd, 0x2d, 0x01, 0x00,
  0x02, 0x81, 0x82, 0x84, 0x09, 0x00, 0x87, 0xbf, 0x00, 0x02, 0x02, 0x80, 0x01, 0x03, 0x03, 0x82,
  0x80, 0x00, 0x4a, 0xdc, 0x15, 0x00, 0x02, 0x2f, 0xc8, 0x00, 0x51, 0xdc, 0x00, 0x00, 0x7c, 0x14,
  0x80, 0x02, 0x60, 0x7e, 0xf7, 0x03, 0x89, 0xbf, 0x81, 0x28, 0x9a, 0x7c, 0x80, 0x02, 0x28, 0x7e,
  0x0a, 0x00, 0xa4, 0xbf, 0x02, 0x00, 0x60, 0xd7, 0xfd, 0x2f, 0x01, 0x00, 0x03, 0x00, 0x60, 0xd7,
  0xfd, 0x31, 0x01, 0x00, 0x02, 0x81, 0x82, 0x84, 0x09, 0x00, 0x87, 0xbf, 0x00, 0x02, 0x02, 0x80,
  0x01, 0x03, 0x03, 0x82, 0x80, 0x00, 0x4a, 0xdc, 0x15, 0x00, 0x02, 0x14, 0xf7, 0x03, 0x89, 0xbf,
  0xc8, 0x00, 0x69, 0xdc, 0x00, 0x14, 0x7c, 0x00, 0xcc, 0x00, 0x51, 0xdc, 0x00, 0x00, 0x7c, 0x14,
  0xf7, 0x03, 0x89, 0xbf, 0x81, 0x28, 0x9a, 0x7c, 0x0a, 0x00, 0xa4, 0xbf, 0x02, 0x00, 0x60, 0xd7,
  0xfd, 0x33, 0x01, 0x00, 0x03, 0x00, 0x60, 0xd7, 0xfd, 0x35, 0x01, 0x00, 0x02, 0x81, 0x82, 0x84,
  0x09, 0x00, 0x87, 0xbf, 0x00, 0x02, 0x02, 0x80, 0x01, 0x03, 0x03, 0x82, 0x80, 0x00, 0x4a, 0xdc,
  0x15, 0x00, 0x02, 0x30, 0xd0, 0x00, 0x51, 0xdc, 0x00, 0x00, 0x7c, 0x14, 0x80, 0x02, 0x62, 0x7e,
  0xf7, 0x03, 0x89, 0xbf, 0x81, 0x28, 0x9a, 0x7c, 0x80, 0x02, 0x28, 0x7e, 0x0a, 0x00, 0xa4, 0xbf,
  0x02, 0x00, 0x60, 0xd7, 0xfd, 0x37, 0x01, 0x00, 0x03, 0x00, 0x60, 0xd7, 0xfd, 0x39, 0x01, 0x00,
  0x02, 0x81, 0x82, 0x84, 0x09, 0x00, 0x87, 0xbf, 0x00, 0x02, 0x02, 0x80, 0x01, 0x03, 0x03, 0x82,
  0x80, 0x00, 0x4a, 0xdc, 0x15, 0x00, 0x02, 0x14, 0xf7, 0x03, 0x89, 0xbf, 0xd0, 0x00, 0x69, 0xdc,
  0x00, 0x14, 0x7c, 0x00, 0xd4, 0x00, 0x51, 0xdc, 0x00, 0x00, 0x7c, 0x14, 0xf7, 0x03, 0x89, 0xbf,
  0x81, 0x28, 0x9a, 0x7c, 0x0a, 0x00, 0xa4, 0xbf, 0x02, 0x00, 0x60, 0xd7, 0xfd, 0x3b, 0x01, 0x00,
  0x03, 0x00, 0x60, 0xd7, 0xfd, 0x3d, 0x01, 0x00, 0x02, 0x81, 0x82, 0x84, 0x09, 0x00, 0x87, 0xbf,
  0x00, 0x02, 0x02, 0x80, 0x01, 0x03, 0x03, 0x82, 0x80, 0x00, 0x4a, 0xdc, 0x15, 0x00, 0x02, 0x31,
  0xdc, 0x00, 0x51, 0xdc, 0x00, 0x00, 0x7c, 0x14, 0x80, 0x02, 0x64, 0x7e, 0xf7, 0x03, 0x89, 0xbf,
  0x81, 0x28, 0x9a, 0x7c, 0x80, 0x02, 0x28, 0x7e, 0x0a, 0x00, 0xa4, 0xbf, 0x02, 0x00, 0x60, 0xd7,
  0xfd, 0x3f, 0x01, 0x00, 0x03, 0x00, 0x60, 0xd7, 0xfb, 0x01, 0x01, 0x00, 0x02, 0x81, 0x82, 0x84,
  0x09, 0x00, 0x87, 0xbf, 0x00, 0x02, 0x02, 0x80, 0x01, 0x03, 0x03, 0x82, 0x80, 0x00, 0x4a, 0xdc,
  0x15, 0x00, 0x02, 0x14, 0xf7, 0x03, 0x89, 0xbf, 0xdc, 0x00, 0x69, 0xdc, 0x00, 0x14, 0x7c, 0x00,
  0xe0, 0x00, 0x51, 0xdc, 0x00, 0x00, 0x7c, 0x14, 0xf7, 0x03, 0x89, 0xbf, 0x81, 0x28, 0x9a, 0x7c,
  0x0a, 0x00, 0xa4, 0xbf, 0x02, 0x00, 0x60, 0xd7, 0xfb, 0x03, 0x01, 0x00, 0x03, 0x00, 0x60, 0xd7,
  0xfb, 0x05, 0x01, 0x00, 0x02, 0x81, 0x82, 0x84, 0x09, 0x00, 0x87, 0xbf, 0x00, 0x02, 0x02, 0x80,
  0x01, 0x03, 0x03, 0x82, 0x80, 0x00, 0x4a, 0xdc, 0x15, 0x00, 0x02, 0x32, 0xe4, 0x00, 0x51, 0xdc,
  0x00, 0x00, 0x7c, 0x14, 0x80, 0x02, 0x66, 0x7e, 0xf7, 0x03, 0x89, 0xbf, 0x81, 0x28, 0x9a, 0x7c,
  0x80, 0x02, 0x28, 0x7e, 0x0a, 0x00, 0xa4, 0xbf, 0x02, 0x00, 0x60, 0xd7, 0xfb, 0x07, 0x01, 0x00,
  0x03, 0x00, 0x60, 0xd7, 0xfb, 0x09, 0x01, 0x00, 0x02, 0x81, 0x82, 0x84, 0x09, 0x00, 0x87, 0xbf,
  0x00, 0x02, 0x02, 0x80, 0x01, 0x03, 0x03, 0x82, 0x80, 0x00, 0x4a, 0xdc, 0x15, 0x00, 0x02, 0x14,
  0xf7, 0x03, 0x89, 0xbf, 0xe4, 0x00, 0x69, 0xdc, 0x00, 0x14, 0x7c, 0x00, 0xe8, 0x00, 0x51, 0xdc,
  0x00, 0x00, 0x7c, 0x14, 0xf7, 0x03, 0x89, 0xbf, 0x81, 0x28, 0x9a, 0x7c, 0x0a, 0x00, 0xa4, 0xbf,
  0x02, 0x00, 0x60, 0xd7, 0xfb, 0x0b, 0x01, 0x00, 0x03, 0x00, 0x60, 0xd7, 0xfb, 0x0d, 0x01, 0x00,
  0x02, 0x81, 0x82, 0x84, 0x09, 0x00, 0x87, 0xbf, 0x00, 0x02, 0x02, 0x80, 0x01, 0x03, 0x03, 0x82,
  0x80, 0x00, 0x4a, 0xdc, 0x15, 0x00, 0x02, 0x33, 0xec, 0x00, 0x51, 0xdc, 0x00, 0x00, 0x7c, 0x14,
  0x80, 0x00, 0x10, 0xca, 0x80, 0x00, 0x6c, 0x34, 0xf7, 0x03, 0x89, 0xbf, 0x81, 0x28, 0x9a, 0x7c,
  0x0a, 0x00, 0xa4, 0xbf, 0x02, 0x00, 0x60, 0xd7, 0xfb, 0x0f, 0x01, 0x00, 0x03, 0x00, 0x60, 0xd7,
  0xfb, 0x11, 0x01, 0x00, 0x02, 0x81, 0x82, 0x84, 0x09, 0x00, 0x87, 0xbf, 0x00, 0x02, 0x02, 0x80,
  0x01, 0x03, 0x03, 0x82, 0x80, 0x00, 0x4a, 0xdc, 0x15, 0x00, 0x02, 0x6d, 0xf4, 0x00, 0x51, 0xdc,
  0x00, 0x00, 0x7c, 0x14, 0xf7, 0x03, 0x89, 0xbf, 0x81, 0x28, 0x9a, 0x7c, 0x0a, 0x00, 0xa4, 0xbf,
  0x02, 0x00, 0x60, 0xd7, 0xfb, 0x13, 0x01, 0x00, 0x03, 0x00, 0x60, 0xd7, 0xfb, 0x15, 0x01, 0x00,
  0x02, 0x81, 0x82, 0x84, 0x09, 0x00, 0x87, 0xbf, 0x00, 0x02, 0x02, 0x80, 0x01, 0x03, 0x03, 0x82,
  0x80, 0x00, 0x4a, 0xdc, 0x15, 0x00, 0x02, 0x34, 0xf8, 0x00, 0x51, 0xdc, 0x00, 0x00, 0x7c, 0x14,
  0x80, 0x00, 0x10, 0xca, 0x80, 0x00, 0x6e, 0x6e, 0xf7, 0x03, 0x89, 0xbf, 0x81, 0x28, 0x9a, 0x7c,
  0x0a, 0x00, 0xa4, 0xbf, 0x02, 0x00, 0x60, 0xd7, 0xfb, 0x17, 0x01, 0x00, 0x03, 0x00, 0x60, 0xd7,
  0xfb, 0x19, 0x01, 0x00, 0x02, 0x81, 0x82, 0x84, 0x09, 0x00, 0x87, 0xbf, 0x00, 0x02, 0x02, 0x80,
  0x01, 0x03, 0x03, 0x82, 0x80, 0x00, 0x4a, 0xdc, 0x15, 0x00, 0x02, 0x6f, 0x00, 0x01, 0x51, 0xdc,
  0x00, 0x00, 0x7c, 0x14, 0xf7, 0x03, 0x89, 0xbf, 0x81, 0x28, 0x9a, 0x7c, 0x0a, 0x00, 0xa4, 0xbf,
  0x02, 0x00, 0x60, 0xd7, 0xfb, 0x1b, 0x01, 0x00, 0x03, 0x00, 0x60, 0xd7, 0xfb, 0x1d, 0x01, 0x00,
  0x02, 0x81, 0x82, 0x84, 0x09, 0x00, 0x87, 0xbf, 0x00, 0x02, 0x02, 0x80, 0x01, 0x03, 0x03, 0x82,
  0x80, 0x00, 0x4a, 0xdc, 0x15, 0x00, 0x02, 0x6e, 0x04, 0x01, 0x51, 0xdc, 0x00, 0x00, 0x7c, 0x14,
  0x80, 0x00, 0x10, 0xca, 0x80, 0x00, 0x70, 0x70, 0xf7, 0x03, 0x89, 0xbf, 0x81, 0x28, 0x9a, 0x7c,
  0x0a, 0x00, 0xa4, 0xbf, 0x02, 0x00, 0x60, 0xd7, 0xfb, 0x1f, 0x01, 0x00, 0x03, 0x00, 0x60, 0xd7,
  0xfb, 0x21, 0x01, 0x00, 0x02, 0x81, 0x82, 0x84, 0x09, 0x00, 0x87, 0xbf, 0x00, 0x02, 0x02, 0x80,
  0x01, 0x03, 0x03, 0x82, 0x80, 0x00, 0x4a, 0xdc, 0x15, 0x00, 0x02, 0x71, 0x1f, 0x00, 0x85, 0xbf,
  0xe8, 0x00, 0x69, 0xdc, 0x00, 0x34, 0x7c, 0x00, 0xe0, 0x00, 0x69, 0xdc, 0x00, 0x33, 0x7c, 0x00,
  0xd4, 0x00, 0x69, 0xdc, 0x00, 0x32, 0x7c, 0x00, 0xcc, 0x00, 0x69, 0xdc, 0x00, 0x31, 0x7c, 0x00,
  0xc4, 0x00, 0x69, 0xdc, 0x00, 0x30, 0x7c, 0x00, 0xbc, 0x00, 0x69, 0xdc, 0x00, 0x2f, 0x7c, 0x00,
  0xb0, 0x00, 0x69, 0xdc, 0x00, 0x2e, 0x7c, 0x00, 0xa8, 0x00, 0x69, 0xdc, 0x00, 0x2d, 0x7c, 0x00,
  0xa0, 0x00, 0x69, 0xdc, 0x00, 0x2c, 0x7c, 0x00, 0x98, 0x00, 0x69, 0xdc, 0x00, 0x2b, 0x7c, 0x00,
  0x90, 0x00, 0x69, 0xdc, 0x00, 0x2a, 0x7c, 0x00, 0x88, 0x00, 0x69, 0xdc, 0x00, 0x29, 0x7c, 0x00,
  0x80, 0x00, 0x69, 0xdc, 0x00, 0x28, 0x7c, 0x00, 0x78, 0x00, 0x69, 0xdc, 0x00, 0x27, 0x7c, 0x00,
  0x70, 0x00, 0x69, 0xdc, 0x00, 0x26, 0x7c, 0x00, 0x6c, 0x00, 0x69, 0xdc, 0x00, 0x25, 0x7c, 0x00,
  0x68, 0x00, 0x69, 0xdc, 0x00, 0x24, 0x7c, 0x00, 0x64, 0x00, 0x69, 0xdc, 0x00, 0x23, 0x7c, 0x00,
  0x60, 0x00, 0x69, 0xdc, 0x00, 0x22, 0x7c, 0x00, 0x5c, 0x00, 0x69, 0xdc, 0x00, 0x21, 0x7c, 0x00,
  0x58, 0x00, 0x69, 0xdc, 0x00, 0x20, 0x7c, 0x00, 0x54, 0x00, 0x69, 0xdc, 0x00, 0x1f, 0x7c, 0x00,
  0x50, 0x00, 0x69, 0xdc, 0x00, 0x1e, 0x7c, 0x00, 0x4c, 0x00, 0x69, 0xdc, 0x00, 0x1d, 0x7c, 0x00,
  0x48, 0x00, 0x69, 0xdc, 0x00, 0x1c, 0x7c, 0x00, 0x44, 0x00, 0x69, 0xdc, 0x00, 0x1b, 0x7c, 0x00,
  0x40, 0x00, 0x69, 0xdc, 0x00, 0x1a, 0x7c, 0x00, 0x3c, 0x00, 0x69, 0xdc, 0x00, 0x19, 0x7c, 0x00,
  0x38, 0x00, 0x69, 0xdc, 0x00, 0x18, 0x7c, 0x00, 0x34, 0x00, 0x69, 0xdc, 0x00, 0x17, 0x7c, 0x00,
  0x30, 0x00, 0x69, 0xdc, 0x00, 0x16, 0x7c, 0x00, 0xec, 0x00, 0x6d, 0xdc, 0x00, 0x73, 0x7c, 0x00,
  0x08, 0x01, 0x51, 0xdc, 0x00, 0x00, 0x7c, 0x14, 0xf7, 0x03, 0x89, 0xbf, 0x81, 0x28, 0x9a, 0x7c,
  0x0a, 0x00, 0xa4, 0xbf, 0x02, 0x00, 0x60, 0xd7, 0xfb, 0x23, 0x01, 0x00, 0x03, 0x00, 0x60, 0xd7,
  0xfb, 0x25, 0x01, 0x00, 0x02, 0x81, 0x82, 0x84, 0x09, 0x00, 0x87, 0xbf, 0x00, 0x02, 0x02, 0x80,
  0x01, 0x03, 0x03, 0x82, 0x80, 0x00, 0x4a, 0xdc, 0x15, 0x00, 0x02, 0x70, 0xfc, 0x00, 0x51, 0xdc,
  0x00, 0x00, 0x7c, 0x28, 0x54, 0x00, 0x01, 0xd5, 0x80, 0xfe, 0x79, 0x00, 0x00, 0x00, 0x80, 0x42,
  0x53, 0x00, 0x01, 0xd5, 0x80, 0xfe, 0x75, 0x00, 0x00, 0x00, 0x80, 0x42, 0x52, 0x00, 0x01, 0xd5,
  0x80, 0xfe, 0x71, 0x00, 0x00, 0x00, 0x80, 0x42, 0x51, 0x00, 0x01, 0xd5, 0x80, 0xfe, 0x59, 0x00,
  0x00, 0x00, 0x80, 0x42, 0x50, 0x00, 0x01, 0xd5, 0x80, 0xfe, 0x95, 0x00, 0x00, 0x00, 0x80, 0x42,
  0x4f, 0x00, 0x01, 0xd5, 0x80, 0xfe, 0x8d, 0x00, 0x00, 0x00, 0x80, 0x42, 0x4e, 0x00, 0x01, 0xd5,
  0x80, 0xfe, 0x89, 0x00, 0x00, 0x00, 0x80, 0x42, 0x4d, 0x00, 0x01, 0xd5, 0x80, 0xfe, 0x85, 0x00,
  0x00, 0x00, 0x80, 0x42, 0x4c, 0x00, 0x01, 0xd5, 0x80, 0xfe, 0x7d, 0x00, 0x00, 0x00, 0x80, 0x42,
  0x4b, 0x00, 0x01, 0xd5, 0x80, 0xfe, 0xad, 0x00, 0x00, 0x00, 0x80, 0x42, 0x4a, 0x00, 0x01, 0xd5,
  0x80, 0xfe, 0xa5, 0x00, 0x00, 0x00, 0x80, 0x42, 0x49, 0x00, 0x01, 0xd5, 0x80, 0xfe, 0xa1, 0x00,
  0x00, 0x00, 0x80, 0x42, 0x48, 0x00, 0x01, 0xd5, 0x80, 0xfe, 0x99, 0x00, 0x00, 0x00, 0x80, 0x42,
  0x47, 0x00, 0x01, 0xd5, 0x80, 0xfe, 0x91, 0x00, 0x00, 0x00, 0x80, 0x42, 0x46, 0x00, 0x01, 0xd5,
  0x80, 0xfe, 0xc1, 0x00, 0x00, 0x00, 0x80, 0x42, 0x45, 0x00, 0x01, 0xd5, 0x80, 0xfe, 0xb9, 0x00,
  0x00, 0x00, 0x80, 0x42, 0x44, 0x00, 0x01, 0xd5, 0x80, 0xfe, 0xb5, 0x00, 0x00, 0x00, 0x80, 0x42,
  0x43, 0x00, 0x01, 0xd5, 0x80, 0xfe, 0xb1, 0x00, 0x00, 0x00, 0x80, 0x42, 0x42, 0x00, 0x01, 0xd5,
  0x80, 0xfe, 0xa9, 0x00, 0x00, 0x00, 0x80, 0x42, 0x41, 0x00, 0x01, 0xd5, 0x80, 0xfe, 0xdd, 0x00,
  0x00, 0x00, 0x80, 0x42, 0x40, 0x00, 0x01, 0xd5, 0x80, 0xfe, 0xcd, 0x00, 0x00, 0x00, 0x80, 0x42,
  0x3f, 0x00, 0x01, 0xd5, 0x80, 0xfe, 0xc9, 0x00, 0x00, 0x00, 0x80, 0x42, 0x3e, 0x00, 0x01, 0xd5,
  0x80, 0xfe, 0xc5, 0x00, 0x00, 0x00, 0x80, 0x42, 0x3d, 0x00, 0x01, 0xd5, 0x80, 0xfe, 0xbd, 0x00,
  0x00, 0x00, 0x80, 0x42, 0x3c, 0x00, 0x01, 0xd5, 0x80, 0xfe, 0x09, 0x01, 0x00, 0x00, 0x80, 0x42,
  0x3b, 0x00, 0x01, 0xd5, 0x80, 0xfe, 0x01, 0x01, 0x00, 0x00, 0x80, 0x42, 0x3a, 0x00, 0x01, 0xd5,
  0x80, 0xfe, 0xe5, 0x00, 0x00, 0x00, 0x80, 0x42, 0x39, 0x00, 0x01, 0xd5, 0x80, 0xfe, 0xe1, 0x00,
  0x00, 0x00, 0x80, 0x42, 0x38, 0x00, 0x01, 0xd5, 0x80, 0xfe, 0xd9, 0x00, 0x00, 0x00, 0x80, 0x42,
  0x37, 0x00, 0x01, 0xd5, 0x80, 0xfe, 0x19, 0x01, 0x00, 0x00, 0x80, 0x42, 0x36, 0x00, 0x01, 0xd5,
  0x80, 0xfe, 0x11, 0x01, 0x00, 0x00, 0x80, 0x42, 0x35, 0x00, 0x01, 0xd5, 0x80, 0xfe, 0x0d, 0x01,
  0x00, 0x00, 0x80, 0x42, 0x34, 0x00, 0x01, 0xd5, 0x80, 0xfe, 0xd5, 0x00, 0x00, 0x00, 0x80, 0x42,
  0x33, 0x00, 0x01, 0xd5, 0x80, 0xfe, 0x05, 0x01, 0x00, 0x00, 0x80, 0x42, 0x32, 0x00, 0x01, 0xd5,
  0x80, 0xfe, 0x7d, 0x01, 0x00, 0x00, 0x80, 0x42, 0x31, 0x00, 0x01, 0xd5, 0x80, 0xfe, 0x75, 0x01,
  0x00, 0x00, 0x80, 0x42, 0x30, 0x00, 0x01, 0xd5, 0x80, 0xfe, 0x71, 0x01, 0x00, 0x00, 0x80, 0x42,
  0x2f, 0x00, 0x01, 0xd5, 0x80, 0xfe, 0x1d, 0x01, 0x00, 0x00, 0x80, 0x42, 0x2e, 0x00, 0x01, 0xd5,
  0x80, 0xfe, 0x15, 0x01, 0x00, 0x00, 0x80, 0x42, 0x2d, 0x00, 0x01, 0xd5, 0x80, 0xfe, 0x8d, 0x01,
  0x00, 0x00, 0x80, 0x42, 0x2c, 0x00, 0x01, 0xd5, 0x80, 0xfe, 0x89, 0x01, 0x00, 0x00, 0x80, 0x42,
  0x2b, 0x00, 0x01, 0xd5, 0x80, 0xfe, 0x85, 0x01, 0x00, 0x00, 0x80, 0x42, 0x2a, 0x00, 0x01, 0xd5,
  0x80, 0xfe, 0x81, 0x01, 0x00, 0x00, 0x80, 0x42, 0x29, 0x00, 0x01, 0xd5, 0x80, 0xfe, 0x79, 0x01,
  0x00, 0x00, 0x80, 0x42, 0x27, 0x00, 0x01, 0xd5, 0x80, 0xfe, 0x55, 0x00, 0x00, 0x00, 0x80, 0x42,
  0x26, 0x00, 0x01, 0xd5, 0x80, 0xfe, 0x2d, 0x00, 0x00, 0x00, 0x80, 0x42, 0x25, 0x00, 0x01, 0xd5,
  0x80, 0xfe, 0x29, 0x00, 0x00, 0x00, 0x80, 0x42, 0x24, 0x00, 0x01, 0xd5, 0x80, 0xfe, 0x5d, 0x00,
  0x00, 0x00, 0x80, 0x42, 0x23, 0x00, 0x01, 0xd5, 0x80, 0xfe, 0x25, 0x00, 0x00, 0x00, 0x80, 0x42,
  0x22, 0x00, 0x01, 0xd5, 0x80, 0xfe, 0x41, 0x00, 0x00, 0x00, 0x80, 0x42, 0x21, 0x00, 0x01, 0xd5,
  0x80, 0xfe, 0x3d, 0x00, 0x00, 0x00, 0x80, 0x42, 0x20, 0x00, 0x01, 0xd5, 0x80, 0xfe, 0x39, 0x00,
  0x00, 0x00, 0x80, 0x42, 0x1f, 0x00, 0x01, 0xd5, 0x80, 0xfe, 0x35, 0x00, 0x00, 0x00, 0x80, 0x42,
  0x1e, 0x00, 0x01, 0xd5, 0x80, 0xfe, 0x31, 0x00, 0x00, 0x00, 0x80, 0x42, 0x1d, 0x00, 0x01, 0xd5,
  0x80, 0xfe, 0x51, 0x00, 0x00, 0x00, 0x80, 0x42, 0x1c, 0x00, 0x01, 0xd5, 0x80, 0xfe, 0x4d, 0x00,
  0x00, 0x00, 0x80, 0x42, 0x1b, 0x00, 0x01, 0xd5, 0x80, 0xfe, 0x49, 0x00, 0x00, 0x00, 0x80, 0x42,
  0x1a, 0x00, 0x01, 0xd5, 0x80, 0xfe, 0x45, 0x00, 0x00, 0x00, 0x80, 0x42, 0x19, 0x00, 0x01, 0xd5,
  0x80, 0xfe, 0x9d, 0x00, 0x00, 0x00, 0x80, 0x42, 0x18, 0x00, 0x01, 0xd5, 0x80, 0xfe, 0xfd, 0x00,
  0x00, 0x00, 0x80, 0x42, 0x17, 0x00, 0x01, 0xd5, 0x80, 0xfe, 0xf9, 0x00, 0x00, 0x00, 0x80, 0x42,
  0x16, 0x00, 0x01, 0xd5, 0x80, 0xfe, 0xed, 0x00, 0x00, 0x00, 0x80, 0x42, 0x14, 0x00, 0x01, 0xd5,
  0x80, 0xfe, 0xe9, 0x00, 0x00, 0x00, 0x80, 0x42, 0x80, 0x00, 0x10, 0xca, 0x80, 0x00, 0x72, 0x72,
  0xf7, 0x03, 0x89, 0xbf, 0x81, 0x50, 0x9a, 0x7c, 0x28, 0x00, 0x01, 0xd5, 0x80, 0xfe, 0xd1, 0x00,
  0x00, 0x00, 0x80, 0x42, 0x0a, 0x00, 0xa4, 0xbf, 0x02, 0x00, 0x60, 0xd7, 0xfb, 0x27, 0x01, 0x00,
  0x03, 0x00, 0x60, 0xd7, 0xfb, 0x29, 0x01, 0x00, 0x02, 0x81, 0x82, 0x84, 0x09, 0x00, 0x87, 0xbf,
  0x00, 0x02, 0x02, 0x80, 0x01, 0x03, 0x03, 0x82, 0x80, 0x00, 0x4a, 0xdc, 0x15, 0x00, 0x02, 0x73,
  0x80, 0x04, 0x5d, 0xdc, 0x00, 0x00, 0x7c, 0x55, 0xf7, 0x03, 0x89, 0xbf, 0xff, 0xaa, 0x00, 0xc8,
  0xff, 0xac, 0x52, 0x54, 0x3b, 0xaa, 0xb8, 0x3f, 0xff, 0xae, 0x00, 0xc8, 0xff, 0xb0, 0x50, 0x52,
  0x3b, 0xaa, 0xb8, 0x3f, 0x70, 0x04, 0x5d, 0xdc, 0x00, 0x00, 0x7c, 0x55, 0xf7, 0x03, 0x89, 0xbf,
  0xff, 0xaa, 0x00, 0xc8, 0xff, 0xac, 0x4e, 0x50, 0x3b, 0xaa, 0xb8, 0x3f, 0xff, 0xae, 0x00, 0xc8,
  0xff, 0xb0, 0x4c, 0x4e, 0x3b, 0xaa, 0xb8, 0x3f, 0x60, 0x04, 0x5d, 0xdc, 0x00, 0x00, 0x7c, 0x55,
  0xf7, 0x03, 0x89, 0xbf, 0xff, 0xaa, 0x00, 0xc8, 0xff, 0xac, 0x4a, 0x4c, 0x3b, 0xaa, 0xb8, 0x3f,
  0xff, 0xae, 0x00, 0xc8, 0xff, 0xb0, 0x48, 0x4a, 0x3b, 0xaa, 0xb8, 0x3f, 0x50, 0x04, 0x5d, 0xdc,
  0x00, 0x00, 0x7c, 0x55, 0xf7, 0x03, 0x89, 0xbf, 0xff, 0xaa, 0x00, 0xc8, 0xff, 0xac, 0x46, 0x48,
  0x3b, 0xaa, 0xb8, 0x3f, 0xff, 0xae, 0x00, 0xc8, 0xff, 0xb0, 0x44, 0x46, 0x3b, 0xaa, 0xb8, 0x3f,
  0x40, 0x04, 0x5d, 0xdc, 0x00, 0x00, 0x7c, 0x55, 0xf7, 0x03, 0x89, 0xbf, 0xff, 0xaa, 0x00, 0xc8,
  0xff, 0xac, 0x42, 0x44, 0x3b, 0xaa, 0xb8, 0x3f, 0xff, 0xae, 0x00, 0xc8, 0xff, 0xb0, 0x40, 0x42,
  0x3b, 0xaa, 0xb8, 0x3f, 0x30, 0x04, 0x5d, 0xdc, 0x00, 0x00, 0x7c, 0x55, 0xf7, 0x03, 0x89, 0xbf,
  0xff, 0xaa, 0x00, 0xc8, 0xff, 0xac, 0x3e, 0x40, 0x3b, 0xaa, 0xb8, 0x3f, 0xff, 0xae, 0x00, 0xc8,
  0xff, 0xb0, 0x3c, 0x3e, 0x3b, 0xaa, 0xb8, 0x3f, 0x20, 0x04, 0x5d, 0xdc, 0x00, 0x00, 0x7c, 0x55,
  0xf7, 0x03, 0x89, 0xbf, 0xff, 0xaa, 0x00, 0xc8, 0xff, 0xac, 0x3a, 0x3c, 0x3b, 0xaa, 0xb8, 0x3f,
  0xff, 0xae, 0x00, 0xc8, 0xff, 0xb0, 0x38, 0x3a, 0x3b, 0xaa, 0xb8, 0x3f, 0x10, 0x04, 0x5d, 0xdc,
  0x00, 0x00, 0x7c, 0x55, 0xf7, 0x03, 0x89, 0xbf, 0xff, 0xaa, 0x00, 0xc8, 0xff, 0xac, 0x36, 0x38,
  0x3b, 0xaa, 0xb8, 0x3f, 0xff, 0xae, 0x00, 0xc8, 0xff, 0xb0, 0x34, 0x36, 0x3b, 0xaa, 0xb8, 0x3f,
  0x00, 0x04, 0x5d, 0xdc, 0x00, 0x00, 0x7c, 0x55, 0xf7, 0x03, 0x89, 0xbf, 0xff, 0xaa, 0x00, 0xc8,
  0xff, 0xac, 0x32, 0x34, 0x3b, 0xaa, 0xb8, 0x3f, 0xff, 0xae, 0x00, 0xc8, 0xff, 0xb0, 0x30, 0x32,
  0x3b, 0xaa, 0xb8, 0x3f, 0xf0, 0x03, 0x5d, 0xdc, 0x00, 0x00, 0x7c, 0x55, 0xf7, 0x03, 0x89, 0xbf,
  0xff, 0xaa, 0x00, 0xc8, 0xff, 0xac, 0x2e, 0x30, 0x3b, 0xaa, 0xb8, 0x3f, 0xff, 0xae, 0x00, 0xc8,
  0xff, 0xb0, 0x2c, 0x2e, 0x3b, 0xaa, 0xb8, 0x3f, 0xe0, 0x03, 0x5d, 0xdc, 0x00, 0x00, 0x7c, 0x55,
  0xf7, 0x03, 0x89, 0xbf, 0xff, 0xaa, 0x00, 0xc8, 0xff, 0xac, 0x2a, 0x2c, 0x3b, 0xaa, 0xb8, 0x3f,
  0xff, 0xae, 0x00, 0xc8, 0xff, 0xb0, 0x28, 0x2a, 0x3b, 0xaa, 0xb8, 0x3f, 0xd0, 0x03, 0x5d, 0xdc,
  0x00, 0x00, 0x7c, 0x55, 0xf7, 0x03, 0x89, 0xbf, 0xff, 0xaa, 0x00, 0xc8, 0xff, 0xac, 0x26, 0x27,
  0x3b, 0xaa, 0xb8, 0x3f, 0xff, 0xae, 0x00, 0xc8, 0xff, 0xb0, 0x24, 0x25, 0x3b, 0xaa, 0xb8, 0x3f,
  0xc0, 0x03, 0x5d, 0xdc, 0x00, 0x00, 0x7c, 0x55, 0xf7, 0x03, 0x89, 0xbf, 0xff, 0xaa, 0x00, 0xc8,
  0xff, 0xac, 0x22, 0x23, 0x3b, 0xaa, 0xb8, 0x3f, 0xff, 0xae, 0x00, 0xc8, 0xff, 0xb0, 0x20, 0x21,
  0x3b, 0xaa, 0xb8, 0x3f, 0xa0, 0x03, 0x5d, 0xdc, 0x00, 0x00, 0x7c, 0x55, 0xf7, 0x03, 0x89, 0xbf,
  0xff, 0xaa, 0x00, 0xc8, 0xff, 0xac, 0x1e, 0x1f, 0x3b, 0xaa, 0xb8, 0x3f, 0xff, 0xae, 0x00, 0xc8,
  0xff, 0xb0, 0x1c, 0x1d, 0x3b, 0xaa, 0xb8, 0x3f, 0xb0, 0x03, 0x5d, 0xdc, 0x00, 0x00, 0x7c, 0x55,
  0xf7, 0x03, 0x89, 0xbf, 0xff, 0xaa, 0x00, 0xc8, 0xff, 0xac, 0x1a, 0x1b, 0x3b, 0xaa, 0xb8, 0x3f,
  0xff, 0xae, 0x00, 0xc8, 0xff, 0xb0, 0x18, 0x19, 0x3b, 0xaa, 0xb8, 0x3f, 0x90, 0x03, 0x5d, 0xdc,
  0x00, 0x00, 0x7c, 0x55, 0xf7, 0x03, 0x89, 0xbf, 0xff, 0xaa, 0x00, 0xc8, 0xff, 0xac, 0x16, 0x17,
  0x3b, 0xaa, 0xb8, 0x3f, 0xd8, 0x00, 0x51, 0xdc, 0x00, 0x00, 0x7c, 0x55, 0xff, 0xae, 0x28, 0x56,
  0x3b, 0xaa, 0xb8, 0x3f, 0xff, 0xb0, 0x50, 0x56, 0x3b, 0xaa, 0xb8, 0x3f, 0xf7, 0x03, 0x89, 0xbf,
  0x81, 0xaa, 0x9a, 0x7c, 0x0a, 0x00, 0xa4, 0xbf, 0x02, 0x00, 0x60, 0xd7, 0xfb, 0x2b, 0x01, 0x00,
  0x03, 0x00, 0x60, 0xd7, 0xfb, 0x2d, 0x01, 0x00, 0x02, 0x81, 0x82, 0x84, 0x09, 0x00, 0x87, 0xbf,
  0x00, 0x02, 0x02, 0x80, 0x01, 0x03, 0x03, 0x82, 0x80, 0x00, 0x4a, 0xdc, 0x15, 0x00, 0x02, 0x72,
  0xb8, 0x00, 0x51, 0xdc, 0x00, 0x00, 0x7c, 0x58, 0x1e, 0x01, 0x04, 0xf4, 0x18, 0x00, 0x00, 0xf8,
  0x54, 0x4b, 0xa8, 0x7e, 0x53, 0x4b, 0xa6, 0x7e, 0x52, 0x4b, 0xa4, 0x7e, 0x51, 0x4b, 0xa2, 0x7e,
  0x50, 0x4b, 0xa0, 0x7e, 0x4f, 0x4b, 0x9e, 0x7e, 0x4e, 0x4b, 0x9c, 0x7e, 0x4d, 0x4b, 0x9a, 0x7e,
  0x4c, 0x4b, 0x98, 0x7e, 0x4b, 0x4b, 0x96, 0x7e, 0x4a, 0x4b, 0x94, 0x7e, 0x49, 0x4b, 0x92, 0x7e,
  0x48, 0x4b, 0x90, 0x7e, 0x47, 0x4b, 0x8e, 0x7e, 0x46, 0x4b, 0x8c, 0x7e, 0x45, 0x4b, 0x8a, 0x7e,
  0x44, 0x4b, 0x88, 0x7e, 0x43, 0x4b, 0x86, 0x7e, 0x42, 0x4b, 0x84, 0x7e, 0x41, 0x4b, 0x82, 0x7e,
  0x40, 0x4b, 0x80, 0x7e, 0x3f, 0x4b, 0x7e, 0x7e, 0x3e, 0x4b, 0x7c, 0x7e, 0x3d, 0x4b, 0x7a, 0x7e,
  0x3c, 0x4b, 0x78, 0x7e, 0x3b, 0x4b, 0x76, 0x7e, 0x3a, 0x4b, 0x74, 0x7e, 0x39, 0x4b, 0x72, 0x7e,
  0x38, 0x4b, 0x70, 0x7e, 0x37, 0x4b, 0x6e, 0x7e, 0x36, 0x4b, 0x6c, 0x7e, 0x35, 0x4b, 0x6a, 0x7e,
  0x34, 0x4b, 0x68, 0x7e, 0x33, 0x4b, 0x66, 0x7e, 0x32, 0x4b, 0x64, 0x7e, 0x31, 0x4b, 0x62, 0x7e,
  0x30, 0x4b, 0x60, 0x7e, 0x2f, 0x4b, 0x5e, 0x7e, 0x2e, 0x4b, 0x5c, 0x7e, 0x2d, 0x4b, 0x5a, 0x7e,
  0x2c, 0x4b, 0x58, 0x7e, 0x2b, 0x4b, 0x56, 0x7e, 0x2a, 0x4b, 0x54, 0x7e, 0x29, 0x4b, 0x52, 0x7e,
  0x27, 0x4b, 0x4e, 0x7e, 0x26, 0x4b, 0x4c, 0x7e, 0x25, 0x4b, 0x4a, 0x7e, 0x24, 0x4b, 0x48, 0x7e,
  0x23, 0x4b, 0x46, 0x7e, 0x22, 0x4b, 0x44, 0x7e, 0x21, 0x4b, 0x42, 0x7e, 0x20, 0x4b, 0x40, 0x7e,
  0x1f, 0x4b, 0x3e, 0x7e, 0x1e, 0x4b, 0x3c, 0x7e, 0x1d, 0x4b, 0x3a, 0x7e, 0x1c, 0x4b, 0x38, 0x7e,
  0x1b, 0x4b, 0x36, 0x7e, 0x1a, 0x4b, 0x34, 0x7e, 0x19, 0x4b, 0x32, 0x7e, 0x18, 0x4b, 0x30, 0x7e,
  0x17, 0x4b, 0x20, 0x7f, 0x16, 0x4b, 0x2c, 0x7e, 0x14, 0x4b, 0x28, 0x7e, 0x28, 0x4b, 0x2e, 0x7e,
  0x55, 0x00, 0x01, 0xd5, 0xf2, 0xfe, 0x79, 0x00, 0x00, 0x00, 0x80, 0x1f, 0x56, 0x00, 0x01, 0xd5,
  0xf2, 0xfe, 0x75, 0x00, 0x00, 0x00, 0x80, 0x1f, 0x57, 0x00, 0x01, 0xd5, 0xf2, 0xfe, 0x71, 0x00,
  0x00, 0x00, 0x80, 0x1f, 0x59, 0x00, 0x01, 0xd5, 0xf2, 0xfe, 0x59, 0x00, 0x00, 0x00, 0x80, 0x1f,
  0x5c, 0x00, 0x01, 0xd5, 0xf2, 0xfe, 0x95, 0x00, 0x00, 0x00, 0x80, 0x1f, 0x5d, 0x00, 0x01, 0xd5,
  0xf2, 0xfe, 0x8d, 0x00, 0x00, 0x00, 0x80, 0x1f, 0x5e, 0x00, 0x01, 0xd5, 0xf2, 0xfe, 0x89, 0x00,
  0x00, 0x00, 0x80, 0x1f, 0x5f, 0x00, 0x01, 0xd5, 0xf2, 0xfe, 0x85, 0x00, 0x00, 0x00, 0x80, 0x1f,
  0x60, 0x00, 0x01, 0xd5, 0xf2, 0xfe, 0x7d, 0x00, 0x00, 0x00, 0x80, 0x1f, 0x61, 0x00, 0x01, 0xd5,
  0xf2, 0xfe, 0xad, 0x00, 0x00, 0x00, 0x80, 0x1f, 0x62, 0x00, 0x01, 0xd5, 0xf2, 0xfe, 0xa5, 0x00,
  0x00, 0x00, 0x80, 0x1f, 0x63, 0x00, 0x01, 0xd5, 0xf2, 0xfe, 0xa1, 0x00, 0x00, 0x00, 0x80, 0x1f,
  0x64, 0x00, 0x01, 0xd5, 0xf2, 0xfe, 0x99, 0x00, 0x00, 0x00, 0x80, 0x1f, 0x65, 0x00, 0x01, 0xd5,
  0xf2, 0xfe, 0x91, 0x00, 0x00, 0x00, 0x80, 0x1f, 0x66, 0x00, 0x01, 0xd5, 0xf2, 0xfe, 0xc1, 0x00,
  0x00, 0x00, 0x80, 0x1f, 0x67, 0x00, 0x01, 0xd5, 0xf2, 0xfe, 0xb9, 0x00, 0x00, 0x00, 0x80, 0x1f,
  0x68, 0x00, 0x01, 0xd5, 0xf2, 0xfe, 0xb5, 0x00, 0x00, 0x00, 0x80, 0x1f, 0x69, 0x00, 0x01, 0xd5,
  0xf2, 0xfe, 0xb1, 0x00, 0x00, 0x00, 0x80, 0x1f, 0x6a, 0x00, 0x01, 0xd5, 0xf2, 0xfe, 0xa9, 0x00,
  0x00, 0x00, 0x80, 0x1f, 0x6b, 0x00, 0x01, 0xd5, 0xf2, 0xfe, 0xdd, 0x00, 0x00, 0x00, 0x80, 0x1f,
  0x6c, 0x00, 0x01, 0xd5, 0xf2, 0xfe, 0xcd, 0x00, 0x00, 0x00, 0x80, 0x1f, 0x78, 0x00, 0x01, 0xd5,
  0xf2, 0xfe, 0xc9, 0x00, 0x00, 0x00, 0x80, 0x1f, 0x79, 0x00, 0x01, 0xd5, 0xf2, 0xfe, 0xc5, 0x00,
  0x00, 0x00, 0x80, 0x1f, 0x7a, 0x00, 0x01, 0xd5, 0xf2, 0xfe, 0xbd, 0x00, 0x00, 0x00, 0x80, 0x1f,
  0x7b, 0x00, 0x01, 0xd5, 0xf2, 0xfe, 0x09, 0x01, 0x00, 0x00, 0x80, 0x1f, 0x7c, 0x00, 0x01, 0xd5,
  0xf2, 0xfe, 0x01, 0x01, 0x00, 0x00, 0x80, 0x1f, 0x7d, 0x00, 0x01, 0xd5, 0xf2, 0xfe, 0xe5, 0x00,
  0x00, 0x00, 0x80, 0x1f, 0x7e, 0x00, 0x01, 0xd5, 0xf2, 0xfe, 0xe1, 0x00, 0x00, 0x00, 0x80, 0x1f,
  0x7f, 0x00, 0x01, 0xd5, 0xf2, 0xfe, 0xd9, 0x00, 0x00, 0x00, 0x80, 0x1f, 0x80, 0x00, 0x01, 0xd5,
  0xf2, 0xfe, 0x19, 0x01, 0x00, 0x00, 0x80, 0x1f, 0x81, 0x00, 0x01, 0xd5, 0xf2, 0xfe, 0x11, 0x01,
  0x00, 0x00, 0x80, 0x1f, 0x82, 0x00, 0x01, 0xd5, 0xf2, 0xfe, 0x0d, 0x01, 0x00, 0x00, 0x80, 0x1f,
  0x83, 0x00, 0x01, 0xd5, 0xf2, 0xfe, 0xd5, 0x00, 0x00, 0x00, 0x80, 0x1f, 0x84, 0x00, 0x01, 0xd5,
  0xf2, 0xfe, 0x05, 0x01, 0x00, 0x00, 0x80, 0x1f, 0x85, 0x00, 0x01, 0xd5, 0xf2, 0xfe, 0x7d, 0x01,
  0x00, 0x00, 0x80, 0x1f, 0x86, 0x00, 0x01, 0xd5, 0xf2, 0xfe, 0x75, 0x01, 0x00, 0x00, 0x80, 0x1f,
  0x87, 0x00, 0x01, 0xd5, 0xf2, 0xfe, 0x71, 0x01, 0x00, 0x00, 0x80, 0x1f, 0x88, 0x00, 0x01, 0xd5,
  0xf2, 0xfe, 0x1d, 0x01, 0x00, 0x00, 0x80, 0x1f, 0x89, 0x00, 0x01, 0xd5, 0xf2, 0xfe, 0x15, 0x01,
  0x00, 0x00, 0x80, 0x1f, 0x8a, 0x00, 0x01, 0xd5, 0xf2, 0xfe, 0x8d, 0x01, 0x00, 0x00, 0x80, 0x1f,
  0x8b, 0x00, 0x01, 0xd5, 0xf2, 0xfe, 0x89, 0x01, 0x00, 0x00, 0x80, 0x1f, 0x8c, 0x00, 0x01, 0xd5,
  0xf2, 0xfe, 0x85, 0x01, 0x00, 0x00, 0x80, 0x1f, 0x8d, 0x00, 0x01, 0xd5, 0xf2, 0xfe, 0x81, 0x01,
  0x00, 0x00, 0x80, 0x1f, 0x8e, 0x00, 0x01, 0xd5, 0xf2, 0xfe, 0x79, 0x01, 0x00, 0x00, 0x80, 0x1f,
  0x8f, 0x00, 0x01, 0xd5, 0xf2, 0xfe, 0x55, 0x00, 0x00, 0x00, 0x80, 0x1f, 0x94, 0x00, 0x01, 0xd5,
  0xf2, 0xfe, 0x2d, 0x00, 0x00, 0x00, 0x80, 0x1f, 0x95, 0x00, 0x01, 0xd5, 0xf2, 0xfe, 0x29, 0x00,
  0x00, 0x00, 0x80, 0x1f, 0x96, 0x00, 0x01, 0xd5, 0xf2, 0xfe, 0x5d, 0x00, 0x00, 0x00, 0x80, 0x1f,
  0x97, 0x00, 0x01, 0xd5, 0xf2, 0xfe, 0x25, 0x00, 0x00, 0x00, 0x80, 0x1f, 0x98, 0x00, 0x01, 0xd5,
  0xf2, 0xfe, 0x41, 0x00, 0x00, 0x00, 0x80, 0x1f, 0x99, 0x00, 0x01, 0xd5, 0xf2, 0xfe, 0x3d, 0x00,
  0x00, 0x00, 0x80, 0x1f, 0x9a, 0x00, 0x01, 0xd5, 0xf2, 0xfe, 0x39, 0x00, 0x00, 0x00, 0x80, 0x1f,
  0x9b, 0x00, 0x01, 0xd5, 0xf2, 0xfe, 0x35, 0x00, 0x00, 0x00, 0x80, 0x1f, 0x9c, 0x00, 0x01, 0xd5,
  0xf2, 0xfe, 0x31, 0x00, 0x00, 0x00, 0x80, 0x1f, 0x9d, 0x00, 0x01, 0xd5, 0xf2, 0xfe, 0x51, 0x00,
  0x00, 0x00, 0x80, 0x1f, 0x9e, 0x00, 0x01, 0xd5, 0xf2, 0xfe, 0x4d, 0x00, 0x00, 0x00, 0x80, 0x1f,
  0x9f, 0x00, 0x01, 0xd5, 0xf2, 0xfe, 0x49, 0x00, 0x00, 0x00, 0x80, 0x1f, 0xa0, 0x00, 0x01, 0xd5,
  0xf2, 0xfe, 0x45, 0x00, 0x00, 0x00, 0x80, 0x1f, 0xa1, 0x00, 0x01, 0xd5, 0xf2, 0xfe, 0x9d, 0x00,
  0x00, 0x00, 0x80, 0x1f, 0xa2, 0x00, 0x01, 0xd5, 0xf2, 0xfe, 0xfd, 0x00, 0x00, 0x00, 0x80, 0x1f,
  0xa3, 0x00, 0x01, 0xd5, 0xf2, 0xfe, 0xf9, 0x00, 0x00, 0x00, 0x80, 0x1f, 0x91, 0x00, 0x01, 0xd5,
  0xf2, 0xfe, 0xed, 0x00, 0x00, 0x00, 0x80, 0x1f, 0x92, 0x00, 0x01, 0xd5, 0xf2, 0xfe, 0xe9, 0x00,
  0x00, 0x00, 0x80, 0x1f, 0x93, 0x00, 0x01, 0xd5, 0xf2, 0xfe, 0xd1, 0x00, 0x00, 0x00, 0x80, 0x1f,
  0x80, 0x00, 0x10, 0xca, 0x80, 0x00, 0x74, 0x74, 0xf7, 0x03, 0x89, 0xbf, 0x81, 0xb0, 0x9a, 0x7c,
  0x0a, 0x00, 0xa4, 0xbf, 0x02, 0x00, 0x60, 0xd7, 0xfb, 0x2f, 0x01, 0x00, 0x03, 0x00, 0x60, 0xd7,
  0xfb, 0x31, 0x01, 0x00, 0x02, 0x81, 0x82, 0x84, 0x09, 0x00, 0x87, 0xbf, 0x00, 0x02, 0x02, 0x80,
  0x01, 0x03, 0x03, 0x82, 0x80, 0x00, 0x4a, 0xdc, 0x15, 0x00, 0x02, 0x75, 0x54, 0xab, 0xc6, 0xc8,
  0x53, 0xad, 0x5a, 0x5a, 0x4c, 0xc1, 0xc6, 0xc8, 0x4b, 0xc3, 0x52, 0x4c, 0x4a, 0xc5, 0xc6, 0xc8,
  0x49, 0xc7, 0x4a, 0x4a, 0x48, 0xc9, 0xc6, 0xc8, 0x47, 0xcb, 0x48, 0x48, 0x46, 0xcd, 0xc6, 0xc8,
  0x45, 0xcf, 0x46, 0x46, 0x44, 0xd1, 0xc6, 0xc8, 0x43, 0xd3, 0x44, 0x44, 0x42, 0xd5, 0xc6, 0xc8,
  0x41, 0xd7, 0x42, 0x42, 0x40, 0xd9, 0x80, 0x10, 0x3f, 0xf1, 0xc6, 0xc8, 0x3e, 0xf3, 0x3e, 0x41,
  0x3d, 0xf5, 0xc6, 0xc8, 0x3c, 0xf7, 0x3c, 0x3f, 0x3b, 0xf9, 0xc6, 0xc8, 0x3a, 0xfb, 0x3a, 0x3d,
  0x39, 0xfd, 0xc6, 0xc8, 0x38, 0xff, 0x38, 0x3b, 0x37, 0x01, 0xc7, 0xc8, 0x36, 0x03, 0x37, 0x39,
  0x35, 0x05, 0xc7, 0xc8, 0x34, 0x07, 0x35, 0x37, 0x33, 0x09, 0xc7, 0xc8, 0x32, 0x0b, 0x33, 0x35,
  0x31, 0x0d, 0xc7, 0xc8, 0x30, 0x0f, 0x31, 0x33, 0x2f, 0x11, 0xc7, 0xc8, 0x2e, 0x13, 0x2f, 0x31,
  0x2d, 0x15, 0xc7, 0xc8, 0x2c, 0x17, 0x2d, 0x2f, 0x2b, 0x19, 0xc7, 0xc8, 0x2a, 0x1b, 0x2b, 0x2d,
  0x29, 0x1d, 0xc7, 0xc8, 0x27, 0x1f, 0x29, 0x2b, 0x26, 0x29, 0xc7, 0xc8, 0x25, 0x2b, 0x27, 0x29,
  0x24, 0x2d, 0xc7, 0xc8, 0x23, 0x2f, 0x25, 0x27, 0x22, 0x31, 0xc7, 0xc8, 0x21, 0x33, 0x23, 0x25,
  0x20, 0x35, 0xc7, 0xc8, 0x1f, 0x37, 0x21, 0x23, 0x1e, 0x39, 0xc7, 0xc8, 0x1d, 0x3b, 0x1f, 0x21,
  0x1c, 0x3d, 0xc7, 0xc8, 0x1b, 0x3f, 0x1d, 0x1f, 0x1a, 0x41, 0xc7, 0xc8, 0x19, 0x43, 0x1b, 0x1d,
  0x18, 0x45, 0x37, 0x10, 0x54, 0x03, 0x51, 0xdc, 0x00, 0x00, 0x7c, 0x19, 0x52, 0xaf, 0xc6, 0xc8,
  0x51, 0xb3, 0x58, 0x58, 0x50, 0xb9, 0xc6, 0xc8, 0x4f, 0xbb, 0x56, 0x56, 0x4e, 0xbd, 0xc6, 0xc8,
  0x4d, 0xbf, 0x54, 0x54, 0x90, 0x47, 0x31, 0x10, 0x17, 0x27, 0x2f, 0x10, 0xf7, 0x03, 0x89, 0xbf,
  0x81, 0x32, 0x9a, 0x7c, 0x16, 0x23, 0xc7, 0xc8, 0x14, 0x25, 0x17, 0x19, 0x0a, 0x00, 0xa4, 0xbf,
  0x02, 0x00, 0x60, 0xd7, 0xfb, 0x37, 0x01, 0x00, 0x03, 0x00, 0x60, 0xd7, 0xfb, 0x39, 0x01, 0x00,
  0x02, 0x81, 0x82, 0x84, 0x09, 0x00, 0x87, 0xbf, 0x00, 0x02, 0x00, 0x80, 0x01, 0x03, 0x01, 0x82,
  0x80, 0x00, 0x4a, 0xdc, 0x15, 0x00, 0x00, 0x74, 0x07, 0x00, 0x89, 0xbf, 0x00, 0x00, 0x7c, 0xbc,
  0x00, 0x00, 0xbd, 0xbf, 0x00, 0x00, 0xac, 0xe0, 0x00, 0x00, 0x00, 0x00, 0x80, 0x07, 0xf0, 0xd8,
  0x13, 0x00, 0x00, 0x15, 0xc0, 0x07, 0xf0, 0xd8, 0x13, 0x00, 0x00, 0x50, 0x40, 0x07, 0xf0, 0xd8,
  0x13, 0x00, 0x00, 0x4f, 0x80, 0x00, 0x90, 0xbe, 0x04, 0x06, 0x1c, 0x80, 0x05, 0x07, 0x1d, 0x82,
  0x10, 0x00, 0x91, 0xbe, 0x10, 0x00, 0x92, 0xbe, 0x10, 0x00, 0x93, 0xbe, 0x10, 0x00, 0x94, 0xbe,
  0x10, 0x00, 0x95, 0xbe, 0x10, 0x00, 0x96, 0xbe, 0x10, 0x00, 0x97, 0xbe, 0x27, 0xfc, 0x89, 0xbf,
  0x90, 0x2a, 0x28, 0x30, 0x17, 0xfc, 0x89, 0xbf, 0x90, 0xa0, 0xa0, 0x30, 0x92, 0x00, 0x87, 0xbf,
  0xf4, 0x29, 0x28, 0x10, 0x90, 0x28, 0x2a, 0x32, 0x21, 0x01, 0x87, 0xbf, 0x81, 0x2a, 0x2a, 0x36,
  0x14, 0x29, 0x2e, 0x7c, 0x15, 0x00, 0x55, 0xd6, 0x14, 0x2b, 0xfe, 0x03, 0xff, 0x7f, 0x00, 0x00,
  0x91, 0x00, 0x87, 0xbf, 0xff, 0x2a, 0x2a, 0x36, 0x00, 0x00, 0xff, 0xff, 0xff, 0x2a, 0x28, 0x02,
  0x00, 0x00, 0xff, 0x7f, 0x91, 0x00, 0x87, 0xbf, 0x47, 0x29, 0x28, 0x10, 0x15, 0x00, 0x10, 0xd6,
  0x14, 0x21, 0x05, 0x02, 0x14, 0x29, 0x2e, 0x7c, 0x92, 0x00, 0x87, 0xbf, 0x15, 0x00, 0x55, 0xd6,
  0x14, 0x2b, 0xfe, 0x03, 0xff, 0x7f, 0x00, 0x00, 0x90, 0x2a, 0x9a, 0x32, 0x00, 0x06, 0xf0, 0xd8,
  0x13, 0x00, 0x00, 0x14, 0xc0, 0x06, 0xf0, 0xd8, 0x13, 0x00, 0x00, 0x15, 0x40, 0x06, 0xf0, 0xd8,
  0x13, 0x00, 0x00, 0x51, 0xf4, 0xa1, 0xd2, 0xc8, 0xff, 0x9a, 0x4c, 0x50, 0xff, 0x7f, 0x00, 0x00,
  0x27, 0xfc, 0x89, 0xbf, 0x90, 0x28, 0x28, 0x30, 0x17, 0xfc, 0x89, 0xbf, 0x91, 0x00, 0x87, 0xbf,
  0xf1, 0x29, 0xe2, 0xc8, 0x90, 0x2a, 0x14, 0x14, 0xf2, 0x2b, 0x2a, 0x10, 0x22, 0x01, 0x87, 0xbf,
  0x90, 0x28, 0x9c, 0x32, 0x00, 0x00, 0x17, 0xd4, 0x14, 0x29, 0x02, 0x00, 0x81, 0x9c, 0x9c, 0x36,
  0x91, 0x00, 0x87, 0xbf, 0x4e, 0x00, 0x55, 0xd6, 0x14, 0x9d, 0xfe, 0x03, 0xff, 0x7f, 0x00, 0x00,
  0xff, 0x9c, 0x9c, 0x36, 0x00, 0x00, 0xff, 0xff, 0x91, 0x00, 0x87, 0xbf, 0x14, 0x00, 0x01, 0xd5,
  0xff, 0x9c, 0x02, 0x00, 0x00, 0x00, 0xff, 0x7f, 0x48, 0x29, 0x28, 0x10, 0x21, 0x01, 0x87, 0xbf,
  0x4e, 0x00, 0x10, 0xd6, 0x14, 0x21, 0x05, 0x02, 0x00, 0x00, 0x17, 0xd4, 0x14, 0x29, 0x02, 0x00,
  0x4e, 0x00, 0x55, 0xd6, 0x14, 0x9d, 0xfe, 0x03, 0xff, 0x7f, 0x00, 0x00, 0x80, 0x06, 0xf0, 0xd8,
  0x13, 0x00, 0x00, 0x14, 0x90, 0x9c, 0x9c, 0x32, 0xb1, 0x00, 0x87, 0xbf, 0x4e, 0x00, 0x01, 0xd5,
  0xff, 0x9c, 0x02, 0x00, 0xff, 0x7f, 0x00, 0x00, 0x07, 0xfc, 0x89, 0xbf, 0x90, 0x28, 0x28, 0x30,
  0xf2, 0x29, 0x28, 0x10, 0x21, 0x01, 0x87, 0xbf, 0x90, 0x28, 0xa4, 0x32, 0x01, 0x00, 0x17, 0xd4,
  0x14, 0x29, 0x02, 0x00, 0x81, 0xa4, 0xa4, 0x36, 0x91, 0x00, 0x87, 0xbf, 0x52, 0x00, 0x55, 0xd6,
  0x14, 0xa5, 0xfe, 0x03, 0xff, 0x7f, 0x00, 0x00, 0xff, 0xa4, 0xa4, 0x36, 0x00, 0x00, 0xff, 0xff,
  0x91, 0x00, 0x87, 0xbf, 0x14, 0x00, 0x01, 0xd5, 0xff, 0xa4, 0x06, 0x00, 0x00, 0x00, 0xff, 0x7f,
  0x49, 0x29, 0x28, 0x10, 0x21, 0x01, 0x87, 0xbf, 0x52, 0x00, 0x10, 0xd6, 0x14, 0x21, 0x05, 0x02,
  0x01, 0x00, 0x17, 0xd4, 0x14, 0x29, 0x02, 0x00, 0x52, 0x00, 0x55, 0xd6, 0x14, 0xa5, 0xfe, 0x03,
  0xff, 0x7f, 0x00, 0x00, 0x00, 0x07, 0xf0, 0xd8, 0x13, 0x00, 0x00, 0x14, 0x90, 0xa4, 0xa4, 0x32,
  0x91, 0x00, 0x87, 0xbf, 0x52, 0x00, 0x01, 0xd5, 0xff, 0xa4, 0x06, 0x00, 0xff, 0x7f, 0x00, 0x00,
  0x87, 0x00, 0x44, 0xd6, 0x52, 0x9d, 0xfe, 0x03, 0x00, 0x01, 0x04, 0x05, 0x07, 0xfc, 0x89, 0xbf,
  0x90, 0x28, 0x28, 0x30, 0x91, 0x00, 0x87, 0xbf, 0xf3, 0x29, 0x28, 0x10, 0x90, 0x28, 0xb8, 0x32,
  0x02, 0x00, 0x17, 0xd4, 0x14, 0x29, 0x02, 0x00, 0x92, 0x00, 0x87, 0xbf, 0x81, 0xb8, 0xb8, 0x36,
  0x5c, 0x00, 0x55, 0xd6, 0x14, 0xb9, 0xfe, 0x03, 0xff, 0x7f, 0x00, 0x00, 0x91, 0x00, 0x87, 0xbf,
  0xff, 0xb8, 0xb8, 0x36, 0x00, 0x00, 0xff, 0xff, 0x14, 0x00, 0x01, 0xd5, 0xff, 0xb8, 0x0a, 0x00,
  0x00, 0x00, 0xff, 0x7f, 0x91, 0x00, 0x87, 0xbf, 0x46, 0x29, 0x28, 0x10, 0x5c, 0x00, 0x10, 0xd6,
  0x14, 0x21, 0x05, 0x02, 0x02, 0x00, 0x17, 0xd4, 0x14, 0x29, 0x02, 0x00, 0x92, 0x00, 0x87, 0xbf,
  0x5c, 0x00, 0x55, 0xd6, 0x14, 0xb9, 0xfe, 0x03, 0xff, 0x7f, 0x00, 0x00, 0x90, 0xb8, 0xb8, 0x32,
  0x91, 0x00, 0x87, 0xbf, 0x14, 0x00, 0x01, 0xd5, 0xff, 0xb8, 0x0a, 0x00, 0xff, 0x7f, 0x00, 0x00,
  0x88, 0x00, 0x44, 0xd6, 0x4d, 0x29, 0xfe, 0x03, 0x00, 0x01, 0x04, 0x05, 0x80, 0x05, 0xf0, 0xd8,
  0x13, 0x00, 0x00, 0x14, 0xc0, 0x05, 0xf0, 0xd8, 0x13, 0x00, 0x00, 0xa1, 0x40, 0x05, 0xf0, 0xd8,
  0x13, 0x00, 0x00, 0x52, 0x27, 0xfc, 0x89, 0xbf, 0x90, 0x28, 0x28, 0x30, 0x91, 0x00, 0x87, 0xbf,
  0x04, 0x29, 0x28, 0x10, 0x90, 0x28, 0x9a, 0x32, 0x14, 0x29, 0x2e, 0x7c, 0x92, 0x00, 0x87, 0xbf,
  0x81, 0x9a, 0x9a, 0x36, 0x4d, 0x00, 0x55, 0xd6, 0x14, 0x9b, 0xfe, 0x03, 0xff, 0x7f, 0x00, 0x00,
  0x91, 0x00, 0x87, 0xbf, 0xff, 0x9a, 0x9a, 0x36, 0x00, 0x00, 0xff, 0xff, 0xff, 0x9a, 0x28, 0x02,
  0x00, 0x00, 0xff, 0x7f, 0x91, 0x00, 0x87, 0xbf, 0x4b, 0x29, 0x28, 0x10, 0x4d, 0x00, 0x10, 0xd6,
  0x14, 0x21, 0x05, 0x02, 0x14, 0x29, 0x2e, 0x7c, 0xd2, 0x00, 0x87, 0xbf, 0x4d, 0x00, 0x55, 0xd6,
  0x14, 0x9b, 0xfe, 0x03, 0xff, 0x7f, 0x00, 0x00, 0x00, 0x05, 0xf0, 0xd8, 0x13, 0x00, 0x00, 0x14,
  0xc0, 0x04, 0xf0, 0xd8, 0x13, 0x00, 0x00, 0xa2, 0x90, 0x9a, 0x9a, 0x32, 0x17, 0xfc, 0x89, 0xbf,
  0xff, 0x9a, 0x62, 0xca, 0x90, 0x28, 0x14, 0x4d, 0xff, 0x7f, 0x00, 0x00, 0x91, 0x00, 0x87, 0xbf,
  0x03, 0x29, 0x28, 0x10, 0x90, 0x28, 0x9c, 0x32, 0x00, 0x00, 0x17, 0xd4, 0x14, 0x29, 0x02, 0x00,
  0x92, 0x00, 0x87, 0xbf, 0x81, 0x9c, 0x9c, 0x36, 0x4e, 0x00, 0x55, 0xd6, 0x14, 0x9d, 0xfe, 0x03,
  0xff, 0x7f, 0x00, 0x00, 0x91, 0x00, 0x87, 0xbf, 0xff, 0x9c, 0x9c, 0x36, 0x00, 0x00, 0xff, 0xff,
  0x14, 0x00, 0x01, 0xd5, 0xff, 0x9c, 0x02, 0x00, 0x00, 0x00, 0xff, 0x7f, 0x91, 0x00, 0x87, 0xbf,
  0x4a, 0x29, 0x28, 0x10, 0x4e, 0x00, 0x10, 0xd6, 0x14, 0x21, 0x05, 0x02, 0x00, 0x00, 0x17, 0xd4,
  0x14, 0x29, 0x02, 0x00, 0x92, 0x00, 0x87, 0xbf, 0x4e, 0x00, 0x55, 0xd6, 0x14, 0x9d, 0xfe, 0x03,
  0xff, 0x7f, 0x00, 0x00, 0x90, 0x9c, 0x9c, 0x32, 0x91, 0x00, 0x87, 0xbf, 0x14, 0x00, 0x01, 0xd5,
  0xff, 0x9c, 0x02, 0x00, 0xff, 0x7f, 0x00, 0x00, 0x86, 0x00, 0x44, 0xd6, 0x4d, 0x29, 0xfe, 0x03,
  0x00, 0x01, 0x04, 0x05, 0x80, 0x04, 0xf0, 0xd8, 0x13, 0x00, 0x00, 0x14, 0x40, 0x04, 0xf0, 0xd8,
  0x13, 0x00, 0x00, 0xa3, 0x17, 0xfc, 0x89, 0xbf, 0x90, 0x28, 0x28, 0x30, 0x91, 0x00, 0x87, 0xbf,
  0x02, 0x29, 0x28, 0x10, 0x90, 0x28, 0x9a, 0x32, 0x14, 0x29, 0x2e, 0x7c, 0x92, 0x00, 0x87, 0xbf,
  0x81, 0x9a, 0x9a, 0x36, 0x4d, 0x00, 0x55, 0xd6, 0x14, 0x9b, 0xfe, 0x03, 0xff, 0x7f, 0x00, 0x00,
  0x91, 0x00, 0x87, 0xbf, 0xff, 0x9a, 0x9a, 0x36, 0x00, 0x00, 0xff, 0xff, 0xff, 0x9a, 0x28, 0x02,
  0x00, 0x00, 0xff, 0x7f, 0x91, 0x00, 0x87, 0xbf, 0x53, 0x29, 0x28, 0x10, 0x4d, 0x00, 0x10, 0xd6,
  0x14, 0x21, 0x05, 0x02, 0x14, 0x29, 0x2e, 0x7c, 0xc2, 0x00, 0x87, 0xbf, 0x4d, 0x00, 0x55, 0xd6,
  0x14, 0x9b, 0xfe, 0x03, 0xff, 0x7f, 0x00, 0x00, 0x00, 0x04, 0xf0, 0xd8, 0x13, 0x00, 0x00, 0x14,
  0x90, 0x9a, 0x9a, 0x32, 0x07, 0xfc, 0x89, 0xbf, 0xff, 0x9a, 0x62, 0xca, 0x90, 0x28, 0x14, 0x4d,
  0xff, 0x7f, 0x00, 0x00, 0x91, 0x00, 0x87, 0xbf, 0x01, 0x29, 0x28, 0x10, 0x90, 0x28, 0x9c, 0x32,
  0x00, 0x00, 0x17, 0xd4, 0x14, 0x29, 0x02, 0x00, 0x92, 0x00, 0x87, 0xbf, 0x81, 0x9c, 0x9c, 0x36,
  0x4e, 0x00, 0x55, 0xd6, 0x14, 0x9d, 0xfe, 0x03, 0xff, 0x7f, 0x00, 0x00, 0x91, 0x00, 0x87, 0xbf,
  0xff, 0x9c, 0x9c, 0x36, 0x00, 0x00, 0xff, 0xff, 0x14, 0x00, 0x01, 0xd5, 0xff, 0x9c, 0x02, 0x00,
  0x00, 0x00, 0xff, 0x7f, 0x91, 0x00, 0x87, 0xbf, 0x4c, 0x29, 0x28, 0x10, 0x4e, 0x00, 0x10, 0xd6,
  0x14, 0x21, 0x05, 0x02, 0x00, 0x00, 0x17, 0xd4, 0x14, 0x29, 0x02, 0x00, 0x92, 0x00, 0x87, 0xbf,
  0x4e, 0x00, 0x55, 0xd6, 0x14, 0x9d, 0xfe, 0x03, 0xff, 0x7f, 0x00, 0x00, 0x90, 0x9c, 0x9c, 0x32,
  0x91, 0x00, 0x87, 0xbf, 0x14, 0x00, 0x01, 0xd5, 0xff, 0x9c, 0x02, 0x00, 0xff, 0x7f, 0x00, 0x00,
  0x85, 0x00, 0x44, 0xd6, 0x4d, 0x29, 0xfe, 0x03, 0x00, 0x01, 0x04, 0x05, 0x80, 0x03, 0xf0, 0xd8,
  0x13, 0x00, 0x00, 0x14, 0xc0, 0x03, 0xf0, 0xd8, 0x13, 0x00, 0x00, 0xa9, 0x40, 0x03, 0xf0, 0xd8,
  0x13, 0x00, 0x00, 0xa4, 0x27, 0xfc, 0x89, 0xbf, 0x90, 0x28, 0x28, 0x30, 0x91, 0x00, 0x87, 0xbf,
  0x08, 0x29, 0x28, 0x10, 0x90, 0x28, 0x9a, 0x32, 0x14, 0x29, 0x2e, 0x7c, 0x92, 0x00, 0x87, 0xbf,
  0x81, 0x9a, 0x9a, 0x36, 0x4d, 0x00, 0x55, 0xd6, 0x14, 0x9b, 0xfe, 0x03, 0xff, 0x7f, 0x00, 0x00,
  0x91, 0x00, 0x87, 0xbf, 0xff, 0x9a, 0x9a, 0x36, 0x00, 0x00, 0xff, 0xff, 0xff, 0x9a, 0x28, 0x02,
  0x00, 0x00, 0xff, 0x7f, 0x91, 0x00, 0x87, 0xbf, 0x55, 0x29, 0x28, 0x10, 0x4d, 0x00, 0x10, 0xd6,
  0x14, 0x21, 0x05, 0x02, 0x14, 0x29, 0x2e, 0x7c, 0xd2, 0x00, 0x87, 0xbf, 0x4d, 0x00, 0x55, 0xd6,
  0x14, 0x9b, 0xfe, 0x03, 0xff, 0x7f, 0x00, 0x00, 0x00, 0x03, 0xf0, 0xd8, 0x13, 0x00, 0x00, 0x14,
  0xc0, 0x02, 0xf0, 0xd8, 0x13, 0x00, 0x00, 0xaa, 0x90, 0x9a, 0x9a, 0x32, 0x17, 0xfc, 0x89, 0xbf,
  0xff, 0x9a, 0x62, 0xca, 0x90, 0x28, 0x14, 0x4d, 0xff, 0x7f, 0x00, 0x00, 0x91, 0x00, 0x87, 0xbf,
  0x07, 0x29, 0x28, 0x10, 0x90, 0x28, 0x9c, 0x32, 0x00, 0x00, 0x17, 0xd4, 0x14, 0x29, 0x02, 0x00,
  0x92, 0x00, 0x87, 0xbf, 0x81, 0x9c, 0x9c, 0x36, 0x4e, 0x00, 0x55, 0xd6, 0x14, 0x9d, 0xfe, 0x03,
  0xff, 0x7f, 0x00, 0x00, 0x91, 0x00, 0x87, 0xbf, 0xff, 0x9c, 0x9c, 0x36, 0x00, 0x00, 0xff, 0xff,
  0x14, 0x00, 0x01, 0xd5, 0xff, 0x9c, 0x02, 0x00, 0x00, 0x00, 0xff, 0x7f, 0x91, 0x00, 0x87, 0xbf,
  0x54, 0x29, 0x28, 0x10, 0x4e, 0x00, 0x10, 0xd6, 0x14, 0x21, 0x05, 0x02, 0x00, 0x00, 0x17, 0xd4,
  0x14, 0x29, 0x02, 0x00, 0x92, 0x00, 0x87, 0xbf, 0x4e, 0x00, 0x55, 0xd6, 0x14, 0x9d, 0xfe, 0x03,
  0xff, 0x7f, 0x00, 0x00, 0x90, 0x9c, 0x9c, 0x32, 0x91, 0x00, 0x87, 0xbf, 0x14, 0x00, 0x01, 0xd5,
  0xff, 0x9c, 0x02, 0x00, 0xff, 0x7f, 0x00, 0x00, 0x84, 0x00, 0x44, 0xd6, 0x4d, 0x29, 0xfe, 0x03,
  0x00, 0x01, 0x04, 0x05, 0x80, 0x02, 0xf0, 0xd8, 0x13, 0x00, 0x00, 0x14, 0x40, 0x02, 0xf0, 0xd8,
  0x13, 0x00, 0x00, 0xab, 0x17, 0xfc, 0x89, 0xbf, 0x90, 0x28, 0x28, 0x30, 0x91, 0x00, 0x87, 0xbf,
  0x06, 0x29, 0x28, 0x10, 0x90, 0x28, 0x9a, 0x32, 0x14, 0x29, 0x2e, 0x7c, 0x92, 0x00, 0x87, 0xbf,
  0x81, 0x9a, 0x9a, 0x36, 0x4d, 0x00, 0x55, 0xd6, 0x14, 0x9b, 0xfe, 0x03, 0xff, 0x7f, 0x00, 0x00,
  0x91, 0x00, 0x87, 0xbf, 0xff, 0x9a, 0x9a, 0x36, 0x00, 0x00, 0xff, 0xff, 0xff, 0x9a, 0x28, 0x02,
  0x00, 0x00, 0xff, 0x7f, 0x91, 0x00, 0x87, 0xbf, 0x57, 0x29, 0x28, 0x10, 0x4d, 0x00, 0x10, 0xd6,
  0x14, 0x21, 0x05, 0x02, 0x14, 0x29, 0x2e, 0x7c, 0xc2, 0x00, 0x87, 0xbf, 0x4d, 0x00, 0x55, 0xd6,
  0x14, 0x9b, 0xfe, 0x03, 0xff, 0x7f, 0x00, 0x00, 0x00, 0x02, 0xf0, 0xd8, 0x13, 0x00, 0x00, 0x14,
  0x90, 0x9a, 0x9a, 0x32, 0x07, 0xfc, 0x89, 0xbf, 0xff, 0x9a, 0x62, 0xca, 0x90, 0x28, 0x14, 0x4d,
  0xff, 0x7f, 0x00, 0x00, 0x91, 0x00, 0x87, 0xbf, 0x05, 0x29, 0x28, 0x10, 0x90, 0x28, 0x9c, 0x32,
  0x00, 0x00, 0x17, 0xd4, 0x14, 0x29, 0x02, 0x00, 0x92, 0x00, 0x87, 0xbf, 0x81, 0x9c, 0x9c, 0x36,
  0x4e, 0x00, 0x55, 0xd6, 0x14, 0x9d, 0xfe, 0x03, 0xff, 0x7f, 0x00, 0x00, 0x91, 0x00, 0x87, 0xbf,
  0xff, 0x9c, 0x9c, 0x36, 0x00, 0x00, 0xff, 0xff, 0x14, 0x00, 0x01, 0xd5, 0xff, 0x9c, 0x02, 0x00,
  0x00, 0x00, 0xff, 0x7f, 0x91, 0x00, 0x87, 0xbf, 0x56, 0x29, 0x28, 0x10, 0x4e, 0x00, 0x10, 0xd6,
  0x14, 0x21, 0x05, 0x02, 0x00, 0x00, 0x17, 0xd4, 0x14, 0x29, 0x02, 0x00, 0x92, 0x00, 0x87, 0xbf,
  0x4e, 0x00, 0x55, 0xd6, 0x14, 0x9d, 0xfe, 0x03, 0xff, 0x7f, 0x00, 0x00, 0x90, 0x9c, 0x9c, 0x32,
  0x91, 0x00, 0x87, 0xbf, 0x14, 0x00, 0x01, 0xd5, 0xff, 0x9c, 0x02, 0x00, 0xff, 0x7f, 0x00, 0x00,
  0x83, 0x00, 0x44, 0xd6, 0x4d, 0x29, 0xfe, 0x03, 0x00, 0x01, 0x04, 0x05, 0x80, 0x01, 0xf0, 0xd8,
  0x13, 0x00, 0x00, 0x14, 0xc0, 0x01, 0xf0, 0xd8, 0x13, 0x00, 0x00, 0xad, 0x40, 0x01, 0xf0, 0xd8,
  0x13, 0x00, 0x00, 0xac, 0x27, 0xfc, 0x89, 0xbf, 0x90, 0x28, 0x28, 0x30, 0x91, 0x00, 0x87, 0xbf,
  0x0c, 0x29, 0x28, 0x10, 0x90, 0x28, 0x9a, 0x32, 0x14, 0x29, 0x2e, 0x7c, 0x92, 0x00, 0x87, 0xbf,
  0x81, 0x9a, 0x9a, 0x36, 0x4d, 0x00, 0x55, 0xd6, 0x14, 0x9b, 0xfe, 0x03, 0xff, 0x7f, 0x00, 0x00,
  0x91, 0x00, 0x87, 0xbf, 0xff, 0x9a, 0x9a, 0x36, 0x00, 0x00, 0xff, 0xff, 0xff, 0x9a, 0x28, 0x02,
  0x00, 0x00, 0xff, 0x7f, 0x91, 0x00, 0x87, 0xbf, 0x59, 0x29, 0x28, 0x10, 0x4d, 0x00, 0x10, 0xd6,
  0x14, 0x21, 0x05, 0x02, 0x14, 0x29, 0x2e, 0x7c, 0xd2, 0x00, 0x87, 0xbf, 0x4d, 0x00, 0x55, 0xd6,
  0x14, 0x9b, 0xfe, 0x03, 0xff, 0x7f, 0x00, 0x00, 0x00, 0x01, 0xf0, 0xd8, 0x13, 0x00, 0x00, 0x14,
  0xc0, 0x00, 0xf0, 0xd8, 0x13, 0x00, 0x00, 0xae, 0x90, 0x9a, 0x9a, 0x32, 0x17, 0xfc, 0x89, 0xbf,
  0xff, 0x9a, 0x62, 0xca, 0x90, 0x28, 0x14, 0x4d, 0xff, 0x7f, 0x00, 0x00, 0x91, 0x00, 0x87, 0xbf,
  0x0b, 0x29, 0x28, 0x10, 0x90, 0x28, 0x9c, 0x32, 0x00, 0x00, 0x17, 0xd4, 0x14, 0x29, 0x02, 0x00,
  0x92, 0x00, 0x87, 0xbf, 0x81, 0x9c, 0x9c, 0x36, 0x4e, 0x00, 0x55, 0xd6, 0x14, 0x9d, 0xfe, 0x03,
  0xff, 0x7f, 0x00, 0x00, 0x91, 0x00, 0x87, 0xbf, 0xff, 0x9c, 0x9c, 0x36, 0x00, 0x00, 0xff, 0xff,
  0x14, 0x00, 0x01, 0xd5, 0xff, 0x9c, 0x02, 0x00, 0x00, 0x00, 0xff, 0x7f, 0x91, 0x00, 0x87, 0xbf,
  0x58, 0x29, 0x28, 0x10, 0x4e, 0x00, 0x10, 0xd6, 0x14, 0x21, 0x05, 0x02, 0x00, 0x00, 0x17, 0xd4,
  0x14, 0x29, 0x02, 0x00, 0x92, 0x00, 0x87, 0xbf, 0x4e, 0x00, 0x55, 0xd6, 0x14, 0x9d, 0xfe, 0x03,
  0xff, 0x7f, 0x00, 0x00, 0x90, 0x9c, 0x9c, 0x32, 0x91, 0x00, 0x87, 0xbf, 0x14, 0x00, 0x01, 0xd5,
  0xff, 0x9c, 0x02, 0x00, 0xff, 0x7f, 0x00, 0x00, 0x82, 0x00, 0x44, 0xd6, 0x4d, 0x29, 0xfe, 0x03,
  0x00, 0x01, 0x04, 0x05, 0x80, 0x00, 0xf0, 0xd8, 0x13, 0x00, 0x00, 0x14, 0x40, 0x00, 0xf0, 0xd8,
  0x13, 0x00, 0x00, 0xaf, 0x17, 0xfc, 0x89, 0xbf, 0x90, 0x28, 0x28, 0x30, 0x91, 0x00, 0x87, 0xbf,
  0x0a, 0x29, 0x28, 0x10, 0x90, 0x28, 0x9a, 0x32, 0x14, 0x29, 0x2e, 0x7c, 0x92, 0x00, 0x87, 0xbf,
  0x81, 0x9a, 0x9a, 0x36, 0x4d, 0x00, 0x55, 0xd6, 0x14, 0x9b, 0xfe, 0x03, 0xff, 0x7f, 0x00, 0x00,
  0x91, 0x00, 0x87, 0xbf, 0xff, 0x9a, 0x9a, 0x36, 0x00, 0x00, 0xff, 0xff, 0xff, 0x9a, 0x28, 0x02,
  0x00, 0x00, 0xff, 0x7f, 0x91, 0x00, 0x87, 0xbf, 0x5b, 0x29, 0x28, 0x10, 0x4d, 0x00, 0x10, 0xd6,
  0x14, 0x21, 0x05, 0x02, 0x14, 0x29, 0x2e, 0x7c, 0xc2, 0x00, 0x87, 0xbf, 0x4d, 0x00, 0x55, 0xd6,
  0x14, 0x9b, 0xfe, 0x03, 0xff, 0x7f, 0x00, 0x00, 0x00, 0x00, 0xf0, 0xd8, 0x13, 0x00, 0x00, 0x14,
  0x90, 0x9a, 0x9a, 0x32, 0x07, 0xfc, 0x89, 0xbf, 0xff, 0x9a, 0x62, 0xca, 0x90, 0x28, 0x14, 0x4d,
  0xff, 0x7f, 0x00, 0x00, 0x91, 0x00, 0x87, 0xbf, 0x09, 0x29, 0x28, 0x10, 0x90, 0x28, 0x9c, 0x32,
  0x00, 0x00, 0x17, 0xd4, 0x14, 0x29, 0x02, 0x00, 0x92, 0x00, 0x87, 0xbf, 0x81, 0x9c, 0x9c, 0x36,
  0x4e, 0x00, 0x55, 0xd6, 0x14, 0x9d, 0xfe, 0x03, 0xff, 0x7f, 0x00, 0x00, 0x91, 0x00, 0x87, 0xbf,
  0xff, 0x9c, 0x9c, 0x36, 0x00, 0x00, 0xff, 0xff, 0x14, 0x00, 0x01, 0xd5, 0xff, 0x9c, 0x02, 0x00,
  0x00, 0x00, 0xff, 0x7f, 0x91, 0x00, 0x87, 0xbf, 0x5a, 0x29, 0x28, 0x10, 0x4e, 0x00, 0x10, 0xd6,
  0x14, 0x21, 0x05, 0x02, 0x00, 0x00, 0x17, 0xd4, 0x14, 0x29, 0x02, 0x00, 0x92, 0x00, 0x87, 0xbf,
  0x4e, 0x00, 0x55, 0xd6, 0x14, 0x9d, 0xfe, 0x03, 0xff, 0x7f, 0x00, 0x00, 0x90, 0x9c, 0x9c, 0x32,
  0x91, 0x00, 0x87, 0xbf, 0x14, 0x00, 0x01, 0xd5, 0xff, 0x9c, 0x02, 0x00, 0xff, 0x7f, 0x00, 0x00,
  0x81, 0x00, 0x44, 0xd6, 0x4d, 0x29, 0xfe, 0x03, 0x00, 0x01, 0x04, 0x05, 0x80, 0x0f, 0xf0, 0xd8,
  0x13, 0x00, 0x00, 0x14, 0xc0, 0x0f, 0xf0, 0xd8, 0x13, 0x00, 0x00, 0xb2, 0x40, 0x0f, 0xf0, 0xd8,
  0x13, 0x00, 0x00, 0xb0, 0x27, 0xfc, 0x89, 0xbf, 0x90, 0x28, 0x28, 0x30, 0x91, 0x00, 0x87, 0xbf,
  0xe4, 0x29, 0x28, 0x10, 0x90, 0x28, 0x9a, 0x32, 0x14, 0x29, 0x2e, 0x7c, 0x92, 0x00, 0x87, 0xbf,
  0x81, 0x9a, 0x9a, 0x36, 0x4d, 0x00, 0x55, 0xd6, 0x14, 0x9b, 0xfe, 0x03, 0xff, 0x7f, 0x00, 0x00,
  0x91, 0x00, 0x87, 0xbf, 0xff, 0x9a, 0x9a, 0x36, 0x00, 0x00, 0xff, 0xff, 0xff, 0x9a, 0x28, 0x02,
  0x00, 0x00, 0xff, 0x7f, 0x91, 0x00, 0x87, 0xbf, 0x37, 0x29, 0x28, 0x10, 0x4d, 0x00, 0x10, 0xd6,
  0x14, 0x21, 0x05, 0x02, 0x14, 0x29, 0x2e, 0x7c, 0x02, 0x00, 0x87, 0xbf, 0x4d, 0x00, 0x55, 0xd6,
  0x14, 0x9b, 0xfe, 0x03, 0xff, 0x7f, 0x00, 0x00, 0x00, 0x0e, 0xf0, 0xd8, 0x13, 0x00, 0x00, 0x14,
  0xc0, 0x0e, 0xf0, 0xd8, 0x13, 0x00, 0x00, 0xb1, 0x40, 0x0e, 0xf0, 0xd8, 0x13, 0x00, 0x00, 0xb3,
  0x90, 0x9a, 0x9a, 0x32, 0x27, 0xfc, 0x89, 0xbf, 0x91, 0x00, 0x87, 0xbf, 0xff, 0x9a, 0x62, 0xca,
  0x90, 0x28, 0x14, 0x4d, 0xff, 0x7f, 0x00, 0x00, 0xe1, 0x29, 0x28, 0x10, 0x21, 0x01, 0x87, 0xbf,
  0x90, 0x28, 0x9c, 0x32, 0x00, 0x00, 0x17, 0xd4, 0x14, 0x29, 0x02, 0x00, 0x81, 0x9c, 0x9c, 0x36,
  0x91, 0x00, 0x87, 0xbf, 0x4e, 0x00, 0x55, 0xd6, 0x14, 0x9d, 0xfe, 0x03, 0xff, 0x7f, 0x00, 0x00,
  0xff, 0x9c, 0x9c, 0x36, 0x00, 0x00, 0xff, 0xff, 0x91, 0x00, 0x87, 0xbf, 0x14, 0x00, 0x01, 0xd5,
  0xff, 0x9c, 0x02, 0x00, 0x00, 0x00, 0xff, 0x7f, 0x38, 0x29, 0x28, 0x10, 0x21, 0x01, 0x87, 0xbf,
  0x4e, 0x00, 0x10, 0xd6, 0x14, 0x21, 0x05, 0x02, 0x00, 0x00, 0x17, 0xd4, 0x14, 0x29, 0x02, 0x00,
  0x4e, 0x00, 0x55, 0xd6, 0x14, 0x9d, 0xfe, 0x03, 0xff, 0x7f, 0x00, 0x00, 0x80, 0x0e, 0xf0, 0xd8,
  0x13, 0x00, 0x00, 0x14, 0x90, 0x9c, 0x9c, 0x32, 0xb1, 0x00, 0x87, 0xbf, 0x4e, 0x00, 0x01, 0xd5,
  0xff, 0x9c, 0x02, 0x00, 0xff, 0x7f, 0x00, 0x00, 0x07, 0xfc, 0x89, 0xbf, 0x90, 0x28, 0x28, 0x30,
  0xe2, 0x29, 0x28, 0x10, 0x21, 0x01, 0x87, 0xbf, 0x90, 0x28, 0xb8, 0x32, 0x01, 0x00, 0x17, 0xd4,
  0x14, 0x29, 0x02, 0x00, 0x81, 0xb8, 0xb8, 0x36, 0x91, 0x00, 0x87, 0xbf, 0x5c, 0x00, 0x55, 0xd6,
  0x14, 0xb9, 0xfe, 0x03, 0xff, 0x7f, 0x00, 0x00, 0xff, 0xb8, 0xb8, 0x36, 0x00, 0x00, 0xff, 0xff,
  0x91, 0x00, 0x87, 0xbf, 0x14, 0x00, 0x01, 0xd5, 0xff, 0xb8, 0x06, 0x00, 0x00, 0x00, 0xff, 0x7f,
  0x39, 0x29, 0x28, 0x10, 0x21, 0x01, 0x87, 0xbf, 0x5c, 0x00, 0x10, 0xd6, 0x14, 0x21, 0x05, 0x02,
  0x01, 0x00, 0x17, 0xd4, 0x14, 0x29, 0x02, 0x00, 0x5c, 0x00, 0x55, 0xd6, 0x14, 0xb9, 0xfe, 0x03,
  0xff, 0x7f, 0x00, 0x00, 0x00, 0x0f, 0xf0, 0xd8, 0x13, 0x00, 0x00, 0x14, 0x90, 0xb8, 0xb8, 0x32,
  0x91, 0x00, 0x87, 0xbf, 0x5c, 0x00, 0x01, 0xd5, 0xff, 0xb8, 0x06, 0x00, 0xff, 0x7f, 0x00, 0x00,
  0x8f, 0x00, 0x44, 0xd6, 0x5c, 0x9d, 0xfe, 0x03, 0x00, 0x01, 0x04, 0x05, 0x07, 0xfc, 0x89, 0xbf,
  0x90, 0x28, 0x28, 0x30, 0x91, 0x00, 0x87, 0xbf, 0xe3, 0x29, 0x28, 0x10, 0x90, 0x28, 0xba, 0x32,
  0x02, 0x00, 0x17, 0xd4, 0x14, 0x29, 0x02, 0x00, 0x92, 0x00, 0x87, 0xbf, 0x81, 0xba, 0xba, 0x36,
  0x5d, 0x00, 0x55, 0xd6, 0x14, 0xbb, 0xfe, 0x03, 0xff, 0x7f, 0x00, 0x00, 0x91, 0x00, 0x87, 0xbf,
  0xff, 0xba, 0xba, 0x36, 0x00, 0x00, 0xff, 0xff, 0x14, 0x00, 0x01, 0xd5, 0xff, 0xba, 0x0a, 0x00,
  0x00, 0x00, 0xff, 0x7f, 0x91, 0x00, 0x87, 0xbf, 0x36, 0x29, 0x28, 0x10, 0x5d, 0x00, 0x10, 0xd6,
  0x14, 0x21, 0x05, 0x02, 0x02, 0x00, 0x17, 0xd4, 0x14, 0x29, 0x02, 0x00, 0x92, 0x00, 0x87, 0xbf,
  0x5d, 0x00, 0x55, 0xd6, 0x14, 0xbb, 0xfe, 0x03, 0xff, 0x7f, 0x00, 0x00, 0x90, 0xba, 0xba, 0x32,
  0x91, 0x00, 0x87, 0xbf, 0x14, 0x00, 0x01, 0xd5, 0xff, 0xba, 0x0a, 0x00, 0xff, 0x7f, 0x00, 0x00,
  0x90, 0x00, 0x44, 0xd6, 0x4d, 0x29, 0xfe, 0x03, 0x00, 0x01, 0x04, 0x05, 0x80, 0x0d, 0xf0, 0xd8,
  0x13, 0x00, 0x00, 0x14, 0xc0, 0x0d, 0xf0, 0xd8, 0x13, 0x00, 0x00, 0xb5, 0x40, 0x0d, 0xf0, 0xd8,
  0x13, 0x00, 0x00, 0xb4, 0x27, 0xfc, 0x89, 0xbf, 0x90, 0x28, 0x28, 0x30, 0x91, 0x00, 0x87, 0xbf,
  0xe8, 0x29, 0x28, 0x10, 0x90, 0x28, 0x9a, 0x32, 0x14, 0x29, 0x2e, 0x7c, 0x92, 0x00, 0x87, 0xbf,
  0x81, 0x9a, 0x9a, 0x36, 0x4d, 0x00, 0x55, 0xd6, 0x14, 0x9b, 0xfe, 0x03, 0xff, 0x7f, 0x00, 0x00,
  0x91, 0x00, 0x87, 0xbf, 0xff, 0x9a, 0x9a, 0x36, 0x00, 0x00, 0xff, 0xff, 0xff, 0x9a, 0x28, 0x02,
  0x00, 0x00, 0xff, 0x7f, 0x91, 0x00, 0x87, 0xbf, 0x3b, 0x29, 0x28, 0x10, 0x4d, 0x00, 0x10, 0xd6,
  0x14, 0x21, 0x05, 0x02, 0x14, 0x29, 0x2e, 0x7c, 0xd2, 0x00, 0x87, 0xbf, 0x4d, 0x00, 0x55, 0xd6,
  0x14, 0x9b, 0xfe, 0x03, 0xff, 0x7f, 0x00, 0x00, 0x00, 0x0d, 0xf0, 0xd8, 0x13, 0x00, 0x00, 0x14,
  0xc0, 0x0c, 0xf0, 0xd8, 0x13, 0x00, 0x00, 0xb6, 0x90, 0x9a, 0x9a, 0x32, 0x17, 0xfc, 0x89, 0xbf,
  0xff, 0x9a, 0x62, 0xca, 0x90, 0x28, 0x14, 0x4d, 0xff, 0x7f, 0x00, 0x00, 0x91, 0x00, 0x87, 0xbf,
  0xe7, 0x29, 0x28, 0x10, 0x90, 0x28, 0x9c, 0x32, 0x00, 0x00, 0x17, 0xd4, 0x14, 0x29, 0x02, 0x00,
  0x92, 0x00, 0x87, 0xbf, 0x81, 0x9c, 0x9c, 0x36, 0x4e, 0x00, 0x55, 0xd6, 0x14, 0x9d, 0xfe, 0x03,
  0xff, 0x7f, 0x00, 0x00, 0x91, 0x00, 0x87, 0xbf, 0xff, 0x9c, 0x9c, 0x36, 0x00, 0x00, 0xff, 0xff,
  0x14, 0x00, 0x01, 0xd5, 0xff, 0x9c, 0x02, 0x00, 0x00, 0x00, 0xff, 0x7f, 0x91, 0x00, 0x87, 0xbf,
  0x3a, 0x29, 0x28, 0x10, 0x4e, 0x00, 0x10, 0xd6, 0x14, 0x21, 0x05, 0x02, 0x00, 0x00, 0x17, 0xd4,
  0x14, 0x29, 0x02, 0x00, 0x92, 0x00, 0x87, 0xbf, 0x4e, 0x00, 0x55, 0xd6, 0x14, 0x9d, 0xfe, 0x03,
  0xff, 0x7f, 0x00, 0x00, 0x90, 0x9c, 0x9c, 0x32, 0x91, 0x00, 0x87, 0xbf, 0x14, 0x00, 0x01, 0xd5,
  0xff, 0x9c, 0x02, 0x00, 0xff, 0x7f, 0x00, 0x00, 0x8e, 0x00, 0x44, 0xd6, 0x4d, 0x29, 0xfe, 0x03,
  0x00, 0x01, 0x04, 0x05, 0x80, 0x0c, 0xf0, 0xd8, 0x13, 0x00, 0x00, 0x14, 0x40, 0x0c, 0xf0, 0xd8,
  0x13, 0x00, 0x00, 0xb7, 0x17, 0xfc, 0x89, 0xbf, 0x90, 0x28, 0x28, 0x30, 0x91, 0x00, 0x87, 0xbf,
  0xe6, 0x29, 0x28, 0x10, 0x90, 0x28, 0x9a, 0x32, 0x14, 0x29, 0x2e, 0x7c, 0x92, 0x00, 0x87, 0xbf,
  0x81, 0x9a, 0x9a, 0x36, 0x4d, 0x00, 0x55, 0xd6, 0x14, 0x9b, 0xfe, 0x03, 0xff, 0x7f, 0x00, 0x00,
  0x91, 0x00, 0x87, 0xbf, 0xff, 0x9a, 0x9a, 0x36, 0x00, 0x00, 0xff, 0xff, 0xff, 0x9a, 0x28, 0x02,
  0x00, 0x00, 0xff, 0x7f, 0x91, 0x00, 0x87, 0xbf, 0x3d, 0x29, 0x28, 0x10, 0x4d, 0x00, 0x10, 0xd6,
  0x14, 0x21, 0x05, 0x02, 0x14, 0x29, 0x2e, 0x7c, 0xc2, 0x00, 0x87, 0xbf, 0x4d, 0x00, 0x55, 0xd6,
  0x14, 0x9b, 0xfe, 0x03, 0xff, 0x7f, 0x00, 0x00, 0x00, 0x0c, 0xf0, 0xd8, 0x13, 0x00, 0x00, 0x14,
  0x90, 0x9a, 0x9a, 0x32, 0x07, 0xfc, 0x89, 0xbf, 0xff, 0x9a, 0x62, 0xca, 0x90, 0x28, 0x14, 0x4d,
  0xff, 0x7f, 0x00, 0x00, 0x91, 0x00, 0x87, 0xbf, 0xe5, 0x29, 0x28, 0x10, 0x90, 0x28, 0x9c, 0x32,
  0x00, 0x00, 0x17, 0xd4, 0x14, 0x29, 0x02, 0x00, 0x92, 0x00, 0x87, 0xbf, 0x81, 0x9c, 0x9c, 0x36,
  0x4e, 0x00, 0x55, 0xd6, 0x14, 0x9d, 0xfe, 0x03, 0xff, 0x7f, 0x00, 0x00, 0x91, 0x00, 0x87, 0xbf,
  0xff, 0x9c, 0x9c, 0x36, 0x00, 0x00, 0xff, 0xff, 0x14, 0x00, 0x01, 0xd5, 0xff, 0x9c, 0x02, 0x00,
  0x00, 0x00, 0xff, 0x7f, 0x91, 0x00, 0x87, 0xbf, 0x3c, 0x29, 0x28, 0x10, 0x4e, 0x00, 0x10, 0xd6,
  0x14, 0x21, 0x05, 0x02, 0x00, 0x00, 0x17, 0xd4, 0x14, 0x29, 0x02, 0x00, 0x92, 0x00, 0x87, 0xbf,
  0x4e, 0x00, 0x55, 0xd6, 0x14, 0x9d, 0xfe, 0x03, 0xff, 0x7f, 0x00, 0x00, 0x90, 0x9c, 0x9c, 0x32,
  0x91, 0x00, 0x87, 0xbf, 0x14, 0x00, 0x01, 0xd5, 0xff, 0x9c, 0x02, 0x00, 0xff, 0x7f, 0x00, 0x00,
  0x8d, 0x00, 0x44, 0xd6, 0x4d, 0x29, 0xfe, 0x03, 0x00, 0x01, 0x04, 0x05, 0x80, 0x0b, 0xf0, 0xd8,
  0x13, 0x00, 0x00, 0x14, 0xc0, 0x0b, 0xf0, 0xd8, 0x13, 0x00, 0x00, 0xb9, 0x40, 0x0b, 0xf0, 0xd8,
  0x13, 0x00, 0x00, 0xb8, 0x27, 0xfc, 0x89, 0xbf, 0x90, 0x28, 0x28, 0x30, 0x91, 0x00, 0x87, 0xbf,
  0xec, 0x29, 0x28, 0x10, 0x90, 0x28, 0x9a, 0x32, 0x14, 0x29, 0x2e, 0x7c, 0x92, 0x00, 0x87, 0xbf,
  0x81, 0x9a, 0x9a, 0x36, 0x4d, 0x00, 0x55, 0xd6, 0x14, 0x9b, 0xfe, 0x03, 0xff, 0x7f, 0x00, 0x00,
  0x91, 0x00, 0x87, 0xbf, 0xff, 0x9a, 0x9a, 0x36, 0x00, 0x00, 0xff, 0xff, 0xff, 0x9a, 0x28, 0x02,
  0x00, 0x00, 0xff, 0x7f, 0x91, 0x00, 0x87, 0xbf, 0x3f, 0x29, 0x28, 0x10, 0x4d, 0x00, 0x10, 0xd6,
  0x14, 0x21, 0x05, 0x02, 0x14, 0x29, 0x2e, 0x7c, 0xd2, 0x00, 0x87, 0xbf, 0x4d, 0x00, 0x55, 0xd6,
  0x14, 0x9b, 0xfe, 0x03, 0xff, 0x7f, 0x00, 0x00, 0x00, 0x0b, 0xf0, 0xd8, 0x13, 0x00, 0x00, 0x14,
  0xc0, 0x0a, 0xf0, 0xd8, 0x13, 0x00, 0x00, 0xba, 0x90, 0x9a, 0x9a, 0x32, 0x17, 0xfc, 0x89, 0xbf,
  0xff, 0x9a, 0x62, 0xca, 0x90, 0x28, 0x14, 0x4d, 0xff, 0x7f, 0x00, 0x00, 0x91, 0x00, 0x87, 0xbf,
  0xeb, 0x29, 0x28, 0x10, 0x90, 0x28, 0x9c, 0x32, 0x00, 0x00, 0x17, 0xd4, 0x14, 0x29, 0x02, 0x00,
  0x92, 0x00, 0x87, 0xbf, 0x81, 0x9c, 0x9c, 0x36, 0x4e, 0x00, 0x55, 0xd6, 0x14, 0x9d, 0xfe, 0x03,
  0xff, 0x7f, 0x00, 0x00, 0x91, 0x00, 0x87, 0xbf, 0xff, 0x9c, 0x9c, 0x36, 0x00, 0x00, 0xff, 0xff,
  0x14, 0x00, 0x01, 0xd5, 0xff, 0x9c, 0x02, 0x00, 0x00, 0x00, 0xff, 0x7f, 0x91, 0x00, 0x87, 0xbf,
  0x3e, 0x29, 0x28, 0x10, 0x4e, 0x00, 0x10, 0xd6, 0x14, 0x21, 0x05, 0x02, 0x00, 0x00, 0x17, 0xd4,
  0x14, 0x29, 0x02, 0x00, 0x92, 0x00, 0x87, 0xbf, 0x4e, 0x00, 0x55, 0xd6, 0x14, 0x9d, 0xfe, 0x03,
  0xff, 0x7f, 0x00, 0x00, 0x90, 0x9c, 0x9c, 0x32, 0x91, 0x00, 0x87, 0xbf, 0x14, 0x00, 0x01, 0xd5,
  0xff, 0x9c, 0x02, 0x00, 0xff, 0x7f, 0x00, 0x00, 0x8c, 0x00, 0x44, 0xd6, 0x4d, 0x29, 0xfe, 0x03,
  0x00, 0x01, 0x04, 0x05, 0x80, 0x0a, 0xf0, 0xd8, 0x13, 0x00, 0x00, 0x14, 0x40, 0x0a, 0xf0, 0xd8,
  0x13, 0x00, 0x00, 0xbb, 0x17, 0xfc, 0x89, 0xbf, 0x90, 0x28, 0x28, 0x30, 0x91, 0x00, 0x87, 0xbf,
  0xea, 0x29, 0x28, 0x10, 0x90, 0x28, 0x9a, 0x32, 0x14, 0x29, 0x2e, 0x7c, 0x92, 0x00, 0x87, 0xbf,
  0x81, 0x9a, 0x9a, 0x36, 0x4d, 0x00, 0x55, 0xd6, 0x14, 0x9b, 0xfe, 0x03, 0xff, 0x7f, 0x00, 0x00,
  0x91, 0x00, 0x87, 0xbf, 0xff, 0x9a, 0x9a, 0x36, 0x00, 0x00, 0xff, 0xff, 0xff, 0x9a, 0x28, 0x02,
  0x00, 0x00, 0xff, 0x7f, 0x91, 0x00, 0x87, 0xbf, 0x41, 0x29, 0x28, 0x10, 0x4d, 0x00, 0x10, 0xd6,
  0x14, 0x21, 0x05, 0x02, 0x14, 0x29, 0x2e, 0x7c, 0xc2, 0x00, 0x87, 0xbf, 0x4d, 0x00, 0x55, 0xd6,
  0x14, 0x9b, 0xfe, 0x03, 0xff, 0x7f, 0x00, 0x00, 0x00, 0x0a, 0xf0, 0xd8, 0x13, 0x00, 0x00, 0x14,
  0x90, 0x9a, 0x9a, 0x32, 0x07, 0xfc, 0x89, 0xbf, 0xff, 0x9a, 0x62, 0xca, 0x90, 0x28, 0x14, 0x4d,
  0xff, 0x7f, 0x00, 0x00, 0x91, 0x00, 0x87, 0xbf, 0xe9, 0x29, 0x28, 0x10, 0x90, 0x28, 0x9c, 0x32,
  0x00, 0x00, 0x17, 0xd4, 0x14, 0x29, 0x02, 0x00, 0x92, 0x00, 0x87, 0xbf, 0x81, 0x9c, 0x9c, 0x36,
  0x4e, 0x00, 0x55, 0xd6, 0x14, 0x9d, 0xfe, 0x03, 0xff, 0x7f, 0x00, 0x00, 0x91, 0x00, 0x87, 0xbf,
  0xff, 0x9c, 0x9c, 0x36, 0x00, 0x00, 0xff, 0xff, 0x14, 0x00, 0x01, 0xd5, 0xff, 0x9c, 0x02, 0x00,
  0x00, 0x00, 0xff, 0x7f, 0x91, 0x00, 0x87, 0xbf, 0x40, 0x29, 0x28, 0x10, 0x4e, 0x00, 0x10, 0xd6,
  0x14, 0x21, 0x05, 0x02, 0x00, 0x00, 0x17, 0xd4, 0x14, 0x29, 0x02, 0x00, 0x92, 0x00, 0x87, 0xbf,
  0x4e, 0x00, 0x55, 0xd6, 0x14, 0x9d, 0xfe, 0x03, 0xff, 0x7f, 0x00, 0x00, 0x90, 0x9c, 0x9c, 0x32,
  0x91, 0x00, 0x87, 0xbf, 0x14, 0x00, 0x01, 0xd5, 0xff, 0x9c, 0x02, 0x00, 0xff, 0x7f, 0x00, 0x00,
  0x8b, 0x00, 0x44, 0xd6, 0x4d, 0x29, 0xfe, 0x03, 0x00, 0x01, 0x04, 0x05, 0x80, 0x09, 0xf0, 0xd8,
  0x13, 0x00, 0x00, 0x14, 0xc0, 0x09, 0xf0, 0xd8, 0x13, 0x00, 0x00, 0xbd, 0x40, 0x09, 0xf0, 0xd8,
  0x13, 0x00, 0x00, 0xbc, 0x27, 0xfc, 0x89, 0xbf, 0x90, 0x28, 0x28, 0x30, 0x91, 0x00, 0x87, 0xbf,
  0xf0, 0x29, 0x28, 0x10, 0x90, 0x28, 0x9a, 0x32, 0x14, 0x29, 0x2e, 0x7c, 0x92, 0x00, 0x87, 0xbf,
  0x81, 0x9a, 0x9a, 0x36, 0x4d, 0x00, 0x55, 0xd6, 0x14, 0x9b, 0xfe, 0x03, 0xff, 0x7f, 0x00, 0x00,
  0x91, 0x00, 0x87, 0xbf, 0xff, 0x9a, 0x9a, 0x36, 0x00, 0x00, 0xff, 0xff, 0xff, 0x9a, 0x28, 0x02,
  0x00, 0x00, 0xff, 0x7f, 0x91, 0x00, 0x87, 0xbf, 0x43, 0x29, 0x28, 0x10, 0x4d, 0x00, 0x10, 0xd6,
  0x14, 0x21, 0x05, 0x02, 0x14, 0x29, 0x2e, 0x7c, 0xd2, 0x00, 0x87, 0xbf, 0x4d, 0x00, 0x55, 0xd6,
  0x14, 0x9b, 0xfe, 0x03, 0xff, 0x7f, 0x00, 0x00, 0x00, 0x09, 0xf0, 0xd8, 0x13, 0x00, 0x00, 0x14,
  0xc0, 0x08, 0xf0, 0xd8, 0x13, 0x00, 0x00, 0xbe, 0x90, 0x9a, 0x9a, 0x32, 0x17, 0xfc, 0x89, 0xbf,
  0xff, 0x9a, 0x62, 0xca, 0x90, 0x28, 0x14, 0x4d, 0xff, 0x7f, 0x00, 0x00, 0x91, 0x00, 0x87, 0xbf,
  0xef, 0x29, 0x28, 0x10, 0x90, 0x28, 0x9c, 0x32, 0x00, 0x00, 0x17, 0xd4, 0x14, 0x29, 0x02, 0x00,
  0x92, 0x00, 0x87, 0xbf, 0x81, 0x9c, 0x9c, 0x36, 0x4e, 0x00, 0x55, 0xd6, 0x14, 0x9d, 0xfe, 0x03,
  0xff, 0x7f, 0x00, 0x00, 0x91, 0x00, 0x87, 0xbf, 0xff, 0x9c, 0x9c, 0x36, 0x00, 0x00, 0xff, 0xff,
  0x14, 0x00, 0x01, 0xd5, 0xff, 0x9c, 0x02, 0x00, 0x00, 0x00, 0xff, 0x7f, 0x91, 0x00, 0x87, 0xbf,
  0x42, 0x29, 0x28, 0x10, 0x4e, 0x00, 0x10, 0xd6, 0x14, 0x21, 0x05, 0x02, 0x00, 0x00, 0x17, 0xd4,
  0x14, 0x29, 0x02, 0x00, 0x92, 0x00, 0x87, 0xbf, 0x4e, 0x00, 0x55, 0xd6, 0x14, 0x9d, 0xfe, 0x03,
  0xff, 0x7f, 0x00, 0x00, 0x90, 0x9c, 0x9c, 0x32, 0x91, 0x00, 0x87, 0xbf, 0x14, 0x00, 0x01, 0xd5,
  0xff, 0x9c, 0x02, 0x00, 0xff, 0x7f, 0x00, 0x00, 0x8a, 0x00, 0x44, 0xd6, 0x4d, 0x29, 0xfe, 0x03,
  0x00, 0x01, 0x04, 0x05, 0x80, 0x08, 0xf0, 0xd8, 0x13, 0x00, 0x00, 0x14, 0x40, 0x08, 0xf0, 0xd8,
  0x13, 0x00, 0x00, 0xbf, 0x17, 0xfc, 0x89, 0xbf, 0x90, 0x28, 0x28, 0x30, 0x91, 0x00, 0x87, 0xbf,
  0xee, 0x29, 0x28, 0x10, 0x90, 0x28, 0x9a, 0x32, 0x14, 0x29, 0x2e, 0x7c, 0x92, 0x00, 0x87, 0xbf,
  0x81, 0x9a, 0x9a, 0x36, 0x4d, 0x00, 0x55, 0xd6, 0x14, 0x9b, 0xfe, 0x03, 0xff, 0x7f, 0x00, 0x00,
  0x91, 0x00, 0x87, 0xbf, 0xff, 0x9a, 0x9a, 0x36, 0x00, 0x00, 0xff, 0xff, 0xff, 0x9a, 0x28, 0x02,
  0x00, 0x00, 0xff, 0x7f, 0x91, 0x00, 0x87, 0xbf, 0x45, 0x29, 0x28, 0x10, 0x4d, 0x00, 0x10, 0xd6,
  0x14, 0x21, 0x05, 0x02, 0x14, 0x29, 0x2e, 0x7c, 0xc2, 0x00, 0x87, 0xbf, 0x4d, 0x00, 0x55, 0xd6,
  0x14, 0x9b, 0xfe, 0x03, 0xff, 0x7f, 0x00, 0x00, 0x00, 0x08, 0xf0, 0xd8, 0x13, 0x00, 0x00, 0x14,
  0x90, 0x9a, 0x9a, 0x32, 0x07, 0xfc, 0x89, 0xbf, 0xff, 0x9a, 0x62, 0xca, 0x90, 0x28, 0x14, 0x4d,
  0xff, 0x7f, 0x00, 0x00, 0x91, 0x00, 0x87, 0xbf, 0xed, 0x29, 0x28, 0x10, 0x90, 0x28, 0x9c, 0x32,
  0x00, 0x00, 0x17, 0xd4, 0x14, 0x29, 0x02, 0x00, 0x92, 0x00, 0x87, 0xbf, 0x81, 0x9c, 0x9c, 0x36,
  0x4e, 0x00, 0x55, 0xd6, 0x14, 0x9d, 0xfe, 0x03, 0xff, 0x7f, 0x00, 0x00, 0x91, 0x00, 0x87, 0xbf,
  0xff, 0x9c, 0x9c, 0x36, 0x00, 0x00, 0xff, 0xff, 0x14, 0x00, 0x01, 0xd5, 0xff, 0x9c, 0x02, 0x00,
  0x00, 0x00, 0xff, 0x7f, 0x91, 0x00, 0x87, 0xbf, 0x44, 0x29, 0x28, 0x10, 0x4e, 0x00, 0x10, 0xd6,
  0x14, 0x21, 0x05, 0x02, 0x00, 0x00, 0x17, 0xd4, 0x14, 0x29, 0x02, 0x00, 0x92, 0x00, 0x87, 0xbf,
  0x4e, 0x00, 0x55, 0xd6, 0x14, 0x9d, 0xfe, 0x03, 0xff, 0x7f, 0x00, 0x00, 0x90, 0x9c, 0x9c, 0x32,
  0x91, 0x00, 0x87, 0xbf, 0x14, 0x00, 0x01, 0xd5, 0xff, 0x9c, 0x02, 0x00, 0xff, 0x7f, 0x00, 0x00,
  0x89, 0x00, 0x44, 0xd6, 0x4d, 0x29, 0xfe, 0x03, 0x00, 0x01, 0x04, 0x05, 0x80, 0x17, 0xf0, 0xd8,
  0x13, 0x00, 0x00, 0x14, 0xc0, 0x17, 0xf0, 0xd8, 0x13, 0x00, 0x00, 0xf6, 0x40, 0x17, 0xf0, 0xd8,
  0x13, 0x00, 0x00, 0xc0, 0x00, 0x00, 0x5d, 0xdc, 0x00, 0x00, 0x7c, 0xcd, 0x27, 0xfc, 0x89, 0xbf,
  0x90, 0x28, 0x28, 0x30, 0xf7, 0x03, 0x89, 0xbf, 0x91, 0x00, 0x87, 0xbf, 0xd0, 0x29, 0x28, 0x10,
  0x90, 0x28, 0x9a, 0x32, 0x14, 0x29, 0x2e, 0x7c, 0x92, 0x00, 0x87, 0xbf, 0x81, 0x9a, 0x9a, 0x36,
  0x4d, 0x00, 0x55, 0xd6, 0x14, 0x9b, 0xfe, 0x03, 0xff, 0x7f, 0x00, 0x00, 0x91, 0x00, 0x87, 0xbf,
  0xff, 0x9a, 0x9a, 0x36, 0x00, 0x00, 0xff, 0xff, 0xff, 0x9a, 0x28, 0x02, 0x00, 0x00, 0xff, 0x7f,
  0x91, 0x00, 0x87, 0xbf, 0x27, 0x29, 0x28, 0x10, 0x4d, 0x00, 0x10, 0xd6, 0x14, 0x21, 0x05, 0x02,
  0x14, 0x29, 0x2e, 0x7c, 0x92, 0x00, 0x87, 0xbf, 0x4d, 0x00, 0x55, 0xd6, 0x14, 0x9b, 0xfe, 0x03,
  0xff, 0x7f, 0x00, 0x00, 0x90, 0x9a, 0x9c, 0x32, 0x00, 0x16, 0xf0, 0xd8, 0x13, 0x00, 0x00, 0x14,
  0xc0, 0x16, 0xf0, 0xd8, 0x13, 0x00, 0x00, 0xf5, 0x40, 0x16, 0xf0, 0xd8, 0x13, 0x00, 0x00, 0x4d,
  0xff, 0x9c, 0x9c, 0x02, 0xff, 0x7f, 0x00, 0x00, 0x27, 0xfc, 0x89, 0xbf, 0x90, 0x28, 0x28, 0x30,
  0x91, 0x00, 0x87, 0xbf, 0xcd, 0x29, 0x28, 0x10, 0x90, 0x28, 0xb8, 0x32, 0x00, 0x00, 0x17, 0xd4,
  0x14, 0x29, 0x02, 0x00, 0x92, 0x00, 0x87, 0xbf, 0x81, 0xb8, 0xb8, 0x36, 0x5c, 0x00, 0x55, 0xd6,
  0x14, 0xb9, 0xfe, 0x03, 0xff, 0x7f, 0x00, 0x00, 0x91, 0x00, 0x87, 0xbf, 0xff, 0xb8, 0xb8, 0x36,
  0x00, 0x00, 0xff, 0xff, 0x14, 0x00, 0x01, 0xd5, 0xff, 0xb8, 0x02, 0x00, 0x00, 0x00, 0xff, 0x7f,
  0x91, 0x00, 0x87, 0xbf, 0x28, 0x29, 0x28, 0x10, 0x5c, 0x00, 0x10, 0xd6, 0x14, 0x21, 0x05, 0x02,
  0x00, 0x00, 0x17, 0xd4, 0x14, 0x29, 0x02, 0x00, 0xb2, 0x00, 0x87, 0xbf, 0x5c, 0x00, 0x55, 0xd6,
  0x14, 0xb9, 0xfe, 0x03, 0xff, 0x7f, 0x00, 0x00, 0x80, 0x16, 0xf0, 0xd8, 0x13, 0x00, 0x00, 0x14,
  0x90, 0xb8, 0xb8, 0x32, 0x5c, 0x00, 0x01, 0xd5, 0xff, 0xb8, 0x02, 0x00, 0xff, 0x7f, 0x00, 0x00,
  0x07, 0xfc, 0x89, 0xbf, 0x90, 0x28, 0x28, 0x30, 0x91, 0x00, 0x87, 0xbf, 0xce, 0x29, 0x28, 0x10,
  0x90, 0x28, 0xba, 0x32, 0x01, 0x00, 0x17, 0xd4, 0x14, 0x29, 0x02, 0x00, 0x92, 0x00, 0x87, 0xbf,
  0x81, 0xba, 0xba, 0x36, 0x5d, 0x00, 0x55, 0xd6, 0x14, 0xbb, 0xfe, 0x03, 0xff, 0x7f, 0x00, 0x00,
  0x91, 0x00, 0x87, 0xbf, 0xff, 0xba, 0xba, 0x36, 0x00, 0x00, 0xff, 0xff, 0x14, 0x00, 0x01, 0xd5,
  0xff, 0xba, 0x06, 0x00, 0x00, 0x00, 0xff, 0x7f, 0x91, 0x00, 0x87, 0xbf, 0x29, 0x29, 0x28, 0x10,
  0x5d, 0x00, 0x10, 0xd6, 0x14, 0x21, 0x05, 0x02, 0x01, 0x00, 0x17, 0xd4, 0x14, 0x29, 0x02, 0x00,
  0xb2, 0x00, 0x87, 0xbf, 0x5d, 0x00, 0x55, 0xd6, 0x14, 0xbb, 0xfe, 0x03, 0xff, 0x7f, 0x00, 0x00,
  0x00, 0x17, 0xf0, 0xd8, 0x13, 0x00, 0x00, 0x14, 0x90, 0xba, 0xba, 0x32, 0x5d, 0x00, 0x01, 0xd5,
  0xff, 0xba, 0x06, 0x00, 0xff, 0x7f, 0x00, 0x00, 0xb1, 0x00, 0x87, 0xbf, 0x97, 0x00, 0x44, 0xd6,
  0x5d, 0xb9, 0xfe, 0x03, 0x00, 0x01, 0x04, 0x05, 0x07, 0xfc, 0x89, 0xbf, 0x90, 0x28, 0x28, 0x30,
  0xcf, 0x29, 0x28, 0x10, 0x21, 0x01, 0x87, 0xbf, 0x90, 0x28, 0xbc, 0x32, 0x02, 0x00, 0x17, 0xd4,
  0x14, 0x29, 0x02, 0x00, 0x81, 0xbc, 0xbc, 0x36, 0x91, 0x00, 0x87, 0xbf, 0x5e, 0x00, 0x55, 0xd6,
  0x14, 0xbd, 0xfe, 0x03, 0xff, 0x7f, 0x00, 0x00, 0xff, 0xbc, 0xbc, 0x36, 0x00, 0x00, 0xff, 0xff,
  0x91, 0x00, 0x87, 0xbf, 0x14, 0x00, 0x01, 0xd5, 0xff, 0xbc, 0x0a, 0x00, 0x00, 0x00, 0xff, 0x7f,
  0x26, 0x29, 0x28, 0x10, 0x21, 0x01, 0x87, 0xbf, 0x5e, 0x00, 0x10, 0xd6, 0x14, 0x21, 0x05, 0x02,
  0x02, 0x00, 0x17, 0xd4, 0x14, 0x29, 0x02, 0x00, 0x5e, 0x00, 0x55, 0xd6, 0x14, 0xbd, 0xfe, 0x03,
  0xff, 0x7f, 0x00, 0x00, 0x91, 0x00, 0x87, 0xbf, 0x90, 0xbc, 0xbc, 0x32, 0x14, 0x00, 0x01, 0xd5,
  0xff, 0xbc, 0x0a, 0x00, 0xff, 0x7f, 0x00, 0x00, 0x01, 0x00, 0x87, 0xbf, 0x98, 0x00, 0x44, 0xd6,
  0x4e, 0x29, 0xfe, 0x03, 0x00, 0x01, 0x04, 0x05, 0x80, 0x15, 0xf0, 0xd8, 0x13, 0x00, 0x00, 0x14,
  0xc0, 0x15, 0xf0, 0xd8, 0x13, 0x00, 0x00, 0x78, 0x40, 0x15, 0xf0, 0xd8, 0x13, 0x00, 0x00, 0x4e,
  0x10, 0x00, 0x5d, 0xdc, 0x00, 0x00, 0x7c, 0xd1, 0x27, 0xfc, 0x89, 0xbf, 0x90, 0x28, 0x28, 0x30,
  0xf7, 0x03, 0x89, 0xbf, 0x91, 0x00, 0x87, 0xbf, 0xd4, 0x29, 0x28, 0x10, 0x90, 0x28, 0xb8, 0x32,
  0x14, 0x29, 0x2e, 0x7c, 0x92, 0x00, 0x87, 0xbf, 0x81, 0xb8, 0xb8, 0x36, 0x5c, 0x00, 0x55, 0xd6,
  0x14, 0xb9, 0xfe, 0x03, 0xff, 0x7f, 0x00, 0x00, 0x91, 0x00, 0x87, 0xbf, 0xff, 0xb8, 0xb8, 0x36,
  0x00, 0x00, 0xff, 0xff, 0xff, 0xb8, 0x28, 0x02, 0x00, 0x00, 0xff, 0x7f, 0x91, 0x00, 0x87, 0xbf,
  0x2b, 0x29, 0x28, 0x10, 0x5c, 0x00, 0x10, 0xd6, 0x14, 0x21, 0x05, 0x02, 0x14, 0x29, 0x2e, 0x7c,
  0xc2, 0x00, 0x87, 0xbf, 0x5c, 0x00, 0x55, 0xd6, 0x14, 0xb9, 0xfe, 0x03, 0xff, 0x7f, 0x00, 0x00,
  0x00, 0x15, 0xf0, 0xd8, 0x13, 0x00, 0x00, 0x14, 0xc0, 0x14, 0xf0, 0xd8, 0x13, 0x00, 0x00, 0x79,
  0x90, 0xb8, 0xb8, 0x32, 0xff, 0xb8, 0xb8, 0x02, 0xff, 0x7f, 0x00, 0x00, 0x17, 0xfc, 0x89, 0xbf,
  0x90, 0x28, 0x28, 0x30, 0x91, 0x00, 0x87, 0xbf, 0xd3, 0x29, 0x28, 0x10, 0x90, 0x28, 0xba, 0x32,
  0x00, 0x00, 0x17, 0xd4, 0x14, 0x29, 0x02, 0x00, 0x92, 0x00, 0x87, 0xbf, 0x81, 0xba, 0xba, 0x36,
  0x5d, 0x00, 0x55, 0xd6, 0x14, 0xbb, 0xfe, 0x03, 0xff, 0x7f, 0x00, 0x00, 0x91, 0x00, 0x87, 0xbf,
  0xff, 0xba, 0xba, 0x36, 0x00, 0x00, 0xff, 0xff, 0x14, 0x00, 0x01, 0xd5, 0xff, 0xba, 0x02, 0x00,
  0x00, 0x00, 0xff, 0x7f, 0x91, 0x00, 0x87, 0xbf, 0x2a, 0x29, 0x28, 0x10, 0x5d, 0x00, 0x10, 0xd6,
  0x14, 0x21, 0x05, 0x02, 0x00, 0x00, 0x17, 0xd4, 0x14, 0x29, 0x02, 0x00, 0x92, 0x00, 0x87, 0xbf,
  0x5d, 0x00, 0x55, 0xd6, 0x14, 0xbb, 0xfe, 0x03, 0xff, 0x7f, 0x00, 0x00, 0x90, 0xba, 0xba, 0x32,
  0x91, 0x00, 0x87, 0xbf, 0x14, 0x00, 0x01, 0xd5, 0xff, 0xba, 0x02, 0x00, 0xff, 0x7f, 0x00, 0x00,
  0x96, 0x00, 0x44, 0xd6, 0x5c, 0x29, 0xfe, 0x03, 0x00, 0x01, 0x04, 0x05, 0x80, 0x14, 0xf0, 0xd8,
  0x13, 0x00, 0x00, 0x14, 0x40, 0x14, 0xf0, 0xd8, 0x13, 0x00, 0x00, 0x7a, 0x17, 0xfc, 0x89, 0xbf,
  0x90, 0x28, 0x28, 0x30, 0x91, 0x00, 0x87, 0xbf, 0xd2, 0x29, 0x28, 0x10, 0x90, 0x28, 0xb8, 0x32,
  0x14, 0x29, 0x2e, 0x7c, 0x92, 0x00, 0x87, 0xbf, 0x81, 0xb8, 0xb8, 0x36, 0x5c, 0x00, 0x55, 0xd6,
  0x14, 0xb9, 0xfe, 0x03, 0xff, 0x7f, 0x00, 0x00, 0x91, 0x00, 0x87, 0xbf, 0xff, 0xb8, 0xb8, 0x36,
  0x00, 0x00, 0xff, 0xff, 0xff, 0xb8, 0x28, 0x02, 0x00, 0x00, 0xff, 0x7f, 0x91, 0x00, 0x87, 0xbf,
  0x2d, 0x29, 0x28, 0x10, 0x5c, 0x00, 0x10, 0xd6, 0x14, 0x21, 0x05, 0x02, 0x14, 0x29, 0x2e, 0x7c,
  0xb2, 0x00, 0x87, 0xbf, 0x5c, 0x00, 0x55, 0xd6, 0x14, 0xb9, 0xfe, 0x03, 0xff, 0x7f, 0x00, 0x00,
  0x00, 0x14, 0xf0, 0xd8, 0x13, 0x00, 0x00, 0x14, 0x90, 0xb8, 0xb8, 0x32, 0xff, 0xb8, 0xb8, 0x02,
  0xff, 0x7f, 0x00, 0x00, 0x07, 0xfc, 0x89, 0xbf, 0x90, 0x28, 0x28, 0x30, 0x91, 0x00, 0x87, 0xbf,
  0xd1, 0x29, 0x28, 0x10, 0x90, 0x28, 0xba, 0x32, 0x00, 0x00, 0x17, 0xd4, 0x14, 0x29, 0x02, 0x00,
  0x92, 0x00, 0x87, 0xbf, 0x81, 0xba, 0xba, 0x36, 0x5d, 0x00, 0x55, 0xd6, 0x14, 0xbb, 0xfe, 0x03,
  0xff, 0x7f, 0x00, 0x00, 0x91, 0x00, 0x87, 0xbf, 0xff, 0xba, 0xba, 0x36, 0x00, 0x00, 0xff, 0xff,
  0x14, 0x00, 0x01, 0xd5, 0xff, 0xba, 0x02, 0x00, 0x00, 0x00, 0xff, 0x7f, 0x91, 0x00, 0x87, 0xbf,
  0x2c, 0x29, 0x28, 0x10, 0x5d, 0x00, 0x10, 0xd6, 0x14, 0x21, 0x05, 0x02, 0x00, 0x00, 0x17, 0xd4,
  0x14, 0x29, 0x02, 0x00, 0x92, 0x00, 0x87, 0xbf, 0x5d, 0x00, 0x55, 0xd6, 0x14, 0xbb, 0xfe, 0x03,
  0xff, 0x7f, 0x00, 0x00, 0x90, 0xba, 0xba, 0x32, 0x91, 0x00, 0x87, 0xbf, 0x14, 0x00, 0x01, 0xd5,
  0xff, 0xba, 0x02, 0x00, 0xff, 0x7f, 0x00, 0x00, 0x95, 0x00, 0x44, 0xd6, 0x5c, 0x29, 0xfe, 0x03,
  0x00, 0x01, 0x04, 0x05, 0x80, 0x13, 0xf0, 0xd8, 0x13, 0x00, 0x00, 0x14, 0xc0, 0x13, 0xf0, 0xd8,
  0x13, 0x00, 0x00, 0x7c, 0x40, 0x13, 0xf0, 0xd8, 0x13, 0x00, 0x00, 0x7b, 0x20, 0x00, 0x5d, 0xdc,
  0x00, 0x00, 0x7c, 0xd5, 0x27, 0xfc, 0x89, 0xbf, 0x90, 0x28, 0x28, 0x30, 0xf7, 0x03, 0x89, 0xbf,
  0x91, 0x00, 0x87, 0xbf, 0xd8, 0x29, 0x28, 0x10, 0x90, 0x28, 0xb8, 0x32, 0x14, 0x29, 0x2e, 0x7c,
  0x92, 0x00, 0x87, 0xbf, 0x81, 0xb8, 0xb8, 0x36, 0x5c, 0x00, 0x55, 0xd6, 0x14, 0xb9, 0xfe, 0x03,
  0xff, 0x7f, 0x00, 0x00, 0x91, 0x00, 0x87, 0xbf, 0xff, 0xb8, 0xb8, 0x36, 0x00, 0x00, 0xff, 0xff,
  0xff, 0xb8, 0x28, 0x02, 0x00, 0x00, 0xff, 0x7f, 0x91, 0x00, 0x87, 0xbf, 0x2f, 0x29, 0x28, 0x10,
  0x5c, 0x00, 0x10, 0xd6, 0x14, 0x21, 0x05, 0x02, 0x14, 0x29, 0x2e, 0x7c, 0xc2, 0x00, 0x87, 0xbf,
  0x5c, 0x00, 0x55, 0xd6, 0x14, 0xb9, 0xfe, 0x03, 0xff, 0x7f, 0x00, 0x00, 0x00, 0x13, 0xf0, 0xd8,
  0x13, 0x00, 0x00, 0x14, 0xc0, 0x12, 0xf0, 0xd8, 0x13, 0x00, 0x00, 0x7d, 0x90, 0xb8, 0xb8, 0x32,
  0xff, 0xb8, 0xb8, 0x02, 0xff, 0x7f, 0x00, 0x00, 0x17, 0xfc, 0x89, 0xbf, 0x90, 0x28, 0x28, 0x30,
  0x91, 0x00, 0x87, 0xbf, 0xd7, 0x29, 0x28, 0x10, 0x90, 0x28, 0xba, 0x32, 0x00, 0x00, 0x17, 0xd4,
  0x14, 0x29, 0x02, 0x00, 0x92, 0x00, 0x87, 0xbf, 0x81, 0xba, 0xba, 0x36, 0x5d, 0x00, 0x55, 0xd6,
  0x14, 0xbb, 0xfe, 0x03, 0xff, 0x7f, 0x00, 0x00, 0x91, 0x00, 0x87, 0xbf, 0xff, 0xba, 0xba, 0x36,
  0x00, 0x00, 0xff, 0xff, 0x14, 0x00, 0x01, 0xd5, 0xff, 0xba, 0x02, 0x00, 0x00, 0x00, 0xff, 0x7f,
  0x91, 0x00, 0x87, 0xbf, 0x2e, 0x29, 0x28, 0x10, 0x5d, 0x00, 0x10, 0xd6, 0x14, 0x21, 0x05, 0x02,
  0x00, 0x00, 0x17, 0xd4, 0x14, 0x29, 0x02, 0x00, 0x92, 0x00, 0x87, 0xbf, 0x5d, 0x00, 0x55, 0xd6,
  0x14, 0xbb, 0xfe, 0x03, 0xff, 0x7f, 0x00, 0x00, 0x90, 0xba, 0xba, 0x32, 0x91, 0x00, 0x87, 0xbf,
  0x14, 0x00, 0x01, 0xd5, 0xff, 0xba, 0x02, 0x00, 0xff, 0x7f, 0x00, 0x00, 0x94, 0x00, 0x44, 0xd6,
  0x5c, 0x29, 0xfe, 0x03, 0x00, 0x01, 0x04, 0x05, 0x80, 0x12, 0xf0, 0xd8, 0x13, 0x00, 0x00, 0x14,
  0x40, 0x12, 0xf0, 0xd8, 0x13, 0x00, 0x00, 0x7e, 0x17, 0xfc, 0x89, 0xbf, 0x90, 0x28, 0x28, 0x30,
  0x91, 0x00, 0x87, 0xbf, 0xd6, 0x29, 0x28, 0x10, 0x90, 0x28, 0xb8, 0x32, 0x14, 0x29, 0x2e, 0x7c,
  0x92, 0x00, 0x87, 0xbf, 0x81, 0xb8, 0xb8, 0x36, 0x5c, 0x00, 0x55, 0xd6, 0x14, 0xb9, 0xfe, 0x03,
  0xff, 0x7f, 0x00, 0x00, 0x91, 0x00, 0x87, 0xbf, 0xff, 0xb8, 0xb8, 0x36, 0x00, 0x00, 0xff, 0xff,
  0xff, 0xb8, 0x28, 0x02, 0x00, 0x00, 0xff, 0x7f, 0x91, 0x00, 0x87, 0xbf, 0x31, 0x29, 0x28, 0x10,
  0x5c, 0x00, 0x10, 0xd6, 0x14, 0x21, 0x05, 0x02, 0x14, 0x29, 0x2e, 0x7c, 0xb2, 0x00, 0x87, 0xbf,
  0x5c, 0x00, 0x55, 0xd6, 0x14, 0xb9, 0xfe, 0x03, 0xff, 0x7f, 0x00, 0x00, 0x00, 0x12, 0xf0, 0xd8,
  0x13, 0x00, 0x00, 0x14, 0x90, 0xb8, 0xb8, 0x32, 0xff, 0xb8, 0xb8, 0x02, 0xff, 0x7f, 0x00, 0x00,
  0x07, 0xfc, 0x89, 0xbf, 0x90, 0x28, 0x28, 0x30, 0x91, 0x00, 0x87, 0xbf, 0xd5, 0x29, 0x28, 0x10,
  0x90, 0x28, 0xba, 0x32, 0x00, 0x00, 0x17, 0xd4, 0x14, 0x29, 0x02, 0x00, 0x92, 0x00, 0x87, 0xbf,
  0x81, 0xba, 0xba, 0x36, 0x5d, 0x00, 0x55, 0xd6, 0x14, 0xbb, 0xfe, 0x03, 0xff, 0x7f, 0x00, 0x00,
  0x91, 0x00, 0x87, 0xbf, 0xff, 0xba, 0xba, 0x36, 0x00, 0x00, 0xff, 0xff, 0x14, 0x00, 0x01, 0xd5,
  0xff, 0xba, 0x02, 0x00, 0x00, 0x00, 0xff, 0x7f, 0x91, 0x00, 0x87, 0xbf, 0x30, 0x29, 0x28, 0x10,
  0x5d, 0x00, 0x10, 0xd6, 0x14, 0x21, 0x05, 0x02, 0x00, 0x00, 0x17, 0xd4, 0x14, 0x29, 0x02, 0x00,
  0x92, 0x00, 0x87, 0xbf, 0x5d, 0x00, 0x55, 0xd6, 0x14, 0xbb, 0xfe, 0x03, 0xff, 0x7f, 0x00, 0x00,
  0x90, 0xba, 0xba, 0x32, 0x91, 0x00, 0x87, 0xbf, 0x14, 0x00, 0x01, 0xd5, 0xff, 0xba, 0x02, 0x00,
  0xff, 0x7f, 0x00, 0x00, 0x93, 0x00, 0x44, 0xd6, 0x5c, 0x29, 0xfe, 0x03, 0x00, 0x01, 0x04, 0x05,
  0x80, 0x11, 0xf0, 0xd8, 0x13, 0x00, 0x00, 0x14, 0xc0, 0x11, 0xf0, 0xd8, 0x13, 0x00, 0x00, 0x80,
  0x40, 0x11, 0xf0, 0xd8, 0x13, 0x00, 0x00, 0x7f, 0x27, 0xfc, 0x89, 0xbf, 0x90, 0x28, 0x28, 0x30,
  0x91, 0x00, 0x87, 0xbf, 0xe0, 0x29, 0x28, 0x10, 0x90, 0x28, 0xb8, 0x32, 0x14, 0x29, 0x2e, 0x7c,
  0x92, 0x00, 0x87, 0xbf, 0x81, 0xb8, 0xb8, 0x36, 0x5c, 0x00, 0x55, 0xd6, 0x14, 0xb9, 0xfe, 0x03,
  0xff, 0x7f, 0x00, 0x00, 0x91, 0x00, 0x87, 0xbf, 0xff, 0xb8, 0xb8, 0x36, 0x00, 0x00, 0xff, 0xff,
  0xff, 0xb8, 0x28, 0x02, 0x00, 0x00, 0xff, 0x7f, 0x91, 0x00, 0x87, 0xbf, 0x33, 0x29, 0x28, 0x10,
  0x5c, 0x00, 0x10, 0xd6, 0x14, 0x21, 0x05, 0x02, 0x14, 0x29, 0x2e, 0x7c, 0xd2, 0x00, 0x87, 0xbf,
  0x5c, 0x00, 0x55, 0xd6, 0x14, 0xb9, 0xfe, 0x03, 0xff, 0x7f, 0x00, 0x00, 0x00, 0x11, 0xf0, 0xd8,
  0x13, 0x00, 0x00, 0x5d, 0xc0, 0x10, 0xf0, 0xd8, 0x13, 0x00, 0x00, 0x14, 0x90, 0xb8, 0xb8, 0x32,
  0x17, 0xfc, 0x89, 0xbf, 0xff, 0xb8, 0x62, 0xca, 0x90, 0xba, 0x5c, 0x5c, 0xff, 0x7f, 0x00, 0x00,
  0x07, 0xfc, 0x89, 0xbf, 0x91, 0x00, 0x87, 0xbf, 0xdf, 0xbb, 0xe2, 0xc8, 0x90, 0x28, 0x14, 0x5d,
  0xde, 0x29, 0x28, 0x10, 0x22, 0x01, 0x87, 0xbf, 0x90, 0xba, 0xbc, 0x32, 0x00, 0x00, 0x17, 0xd4,
  0x5d, 0xbb, 0x02, 0x00, 0x81, 0xbc, 0xbc, 0x36, 0x91, 0x00, 0x87, 0xbf, 0x5e, 0x00, 0x55, 0xd6,
  0x5d, 0xbd, 0xfe, 0x03, 0xff, 0x7f, 0x00, 0x00, 0xff, 0xbc, 0xbc, 0x36, 0x00, 0x00, 0xff, 0xff,
  0x91, 0x00, 0x87, 0xbf, 0x5d, 0x00, 0x01, 0xd5, 0xff, 0xbc, 0x02, 0x00, 0x00, 0x00, 0xff, 0x7f,
  0x32, 0xbb, 0xba, 0x10, 0x21, 0x01, 0x87, 0xbf, 0x5e, 0x00, 0x10, 0xd6, 0x5d, 0x21, 0x05, 0x02,
  0x00, 0x00, 0x17, 0xd4, 0x5d, 0xbb, 0x02, 0x00, 0x5e, 0x00, 0x55, 0xd6, 0x5d, 0xbd, 0xfe, 0x03,
  0xff, 0x7f, 0x00, 0x00, 0x91, 0x00, 0x87, 0xbf, 0x90, 0xbc, 0xbc, 0x32, 0x5d, 0x00, 0x01, 0xd5,
  0xff, 0xbc, 0x02, 0x00, 0xff, 0x7f, 0x00, 0x00, 0xd1, 0x00, 0x87, 0xbf, 0x92, 0x00, 0x44, 0xd6,
  0x5c, 0xbb, 0xfe, 0x03, 0x00, 0x01, 0x04, 0x05, 0x80, 0x10, 0xf0, 0xd8, 0x13, 0x00, 0x00, 0x5d,
  0x40, 0x10, 0xf0, 0xd8, 0x13, 0x00, 0x00, 0x5c, 0x17, 0xfc, 0x89, 0xbf, 0x90, 0xba, 0xba, 0x30,
  0xde, 0xbb, 0xba, 0x10, 0x21, 0x01, 0x87, 0xbf, 0x90, 0xba, 0xbc, 0x32, 0x5d, 0xbb, 0x2e, 0x7c,
  0x81, 0xbc, 0xbc, 0x36, 0x91, 0x00, 0x87, 0xbf, 0x5e, 0x00, 0x55, 0xd6, 0x5d, 0xbd, 0xfe, 0x03,
  0xff, 0x7f, 0x00, 0x00, 0xff, 0xbc, 0xbc, 0x36, 0x00, 0x00, 0xff, 0xff, 0x91, 0x00, 0x87, 0xbf,
  0xff, 0xbc, 0xba, 0x02, 0x00, 0x00, 0xff, 0x7f, 0x35, 0xbb, 0xba, 0x10, 0x21, 0x01, 0x87, 0xbf,
  0x5e, 0x00, 0x10, 0xd6, 0x5d, 0x21, 0x05, 0x02, 0x5d, 0xbb, 0x2e, 0x7c, 0x5e, 0x00, 0x55, 0xd6,
  0x5d, 0xbd, 0xfe, 0x03, 0xff, 0x7f, 0x00, 0x00, 0x00, 0x10, 0xf0, 0xd8, 0x13, 0x00, 0x00, 0x5d,
  0x90, 0xbc, 0xbc, 0x32, 0x07, 0xfc, 0x89, 0xbf, 0x91, 0x00, 0x87, 0xbf, 0xff, 0xbc, 0x62, 0xca,
  0x90, 0xba, 0x5c, 0x5e, 0xff, 0x7f, 0x00, 0x00, 0xdd, 0xbb, 0xba, 0x10, 0x21, 0x01, 0x87, 0xbf,
  0x90, 0xba, 0xbe, 0x32, 0x00, 0x00, 0x17, 0xd4, 0x5d, 0xbb, 0x02, 0x00, 0x81, 0xbe, 0xbe, 0x36,
  0x91, 0x00, 0x87, 0xbf, 0x5f, 0x00, 0x55, 0xd6, 0x5d, 0xbf, 0xfe, 0x03, 0xff, 0x7f, 0x00, 0x00,
  0xff, 0xbe, 0xbe, 0x36, 0x00, 0x00, 0xff, 0xff, 0x91, 0x00, 0x87, 0xbf, 0x5d, 0x00, 0x01, 0xd5,
  0xff, 0xbe, 0x02, 0x00, 0x00, 0x00, 0xff, 0x7f, 0x34, 0xbb, 0xba, 0x10, 0x21, 0x01, 0x87, 0xbf,
  0x5f, 0x00, 0x10, 0xd6, 0x5d, 0x21, 0x05, 0x02, 0x00, 0x00, 0x17, 0xd4, 0x5d, 0xbb, 0x02, 0x00,
  0x5f, 0x00, 0x55, 0xd6, 0x5d, 0xbf, 0xfe, 0x03, 0xff, 0x7f, 0x00, 0x00, 0x91, 0x00, 0x87, 0xbf,
  0x90, 0xbe, 0xbe, 0x32, 0x5d, 0x00, 0x01, 0xd5, 0xff, 0xbe, 0x02, 0x00, 0xff, 0x7f, 0x00, 0x00,
  0x01, 0x00, 0x87, 0xbf, 0x91, 0x00, 0x44, 0xd6, 0x5e, 0xbb, 0xfe, 0x03, 0x00, 0x01, 0x04, 0x05,
  0x80, 0x1f, 0xf0, 0xd8, 0x13, 0x00, 0x00, 0x5e, 0xc0, 0x1f, 0xf0, 0xd8, 0x13, 0x00, 0x00, 0x5f,
  0x40, 0x1f, 0xf0, 0xd8, 0x13, 0x00, 0x00, 0x5d, 0x27, 0xfc, 0x89, 0xbf, 0x90, 0xbc, 0xbc, 0x30,
  0x91, 0x00, 0x87, 0xbf, 0xdc, 0xbd, 0xbc, 0x10, 0x90, 0xbc, 0xc0, 0x32, 0x5e, 0xbd, 0x2e, 0x7c,
  0x92, 0x00, 0x87, 0xbf, 0x81, 0xc0, 0xc0, 0x36, 0x60, 0x00, 0x55, 0xd6, 0x5e, 0xc1, 0xfe, 0x03,
  0xff, 0x7f, 0x00, 0x00, 0x91, 0x00, 0x87, 0xbf, 0xff, 0xc0, 0xc0, 0x36, 0x00, 0x00, 0xff, 0xff,
  0xff, 0xc0, 0xbc, 0x02, 0x00, 0x00, 0xff, 0x7f, 0x91, 0x00, 0x87, 0xbf, 0x17, 0xbd, 0xbc, 0x10,
  0x60, 0x00, 0x10, 0xd6, 0x5e, 0x21, 0x05, 0x02, 0x5e, 0xbd, 0x2e, 0x7c, 0x92, 0x00, 0x87, 0xbf,
  0x60, 0x00, 0x55, 0xd6, 0x5e, 0xc1, 0xfe, 0x03, 0xff, 0x7f, 0x00, 0x00, 0x90, 0xc0, 0xc2, 0x32,
  0x00, 0x1e, 0xf0, 0xd8, 0x13, 0x00, 0x00, 0x62, 0xc0, 0x1e, 0xf0, 0xd8, 0x13, 0x00, 0x00, 0x5e,
  0x40, 0x1e, 0xf0, 0xd8, 0x13, 0x00, 0x00, 0x60, 0x27, 0xfc, 0x89, 0xbf, 0xff, 0xc2, 0x62, 0xca,
  0x90, 0xc4, 0x62, 0x61, 0xff, 0x7f, 0x00, 0x00, 0x91, 0x00, 0x87, 0xbf, 0xd9, 0xc5, 0xc4, 0x10,
  0x90, 0xc4, 0xc6, 0x32, 0x00, 0x00, 0x17, 0xd4, 0x62, 0xc5, 0x02, 0x00, 0x92, 0x00, 0x87, 0xbf,
  0x81, 0xc6, 0xc6, 0x36, 0x63, 0x00, 0x55, 0xd6, 0x62, 0xc7, 0xfe, 0x03, 0xff, 0x7f, 0x00, 0x00,
  0x91, 0x00, 0x87, 0xbf, 0xff, 0xc6, 0xc6, 0x36, 0x00, 0x00, 0xff, 0xff, 0x62, 0x00, 0x01, 0xd5,
  0xff, 0xc6, 0x02, 0x00, 0x00, 0x00, 0xff, 0x7f, 0x91, 0x00, 0x87, 0xbf, 0x18, 0xc5, 0xc4, 0x10,
  0x63, 0x00, 0x10, 0xd6, 0x62, 0x21, 0x05, 0x02, 0x00, 0x00, 0x17, 0xd4, 0x62, 0xc5, 0x02, 0x00,
  0xb2, 0x00, 0x87, 0xbf, 0x63, 0x00, 0x55, 0xd6, 0x62, 0xc7, 0xfe, 0x03, 0xff, 0x7f, 0x00, 0x00,
  0x80, 0x1e, 0xf0, 0xd8, 0x13, 0x00, 0x00, 0x62, 0x90, 0xc6, 0xc6, 0x32, 0x63, 0x00, 0x01, 0xd5,
  0xff, 0xc6, 0x02, 0x00, 0xff, 0x7f, 0x00, 0x00, 0x07, 0xfc, 0x89, 0xbf, 0x90, 0xc4, 0xc4, 0x30,
  0x91, 0x00, 0x87, 0xbf, 0xda, 0xc5, 0xc4, 0x10, 0x90, 0xc4, 0xc8, 0x32, 0x01, 0x00, 0x17, 0xd4,
  0x62, 0xc5, 0x02, 0x00, 0x92, 0x00, 0x87, 0xbf, 0x81, 0xc8, 0xc8, 0x36, 0x64, 0x00, 0x55, 0xd6,
  0x62, 0xc9, 0xfe, 0x03, 0xff, 0x7f, 0x00, 0x00, 0x91, 0x00, 0x87, 0xbf, 0xff, 0xc8, 0xc8, 0x36,
  0x00, 0x00, 0xff, 0xff, 0x62, 0x00, 0x01, 0xd5, 0xff, 0xc8, 0x06, 0x00, 0x00, 0x00, 0xff, 0x7f,
  0x91, 0x00, 0x87, 0xbf, 0x19, 0xc5, 0xc4, 0x10, 0x64, 0x00, 0x10, 0xd6, 0x62, 0x21, 0x05, 0x02,
  0x01, 0x00, 0x17, 0xd4, 0x62, 0xc5, 0x02, 0x00, 0xb2, 0x00, 0x87, 0xbf, 0x64, 0x00, 0x55, 0xd6,
  0x62, 0xc9, 0xfe, 0x03, 0xff, 0x7f, 0x00, 0x00, 0x00, 0x1f, 0xf0, 0xd8, 0x13, 0x00, 0x00, 0x62,
  0x90, 0xc8, 0xc8, 0x32, 0x64, 0x00, 0x01, 0xd5, 0xff, 0xc8, 0x06, 0x00, 0xff, 0x7f, 0x00, 0x00,
  0x01, 0x00, 0x17, 0xd4, 0x15, 0x2b, 0x02, 0x00, 0xb2, 0x00, 0x87, 0xbf, 0x9f, 0x00, 0x44, 0xd6,
  0x64, 0xc7, 0xfe, 0x03, 0x00, 0x01, 0x04, 0x05, 0x07, 0xfc, 0x89, 0xbf, 0x90, 0xc4, 0xc4, 0x30,
  0xdb, 0xc5, 0xc4, 0x10, 0x21, 0x01, 0x87, 0xbf, 0x90, 0xc4, 0xca, 0x32, 0x02, 0x00, 0x17, 0xd4,
  0x62, 0xc5, 0x02, 0x00, 0x81, 0xca, 0xca, 0x36, 0x91, 0x00, 0x87, 0xbf, 0x65, 0x00, 0x55, 0xd6,
  0x62, 0xcb, 0xfe, 0x03, 0xff, 0x7f, 0x00, 0x00, 0xff, 0xca, 0xca, 0x36, 0x00, 0x00, 0xff, 0xff,
  0x91, 0x00, 0x87, 0xbf, 0x62, 0x00, 0x01, 0xd5, 0xff, 0xca, 0x0a, 0x00, 0x00, 0x00, 0xff, 0x7f,
  0x16, 0xc5, 0xc4, 0x10, 0x21, 0x01, 0x87, 0xbf, 0x65, 0x00, 0x10, 0xd6, 0x62, 0x21, 0x05, 0x02,
  0x02, 0x00, 0x17, 0xd4, 0x62, 0xc5, 0x02, 0x00, 0x65, 0x00, 0x55, 0xd6, 0x62, 0xcb, 0xfe, 0x03,
  0xff, 0x7f, 0x00, 0x00, 0x91, 0x00, 0x87, 0xbf, 0x90, 0xca, 0xca, 0x32, 0x62, 0x00, 0x01, 0xd5,
  0xff, 0xca, 0x0a, 0x00, 0xff, 0x7f, 0x00, 0x00, 0x01, 0x00, 0x87, 0xbf, 0xa0, 0x00, 0x44, 0xd6,
  0x61, 0xc5, 0xfe, 0x03, 0x00, 0x01, 0x04, 0x05, 0x80, 0x1d, 0xf0, 0xd8, 0x13, 0x00, 0x00, 0x63,
  0xc0, 0x1d, 0xf0, 0xd8, 0x13, 0x00, 0x00, 0x62, 0x40, 0x1d, 0xf0, 0xd8, 0x13, 0x00, 0x00, 0x61,
  0x27, 0xfc, 0x89, 0xbf, 0x90, 0xc6, 0xc6, 0x30, 0x91, 0x00, 0x87, 0xbf, 0xc4, 0xc7, 0xc6, 0x10,
  0x90, 0xc6, 0xc8, 0x32, 0x63, 0xc7, 0x2e, 0x7c, 0x92, 0x00, 0x87, 0xbf, 0x81, 0xc8, 0xc8, 0x36,
  0x64, 0x00, 0x55, 0xd6, 0x63, 0xc9, 0xfe, 0x03, 0xff, 0x7f, 0x00, 0x00, 0x91, 0x00, 0x87, 0xbf,
  0xff, 0xc8, 0xc8, 0x36, 0x00, 0x00, 0xff, 0xff, 0xff, 0xc8, 0xc6, 0x02, 0x00, 0x00, 0xff, 0x7f,
  0x91, 0x00, 0x87, 0xbf, 0x1b, 0xc7, 0xc6, 0x10, 0x64, 0x00, 0x10, 0xd6, 0x63, 0x21, 0x05, 0x02,
  0x63, 0xc7, 0x2e, 0x7c, 0xd2, 0x00, 0x87, 0xbf, 0x64, 0x00, 0x55, 0xd6, 0x63, 0xc9, 0xfe, 0x03,
  0xff, 0x7f, 0x00, 0x00, 0x00, 0x1d, 0xf0, 0xd8, 0x13, 0x00, 0x00, 0x65, 0xc0, 0x1c, 0xf0, 0xd8,
  0x13, 0x00, 0x00, 0x63, 0x90, 0xc8, 0xc8, 0x32, 0x17, 0xfc, 0x89, 0xbf, 0xff, 0xc8, 0x62, 0xca,
  0x90, 0xca, 0x64, 0x64, 0xff, 0x7f, 0x00, 0x00, 0x91, 0x00, 0x87, 0xbf, 0xc3, 0xcb, 0xca, 0x10,
  0x90, 0xca, 0xcc, 0x32, 0x00, 0x00, 0x17, 0xd4, 0x65, 0xcb, 0x02, 0x00, 0x92, 0x00, 0x87, 0xbf,
  0x81, 0xcc, 0xcc, 0x36, 0x66, 0x00, 0x55, 0xd6, 0x65, 0xcd, 0xfe, 0x03, 0xff, 0x7f, 0x00, 0x00,
  0x91, 0x00, 0x87, 0xbf, 0xff, 0xcc, 0xcc, 0x36, 0x00, 0x00, 0xff, 0xff, 0x65, 0x00, 0x01, 0xd5,
  0xff, 0xcc, 0x02, 0x00, 0x00, 0x00, 0xff, 0x7f, 0x91, 0x00, 0x87, 0xbf, 0x1a, 0xcb, 0xca, 0x10,
  0x66, 0x00, 0x10, 0xd6, 0x65, 0x21, 0x05, 0x02, 0x00, 0x00, 0x17, 0xd4, 0x65, 0xcb, 0x02, 0x00,
  0x92, 0x00, 0x87, 0xbf, 0x66, 0x00, 0x55, 0xd6, 0x65, 0xcd, 0xfe, 0x03, 0xff, 0x7f, 0x00, 0x00,
  0x90, 0xcc, 0xcc, 0x32, 0x91, 0x00, 0x87, 0xbf, 0x65, 0x00, 0x01, 0xd5, 0xff, 0xcc, 0x02, 0x00,
  0xff, 0x7f, 0x00, 0x00, 0x9e, 0x00, 0x44, 0xd6, 0x64, 0xcb, 0xfe, 0x03, 0x00, 0x01, 0x04, 0x05,
  0x80, 0x1c, 0xf0, 0xd8, 0x13, 0x00, 0x00, 0x65, 0x40, 0x1c, 0xf0, 0xd8, 0x13, 0x00, 0x00, 0x64,
  0x17, 0xfc, 0x89, 0xbf, 0x90, 0xca, 0xca, 0x30, 0x91, 0x00, 0x87, 0xbf, 0xc2, 0xcb, 0xca, 0x10,
  0x90, 0xca, 0xcc, 0x32, 0x65, 0xcb, 0x2e, 0x7c, 0x92, 0x00, 0x87, 0xbf, 0x81, 0xcc, 0xcc, 0x36,
  0x66, 0x00, 0x55, 0xd6, 0x65, 0xcd, 0xfe, 0x03, 0xff, 0x7f, 0x00, 0x00, 0x91, 0x00, 0x87, 0xbf,
  0xff, 0xcc, 0xcc, 0x36, 0x00, 0x00, 0xff, 0xff, 0xff, 0xcc, 0xca, 0x02, 0x00, 0x00, 0xff, 0x7f,
  0x91, 0x00, 0x87, 0xbf, 0x1d, 0xcb, 0xca, 0x10, 0x66, 0x00, 0x10, 0xd6, 0x65, 0x21, 0x05, 0x02,
  0x65, 0xcb, 0x2e, 0x7c, 0xc2, 0x00, 0x87, 0xbf, 0x66, 0x00, 0x55, 0xd6, 0x65, 0xcd, 0xfe, 0x03,
  0xff, 0x7f, 0x00, 0x00, 0x00, 0x1c, 0xf0, 0xd8, 0x13, 0x00, 0x00, 0x65, 0x90, 0xcc, 0xcc, 0x32,
  0x07, 0xfc, 0x89, 0xbf, 0xff, 0xcc, 0x62, 0xca, 0x90, 0xca, 0x64, 0x66, 0xff, 0x7f, 0x00, 0x00,
  0x91, 0x00, 0x87, 0xbf, 0xc1, 0xcb, 0xca, 0x10, 0x90, 0xca, 0xce, 0x32, 0x00, 0x00, 0x17, 0xd4,
  0x65, 0xcb, 0x02, 0x00, 0x92, 0x00, 0x87, 0xbf, 0x81, 0xce, 0xce, 0x36, 0x67, 0x00, 0x55, 0xd6,
  0x65, 0xcf, 0xfe, 0x03, 0xff, 0x7f, 0x00, 0x00, 0x91, 0x00, 0x87, 0xbf, 0xff, 0xce, 0xce, 0x36,
  0x00, 0x00, 0xff, 0xff, 0x65, 0x00, 0x01, 0xd5, 0xff, 0xce, 0x02, 0x00, 0x00, 0x00, 0xff, 0x7f,
  0x91, 0x00, 0x87, 0xbf, 0x1c, 0xcb, 0xca, 0x10, 0x67, 0x00, 0x10, 0xd6, 0x65, 0x21, 0x05, 0x02,
  0x00, 0x00, 0x17, 0xd4, 0x65, 0xcb, 0x02, 0x00, 0x92, 0x00, 0x87, 0xbf, 0x67, 0x00, 0x55, 0xd6,
  0x65, 0xcf, 0xfe, 0x03, 0xff, 0x7f, 0x00, 0x00, 0x90, 0xce, 0xce, 0x32, 0x91, 0x00, 0x87, 0xbf,
  0x65, 0x00, 0x01, 0xd5, 0xff, 0xce, 0x02, 0x00, 0xff, 0x7f, 0x00, 0x00, 0x9d, 0x00, 0x44, 0xd6,
  0x66, 0xcb, 0xfe, 0x03, 0x00, 0x01, 0x04, 0x05, 0x80, 0x1b, 0xf0, 0xd8, 0x13, 0x00, 0x00, 0x67,
  0xc0, 0x1b, 0xf0, 0xd8, 0x13, 0x00, 0x00, 0x66, 0x40, 0x1b, 0xf0, 0xd8, 0x13, 0x00, 0x00, 0x65,
  0x27, 0xfc, 0x89, 0xbf, 0x90, 0xce, 0xce, 0x30, 0x91, 0x00, 0x87, 0xbf, 0xc8, 0xcf, 0xce, 0x10,
  0x90, 0xce, 0xd0, 0x32, 0x67, 0xcf, 0x2e, 0x7c, 0x92, 0x00, 0x87, 0xbf, 0x81, 0xd0, 0xd0, 0x36,
  0x68, 0x00, 0x55, 0xd6, 0x67, 0xd1, 0xfe, 0x03, 0xff, 0x7f, 0x00, 0x00, 0x91, 0x00, 0x87, 0xbf,
  0xff, 0xd0, 0xd0, 0x36, 0x00, 0x00, 0xff, 0xff, 0xff, 0xd0, 0xce, 0x02, 0x00, 0x00, 0xff, 0x7f,
  0x91, 0x00, 0x87, 0xbf, 0x1f, 0xcf, 0xce, 0x10, 0x68, 0x00, 0x10, 0xd6, 0x67, 0x21, 0x05, 0x02,
  0x67, 0xcf, 0x2e, 0x7c, 0xd2, 0x00, 0x87, 0xbf, 0x68, 0x00, 0x55, 0xd6, 0x67, 0xd1, 0xfe, 0x03,
  0xff, 0x7f, 0x00, 0x00, 0x00, 0x1b, 0xf0, 0xd8, 0x13, 0x00, 0x00, 0x69, 0xc0, 0x1a, 0xf0, 0xd8,
  0x13, 0x00, 0x00, 0x67, 0x90, 0xd0, 0xd0, 0x32, 0x17, 0xfc, 0x89, 0xbf, 0xff, 0xd0, 0x62, 0xca,
  0x90, 0xd2, 0x68, 0x68, 0xff, 0x7f, 0x00, 0x00, 0x91, 0x00, 0x87, 0xbf, 0xc7, 0xd3, 0xd2, 0x10,
  0x90, 0xd2, 0xd4, 0x32, 0x00, 0x00, 0x17, 0xd4, 0x69, 0xd3, 0x02, 0x00, 0x92, 0x00, 0x87, 0xbf,
  0x81, 0xd4, 0xd4, 0x36, 0x6a, 0x00, 0x55, 0xd6, 0x69, 0xd5, 0xfe, 0x03, 0xff, 0x7f, 0x00, 0x00,
  0x91, 0x00, 0x87, 0xbf, 0xff, 0xd4, 0xd4, 0x36, 0x00, 0x00, 0xff, 0xff, 0x69, 0x00, 0x01, 0xd5,
  0xff, 0xd4, 0x02, 0x00, 0x00, 0x00, 0xff, 0x7f, 0x91, 0x00, 0x87, 0xbf, 0x1e, 0xd3, 0xd2, 0x10,
  0x6a, 0x00, 0x10, 0xd6, 0x69, 0x21, 0x05, 0x02, 0x00, 0x00, 0x17, 0xd4, 0x69, 0xd3, 0x02, 0x00,
  0x92, 0x00, 0x87, 0xbf, 0x6a, 0x00, 0x55, 0xd6, 0x69, 0xd5, 0xfe, 0x03, 0xff, 0x7f, 0x00, 0x00,
  0x90, 0xd4, 0xd4, 0x32, 0x91, 0x00, 0x87, 0xbf, 0x69, 0x00, 0x01, 0xd5, 0xff, 0xd4, 0x02, 0x00,
  0xff, 0x7f, 0x00, 0x00, 0x9c, 0x00, 0x44, 0xd6, 0x68, 0xd3, 0xfe, 0x03, 0x00, 0x01, 0x04, 0x05,
  0x80, 0x1a, 0xf0, 0xd8, 0x13, 0x00, 0x00, 0x69, 0x40, 0x1a, 0xf0, 0xd8, 0x13, 0x00, 0x00, 0x68,
  0x17, 0xfc, 0x89, 0xbf, 0x90, 0xd2, 0xd2, 0x30, 0x91, 0x00, 0x87, 0xbf, 0xc6, 0xd3, 0xd2, 0x10,
  0x90, 0xd2, 0xd4, 0x32, 0x69, 0xd3, 0x2e, 0x7c, 0x92, 0x00, 0x87, 0xbf, 0x81, 0xd4, 0xd4, 0x36,
  0x6a, 0x00, 0x55, 0xd6, 0x69, 0xd5, 0xfe, 0x03, 0xff, 0x7f, 0x00, 0x00, 0x91, 0x00, 0x87, 0xbf,
  0xff, 0xd4, 0xd4, 0x36, 0x00, 0x00, 0xff, 0xff, 0xff, 0xd4, 0xd2, 0x02, 0x00, 0x00, 0xff, 0x7f,
  0x91, 0x00, 0x87, 0xbf, 0x21, 0xd3, 0xd2, 0x10, 0x6a, 0x00, 0x10, 0xd6, 0x69, 0x21, 0x05, 0x02,
  0x69, 0xd3, 0x2e, 0x7c, 0xc2, 0x00, 0x87, 0xbf, 0x6a, 0x00, 0x55, 0xd6, 0x69, 0xd5, 0xfe, 0x03,
  0xff, 0x7f, 0x00, 0x00, 0x00, 0x1a, 0xf0, 0xd8, 0x13, 0x00, 0x00, 0x69, 0x90, 0xd4, 0xd4, 0x32,
  0x07, 0xfc, 0x89, 0xbf, 0xff, 0xd4, 0x62, 0xca, 0x90, 0xd2, 0x68, 0x6a, 0xff, 0x7f, 0x00, 0x00,
  0x91, 0x00, 0x87, 0xbf, 0xc5, 0xd3, 0xd2, 0x10, 0x90, 0xd2, 0xd6, 0x32, 0x00, 0x00, 0x17, 0xd4,
  0x69, 0xd3, 0x02, 0x00, 0x92, 0x00, 0x87, 0xbf, 0x81, 0xd6, 0xd6, 0x36, 0x6b, 0x00, 0x55, 0xd6,
  0x69, 0xd7, 0xfe, 0x03, 0xff, 0x7f, 0x00, 0x00, 0x91, 0x00, 0x87, 0xbf, 0xff, 0xd6, 0xd6, 0x36,
  0x00, 0x00, 0xff, 0xff, 0x69, 0x00, 0x01, 0xd5, 0xff, 0xd6, 0x02, 0x00, 0x00, 0x00, 0xff, 0x7f,
  0x91, 0x00, 0x87, 0xbf, 0x20, 0xd3, 0xd2, 0x10, 0x6b, 0x00, 0x10, 0xd6, 0x69, 0x21, 0x05, 0x02,
  0x00, 0x00, 0x17, 0xd4, 0x69, 0xd3, 0x02, 0x00, 0x92, 0x00, 0x87, 0xbf, 0x6b, 0x00, 0x55, 0xd6,
  0x69, 0xd7, 0xfe, 0x03, 0xff, 0x7f, 0x00, 0x00, 0x90, 0xd6, 0xd6, 0x32, 0x91, 0x00, 0x87, 0xbf,
  0x69, 0x00, 0x01, 0xd5, 0xff, 0xd6, 0x02, 0x00, 0xff, 0x7f, 0x00, 0x00, 0x9b, 0x00, 0x44, 0xd6,
  0x6a, 0xd3, 0xfe, 0x03, 0x00, 0x01, 0x04, 0x05, 0x80, 0x19, 0xf0, 0xd8, 0x13, 0x00, 0x00, 0x6b,
  0xc0, 0x19, 0xf0, 0xd8, 0x13, 0x00, 0x00, 0x6a, 0x40, 0x19, 0xf0, 0xd8, 0x13, 0x00, 0x00, 0x69,
  0x27, 0xfc, 0x89, 0xbf, 0x90, 0xd6, 0xd6, 0x30, 0x91, 0x00, 0x87, 0xbf, 0xcc, 0xd7, 0xd6, 0x10,
  0x90, 0xd6, 0xd8, 0x32, 0x6b, 0xd7, 0x2e, 0x7c, 0x92, 0x00, 0x87, 0xbf, 0x81, 0xd8, 0xd8, 0x36,
  0x6c, 0x00, 0x55, 0xd6, 0x6b, 0xd9, 0xfe, 0x03, 0xff, 0x7f, 0x00, 0x00, 0x91, 0x00, 0x87, 0xbf,
  0xff, 0xd8, 0xd8, 0x36, 0x00, 0x00, 0xff, 0xff, 0xff, 0xd8, 0xd6, 0x02, 0x00, 0x00, 0xff, 0x7f,
  0x91, 0x00, 0x87, 0xbf, 0x23, 0xd7, 0xd6, 0x10, 0x6c, 0x00, 0x10, 0xd6, 0x6b, 0x21, 0x05, 0x02,
  0x6b, 0xd7, 0x2e, 0x7c, 0x92, 0x00, 0x87, 0xbf, 0x6c, 0x00, 0x55, 0xd6, 0x6b, 0xd9, 0xfe, 0x03,
  0xff, 0x7f, 0x00, 0x00, 0x90, 0xd8, 0x32, 0x33, 0x00, 0x19, 0xf0, 0xd8, 0x13, 0x00, 0x00, 0x6b,
  0xc0, 0x18, 0xf0, 0xd8, 0x13, 0x00, 0x00, 0x6c, 0xff, 0x32, 0x33, 0x03, 0xff, 0x7f, 0x00, 0x00,
  0x17, 0xfc, 0x89, 0xbf, 0x90, 0xd6, 0xd6, 0x30, 0x91, 0x00, 0x87, 0xbf, 0xcb, 0xd7, 0xd6, 0x10,
  0x90, 0xd6, 0x34, 0x33, 0x00, 0x00, 0x17, 0xd4, 0x6b, 0xd7, 0x02, 0x00, 0x92, 0x00, 0x87, 0xbf,
  0x81, 0x34, 0x35, 0x37, 0x9a, 0x00, 0x55, 0xd6, 0x6b, 0x35, 0xff, 0x03, 0xff, 0x7f, 0x00, 0x00,
  0x91, 0x00, 0x87, 0xbf, 0xff, 0x34, 0x35, 0x37, 0x00, 0x00, 0xff, 0xff, 0x6b, 0x00, 0x01, 0xd5,
  0xff, 0x34, 0x03, 0x00, 0x00, 0x00, 0xff, 0x7f, 0x91, 0x00, 0x87, 0xbf, 0x22, 0xd7, 0xd6, 0x10,
  0x9a, 0x00, 0x10, 0xd6, 0x6b, 0x21, 0x05, 0x02, 0x00, 0x00, 0x17, 0xd4, 0x6b, 0xd7, 0x02, 0x00,
  0x92, 0x00, 0x87, 0xbf, 0x9a, 0x00, 0x55, 0xd6, 0x6b, 0x35, 0xff, 0x03, 0xff, 0x7f, 0x00, 0x00,
  0x90, 0x34, 0x35, 0x33, 0x91, 0x00, 0x87, 0xbf, 0x6b, 0x00, 0x01, 0xd5, 0xff, 0x34, 0x03, 0x00,
  0xff, 0x7f, 0x00, 0x00, 0x9a, 0x00, 0x44, 0xd6, 0x99, 0xd7, 0xfe, 0x03, 0x00, 0x01, 0x04, 0x05,
  0x80, 0x18, 0xf0, 0xd8, 0x13, 0x00, 0x00, 0x99, 0x40, 0x18, 0xf0, 0xd8, 0x13, 0x00, 0x00, 0x6b,
  0x17, 0xfc, 0x89, 0xbf, 0x90, 0x32, 0x33, 0x31, 0x91, 0x00, 0x87, 0xbf, 0xca, 0x33, 0x33, 0x11,
  0x90, 0x32, 0x4b, 0x33, 0x99, 0x33, 0x2f, 0x7c, 0x92, 0x00, 0x87, 0xbf, 0x81, 0x4a, 0x4b, 0x37,
  0xa5, 0x00, 0x55, 0xd6, 0x99, 0x4b, 0xff, 0x03, 0xff, 0x7f, 0x00, 0x00, 0x91, 0x00, 0x87, 0xbf,
  0xff, 0x4a, 0x4b, 0x37, 0x00, 0x00, 0xff, 0xff, 0xff, 0x4a, 0x33, 0x03, 0x00, 0x00, 0xff, 0x7f,
  0x91, 0x00, 0x87, 0xbf, 0x25, 0x33, 0x33, 0x11, 0xa5, 0x00, 0x10, 0xd6, 0x99, 0x21, 0x05, 0x02,
  0x99, 0x33, 0x2f, 0x7c, 0xb2, 0x00, 0x87, 0xbf, 0xa5, 0x00, 0x55, 0xd6, 0x99, 0x4b, 0xff, 0x03,
  0xff, 0x7f, 0x00, 0x00, 0x00, 0x18, 0xf0, 0xd8, 0x13, 0x00, 0x00, 0x99, 0x90, 0x4a, 0x4b, 0x33,
  0xff, 0x4a, 0x4b, 0x03, 0xff, 0x7f, 0x00, 0x00, 0x50, 0xa1, 0x2e, 0x7c, 0x07, 0xfc, 0x89, 0xbf,
  0x90, 0x32, 0x33, 0x31, 0x91, 0x00, 0x87, 0xbf, 0xc9, 0x33, 0x33, 0x11, 0x90, 0x32, 0x4d, 0x33,
  0x00, 0x00, 0x17, 0xd4, 0x99, 0x33, 0x03, 0x00, 0x92, 0x00, 0x87, 0xbf, 0x81, 0x4c, 0x4d, 0x37,
  0xa6, 0x00, 0x55, 0xd6, 0x99, 0x4d, 0xff, 0x03, 0xff, 0x7f, 0x00, 0x00, 0x91, 0x00, 0x87, 0xbf,
  0xff, 0x4c, 0x4d, 0x37, 0x00, 0x00, 0xff, 0xff, 0x99, 0x00, 0x01, 0xd5, 0xff, 0x4c, 0x03, 0x00,
  0x00, 0x00, 0xff, 0x7f, 0x91, 0x00, 0x87, 0xbf, 0x24, 0x33, 0x33, 0x11, 0xa6, 0x00, 0x10, 0xd6,
  0x99, 0x21, 0x05, 0x02, 0x00, 0x00, 0x17, 0xd4, 0x99, 0x33, 0x03, 0x00, 0x92, 0x00, 0x87, 0xbf,
  0xa6, 0x00, 0x55, 0xd6, 0x99, 0x4d, 0xff, 0x03, 0xff, 0x7f, 0x00, 0x00, 0x90, 0x4c, 0x4d, 0x33,
  0x91, 0x00, 0x87, 0xbf, 0x99, 0x00, 0x01, 0xd5, 0xff, 0x4c, 0x03, 0x00, 0xff, 0x7f, 0x00, 0x00,
  0x99, 0x00, 0x44, 0xd6, 0xa5, 0x33, 0xff, 0x03, 0x00, 0x01, 0x04, 0x05, 0x90, 0xa0, 0x4a, 0x33,
  0x91, 0x00, 0x87, 0xbf, 0x81, 0x4a, 0x4b, 0x37, 0xa5, 0x00, 0x55, 0xd6, 0x50, 0x4b, 0xff, 0x03,
  0xff, 0x7f, 0x00, 0x00, 0x91, 0x00, 0x87, 0xbf, 0xff, 0x4a, 0x4b, 0x37, 0x00, 0x00, 0xff, 0xff,
  0xff, 0x4a, 0xa1, 0x02, 0x00, 0x00, 0xff, 0x7f, 0x91, 0x00, 0x87, 0xbf, 0x47, 0xa1, 0xa0, 0x10,
  0xa5, 0x00, 0x10, 0xd6, 0x50, 0x21, 0x05, 0x02, 0x50, 0xa1, 0x2e, 0x7c, 0x22, 0x01, 0x87, 0xbf,
  0xa5, 0x00, 0x55, 0xd6, 0x50, 0x4b, 0xff, 0x03, 0xff, 0x7f, 0x00, 0x00, 0x90, 0xa2, 0xa0, 0x30,
  0x90, 0x4a, 0x4b, 0x33, 0x92, 0x00, 0x87, 0xbf, 0xf1, 0xa1, 0xa0, 0x10, 0x90, 0xa0, 0xa2, 0x32,
  0x00, 0x00, 0x17, 0xd4, 0x50, 0xa1, 0x02, 0x00, 0x92, 0x00, 0x87, 0xbf, 0x81, 0xa2, 0xa2, 0x36,
  0x51, 0x00, 0x55, 0xd6, 0x50, 0xa3, 0xfe, 0x03, 0xff, 0x7f, 0x00, 0x00, 0x91, 0x00, 0x87, 0xbf,
  0xff, 0xa2, 0xa2, 0x36, 0x00, 0x00, 0xff, 0xff, 0x50, 0x00, 0x01, 0xd5, 0xff, 0xa2, 0x02, 0x00,
  0x00, 0x00, 0xff, 0x7f, 0x91, 0x00, 0x87, 0xbf, 0x48, 0xa1, 0xa0, 0x10, 0x51, 0x00, 0x10, 0xd6,
  0x50, 0x21, 0x05, 0x02, 0x00, 0x00, 0x17, 0xd4, 0x50, 0xa1, 0x02, 0x00, 0x22, 0x01, 0x87, 0xbf,
  0x51, 0x00, 0x55, 0xd6, 0x50, 0xa3, 0xfe, 0x03, 0xff, 0x7f, 0x00, 0x00, 0x90, 0x2a, 0xa0, 0x32,
  0x90, 0xa2, 0xa2, 0x32, 0x12, 0x01, 0x87, 0xbf, 0x81, 0xa0, 0xa0, 0x36, 0x51, 0x00, 0x01, 0xd5,
  0xff, 0xa2, 0x02, 0x00, 0xff, 0x7f, 0x00, 0x00, 0x92, 0x00, 0x87, 0xbf, 0x50, 0x00, 0x55, 0xd6,
  0x15, 0xa1, 0xfe, 0x03, 0xff, 0x7f, 0x00, 0x00, 0xff, 0xa0, 0xa0, 0x36, 0x00, 0x00, 0xff, 0xff,
  0x91, 0x00, 0x87, 0xbf, 0x15, 0x00, 0x01, 0xd5, 0xff, 0xa0, 0x06, 0x00, 0x00, 0x00, 0xff, 0x7f,
  0x49, 0x2b, 0x2a, 0x10, 0x21, 0x01, 0x87, 0xbf, 0x50, 0x00, 0x10, 0xd6, 0x15, 0x21, 0x05, 0x02,
  0x01, 0x00, 0x17, 0xd4, 0x15, 0x2b, 0x02, 0x00, 0x50, 0x00, 0x55, 0xd6, 0x15, 0xa1, 0xfe, 0x03,
  0xff, 0x7f, 0x00, 0x00, 0x90, 0x9e, 0x2a, 0x30, 0x12, 0x01, 0x87, 0xbf, 0x90, 0xa0, 0xa0, 0x32,
  0xf3, 0x2b, 0x2a, 0x10, 0x12, 0x01, 0x87, 0xbf, 0x50, 0x00, 0x01, 0xd5, 0xff, 0xa0, 0x06, 0x00,
  0xff, 0x7f, 0x00, 0x00, 0x90, 0x2a, 0x9e, 0x32, 0x02, 0x00, 0x17, 0xd4, 0x15, 0x2b, 0x02, 0x00,
  0x93, 0x01, 0x87, 0xbf, 0xa7, 0x00, 0x44, 0xd6, 0x50, 0xa3, 0xfe, 0x03, 0x00, 0x01, 0x04, 0x05,
  0x81, 0x9e, 0x9e, 0x36, 0x91, 0x00, 0x87, 0xbf, 0x4f, 0x00, 0x55, 0xd6, 0x15, 0x9f, 0xfe, 0x03,
  0xff, 0x7f, 0x00, 0x00, 0xff, 0x9e, 0x9e, 0x36, 0x00, 0x00, 0xff, 0xff, 0x91, 0x00, 0x87, 0xbf,
  0x15, 0x00, 0x01, 0xd5, 0xff, 0x9e, 0x0a, 0x00, 0x00, 0x00, 0xff, 0x7f, 0x46, 0x2b, 0x2a, 0x10,
  0x21, 0x01, 0x87, 0xbf, 0x4f, 0x00, 0x10, 0xd6, 0x15, 0x21, 0x05, 0x02, 0x02, 0x00, 0x17, 0xd4,
  0x15, 0x2b, 0x02, 0x00, 0x4f, 0x00, 0x55, 0xd6, 0x15, 0x9f, 0xfe, 0x03, 0xff, 0x7f, 0x00, 0x00,
  0x91, 0x00, 0x87, 0xbf, 0x90, 0x9e, 0x9e, 0x32, 0x15, 0x00, 0x01, 0xd5, 0xff, 0x9e, 0x0a, 0x00,
  0xff, 0x7f, 0x00, 0x00, 0xff, 0x4a, 0x9f, 0x02, 0xff, 0x7f, 0x00, 0x00, 0xa1, 0x00, 0x87, 0xbf,
  0xa8, 0x00, 0x44, 0xd6, 0x4f, 0x2b, 0xfe, 0x03, 0x00, 0x01, 0x04, 0x05, 0x90, 0x42, 0x2b, 0x30,
  0x04, 0x2b, 0x2a, 0x10, 0x21, 0x01, 0x87, 0xbf, 0x90, 0x2a, 0x9e, 0x32, 0x15, 0x2b, 0x2e, 0x7c,
  0x81, 0x9e, 0x9e, 0x36, 0x91, 0x00, 0x87, 0xbf, 0x4f, 0x00, 0x55, 0xd6, 0x15, 0x9f, 0xfe, 0x03,
  0xff, 0x7f, 0x00, 0x00, 0xff, 0x9e, 0x9e, 0x36, 0x00, 0x00, 0xff, 0xff, 0x91, 0x00, 0x87, 0xbf,
  0xff, 0x9e, 0x2a, 0x02, 0x00, 0x00, 0xff, 0x7f, 0x4b, 0x2b, 0x2a, 0x10, 0x21, 0x01, 0x87, 0xbf,
  0x4f, 0x00, 0x10, 0xd6, 0x15, 0x21, 0x05, 0x02, 0x15, 0x2b, 0x2e, 0x7c, 0x4f, 0x00, 0x55, 0xd6,
  0x15, 0x9f, 0xfe, 0x03, 0xff, 0x7f, 0x00, 0x00, 0x90, 0xa4, 0x2a, 0x30, 0x12, 0x01, 0x87, 0xbf,
  0x90, 0x9e, 0x9e, 0x32, 0x03, 0x2b, 0x2a, 0x10, 0x12, 0x01, 0x87, 0xbf, 0xff, 0x9e, 0x9e, 0x02,
  0xff, 0x7f, 0x00, 0x00, 0x90, 0x2a, 0xa0, 0x32, 0x00, 0x00, 0x17, 0xd4, 0x15, 0x2b, 0x02, 0x00,
  0x92, 0x00, 0x87, 0xbf, 0x81, 0xa0, 0xa0, 0x36, 0x50, 0x00, 0x55, 0xd6, 0x15, 0xa1, 0xfe, 0x03,
  0xff, 0x7f, 0x00, 0x00, 0x91, 0x00, 0x87, 0xbf, 0xff, 0xa0, 0xa0, 0x36, 0x00, 0x00, 0xff, 0xff,
  0x15, 0x00, 0x01, 0xd5, 0xff, 0xa0, 0x02, 0x00, 0x00, 0x00, 0xff, 0x7f, 0x91, 0x00, 0x87, 0xbf,
  0x4a, 0x2b, 0x2a, 0x10, 0x50, 0x00, 0x10, 0xd6, 0x15, 0x21, 0x05, 0x02, 0x00, 0x00, 0x17, 0xd4,
  0x15, 0x2b, 0x02, 0x00, 0x92, 0x00, 0x87, 0xbf, 0x50, 0x00, 0x55, 0xd6, 0x15, 0xa1, 0xfe, 0x03,
  0xff, 0x7f, 0x00, 0x00, 0x90, 0xa0, 0xa0, 0x32, 0x91, 0x00, 0x87, 0xbf, 0x15, 0x00, 0x01, 0xd5,
  0xff, 0xa0, 0x02, 0x00, 0xff, 0x7f, 0x00, 0x00, 0xa6, 0x00, 0x44, 0xd6, 0x4f, 0x2b, 0xfe, 0x03,
  0x00, 0x01, 0x04, 0x05, 0x90, 0x44, 0x2b, 0x30, 0x91, 0x00, 0x87, 0xbf, 0x02, 0x2b, 0x2a, 0x10,
  0x90, 0x2a, 0x9e, 0x32, 0x15, 0x2b, 0x2e, 0x7c, 0x92, 0x00, 0x87, 0xbf, 0x81, 0x9e, 0x9e, 0x36,
  0x4f, 0x00, 0x55, 0xd6, 0x15, 0x9f, 0xfe, 0x03, 0xff, 0x7f, 0x00, 0x00, 0x91, 0x00, 0x87, 0xbf,
  0xff, 0x9e, 0x9e, 0x36, 0x00, 0x00, 0xff, 0xff, 0xff, 0x9e, 0x2a, 0x02, 0x00, 0x00, 0xff, 0x7f,
  0x91, 0x00, 0x87, 0xbf, 0x53, 0x2b, 0x2a, 0x10, 0x4f, 0x00, 0x10, 0xd6, 0x15, 0x21, 0x05, 0x02,
  0x15, 0x2b, 0x2e, 0x7c, 0x22, 0x01, 0x87, 0xbf, 0x4f, 0x00, 0x55, 0xd6, 0x15, 0x9f, 0xfe, 0x03,
  0xff, 0x7f, 0x00, 0x00, 0x90, 0x46, 0x2b, 0x30, 0x90, 0x9e, 0x9e, 0x32, 0x12, 0x01, 0x87, 0xbf,
  0x01, 0x2b, 0x2a, 0x10, 0xff, 0x9e, 0x9e, 0x02, 0xff, 0x7f, 0x00, 0x00, 0x22, 0x01, 0x87, 0xbf,
  0x90, 0x2a, 0xa0, 0x32, 0x00, 0x00, 0x17, 0xd4, 0x15, 0x2b, 0x02, 0x00, 0x81, 0xa0, 0xa0, 0x36,
  0x91, 0x00, 0x87, 0xbf, 0x50, 0x00, 0x55, 0xd6, 0x15, 0xa1, 0xfe, 0x03, 0xff, 0x7f, 0x00, 0x00,
  0xff, 0xa0, 0xa0, 0x36, 0x00, 0x00, 0xff, 0xff, 0x91, 0x00, 0x87, 0xbf, 0x15, 0x00, 0x01, 0xd5,
  0xff, 0xa0, 0x02, 0x00, 0x00, 0x00, 0xff, 0x7f, 0x4c, 0x2b, 0x2a, 0x10, 0x21, 0x01, 0x87, 0xbf,
  0x50, 0x00, 0x10, 0xd6, 0x15, 0x21, 0x05, 0x02, 0x00, 0x00, 0x17, 0xd4, 0x15, 0x2b, 0x02, 0x00,
  0x50, 0x00, 0x55, 0xd6, 0x15, 0xa1, 0xfe, 0x03, 0xff, 0x7f, 0x00, 0x00, 0x91, 0x00, 0x87, 0xbf,
  0x90, 0xa0, 0xa0, 0x32, 0x15, 0x00, 0x01, 0xd5, 0xff, 0xa0, 0x02, 0x00, 0xff, 0x7f, 0x00, 0x00,
  0xa1, 0x00, 0x87, 0xbf, 0xa5, 0x00, 0x44, 0xd6, 0x4f, 0x2b, 0xfe, 0x03, 0x00, 0x01, 0x04, 0x05,
  0x90, 0x52, 0x2b, 0x30, 0x08, 0x2b, 0x2a, 0x10, 0x21, 0x01, 0x87, 0xbf, 0x90, 0x2a, 0x9e, 0x32,
  0x15, 0x2b, 0x2e, 0x7c, 0x81, 0x9e, 0x9e, 0x36, 0x91, 0x00, 0x87, 0xbf, 0x4f, 0x00, 0x55, 0xd6,
  0x15, 0x9f, 0xfe, 0x03, 0xff, 0x7f, 0x00, 0x00, 0xff, 0x9e, 0x9e, 0x36, 0x00, 0x00, 0xff, 0xff,
  0x91, 0x00, 0x87, 0xbf, 0xff, 0x9e, 0x2a, 0x02, 0x00, 0x00, 0xff, 0x7f, 0x55, 0x2b, 0x2a, 0x10,
  0x21, 0x01, 0x87, 0xbf, 0x4f, 0x00, 0x10, 0xd6, 0x15, 0x21, 0x05, 0x02, 0x15, 0x2b, 0x2e, 0x7c,
  0x4f, 0x00, 0x55, 0xd6, 0x15, 0x9f, 0xfe, 0x03, 0xff, 0x7f, 0x00, 0x00, 0x90, 0x48, 0x2b, 0x30,
  0x12, 0x01, 0x87, 0xbf, 0x90, 0x9e, 0x9e, 0x32, 0x07, 0x2b, 0x2a, 0x10, 0x12, 0x01, 0x87, 0xbf,
  0xff, 0x9e, 0x9e, 0x02, 0xff, 0x7f, 0x00, 0x00, 0x90, 0x2a, 0xa0, 0x32, 0x00, 0x00, 0x17, 0xd4,
  0x15, 0x2b, 0x02, 0x00, 0x92, 0x00, 0x87, 0xbf, 0x81, 0xa0, 0xa0, 0x36, 0x50, 0x00, 0x55, 0xd6,
  0x15, 0xa1, 0xfe, 0x03, 0xff, 0x7f, 0x00, 0x00, 0x91, 0x00, 0x87, 0xbf, 0xff, 0xa0, 0xa0, 0x36,
  0x00, 0x00, 0xff, 0xff, 0x15, 0x00, 0x01, 0xd5, 0xff, 0xa0, 0x02, 0x00, 0x00, 0x00, 0xff, 0x7f,
  0x91, 0x00, 0x87, 0xbf, 0x54, 0x2b, 0x2a, 0x10, 0x50, 0x00, 0x10, 0xd6, 0x15, 0x21, 0x05, 0x02,
  0x00, 0x00, 0x17, 0xd4, 0x15, 0x2b, 0x02, 0x00, 0x92, 0x00, 0x87, 0xbf, 0x50, 0x00, 0x55, 0xd6,
  0x15, 0xa1, 0xfe, 0x03, 0xff, 0x7f, 0x00, 0x00, 0x90, 0xa0, 0xa0, 0x32, 0x91, 0x00, 0x87, 0xbf,
  0x15, 0x00, 0x01, 0xd5, 0xff, 0xa0, 0x02, 0x00, 0xff, 0x7f, 0x00, 0x00, 0xa4, 0x00, 0x44, 0xd6,
  0x4f, 0x2b, 0xfe, 0x03, 0x00, 0x01, 0x04, 0x05, 0x90, 0x54, 0x2b, 0x30, 0x91, 0x00, 0x87, 0xbf,
  0x06, 0x2b, 0x2a, 0x10, 0x90, 0x2a, 0x9e, 0x32, 0x15, 0x2b, 0x2e, 0x7c, 0x92, 0x00, 0x87, 0xbf,
  0x81, 0x9e, 0x9e, 0x36, 0x4f, 0x00, 0x55, 0xd6, 0x15, 0x9f, 0xfe, 0x03, 0xff, 0x7f, 0x00, 0x00,
  0x91, 0x00, 0x87, 0xbf, 0xff, 0x9e, 0x9e, 0x36, 0x00, 0x00, 0xff, 0xff, 0xff, 0x9e, 0x2a, 0x02,
  0x00, 0x00, 0xff, 0x7f, 0x91, 0x00, 0x87, 0xbf, 0x57, 0x2b, 0x2a, 0x10, 0x4f, 0x00, 0x10, 0xd6,
  0x15, 0x21, 0x05, 0x02, 0x15, 0x2b, 0x2e, 0x7c, 0x22, 0x01, 0x87, 0xbf, 0x4f, 0x00, 0x55, 0xd6,
  0x15, 0x9f, 0xfe, 0x03, 0xff, 0x7f, 0x00, 0x00, 0x90, 0x56, 0x2b, 0x30, 0x90, 0x9e, 0x9e, 0x32,
  0x12, 0x01, 0x87, 0xbf, 0x05, 0x2b, 0x2a, 0x10, 0xff, 0x9e, 0x9e, 0x02, 0xff, 0x7f, 0x00, 0x00,
  0x22, 0x01, 0x87, 0xbf, 0x90, 0x2a, 0xa0, 0x32, 0x00, 0x00, 0x17, 0xd4, 0x15, 0x2b, 0x02, 0x00,
  0x81, 0xa0, 0xa0, 0x36, 0x91, 0x00, 0x87, 0xbf, 0x50, 0x00, 0x55, 0xd6, 0x15, 0xa1, 0xfe, 0x03,
  0xff, 0x7f, 0x00, 0x00, 0xff, 0xa0, 0xa0, 0x36, 0x00, 0x00, 0xff, 0xff, 0x91, 0x00, 0x87, 0xbf,
  0x15, 0x00, 0x01, 0xd5, 0xff, 0xa0, 0x02, 0x00, 0x00, 0x00, 0xff, 0x7f, 0x56, 0x2b, 0x2a, 0x10,
  0x21, 0x01, 0x87, 0xbf, 0x50, 0x00, 0x10, 0xd6, 0x15, 0x21, 0x05, 0x02, 0x00, 0x00, 0x17, 0xd4,
  0x15, 0x2b, 0x02, 0x00, 0x50, 0x00, 0x55, 0xd6, 0x15, 0xa1, 0xfe, 0x03, 0xff, 0x7f, 0x00, 0x00,
  0x91, 0x00, 0x87, 0xbf, 0x90, 0xa0, 0xa0, 0x32, 0x15, 0x00, 0x01, 0xd5, 0xff, 0xa0, 0x02, 0x00,
  0xff, 0x7f, 0x00, 0x00, 0xa1, 0x00, 0x87, 0xbf, 0xa3, 0x00, 0x44, 0xd6, 0x4f, 0x2b, 0xfe, 0x03,
  0x00, 0x01, 0x04, 0x05, 0x90, 0x5a, 0x2b, 0x30, 0x0c, 0x2b, 0x2a, 0x10, 0x21, 0x01, 0x87, 0xbf,
  0x90, 0x2a, 0x9e, 0x32, 0x15, 0x2b, 0x2e, 0x7c, 0x81, 0x9e, 0x9e, 0x36, 0x91, 0x00, 0x87, 0xbf,
  0x4f, 0x00, 0x55, 0xd6, 0x15, 0x9f, 0xfe, 0x03, 0xff, 0x7f, 0x00, 0x00, 0xff, 0x9e, 0x9e, 0x36,
  0x00, 0x00, 0xff, 0xff, 0x91, 0x00, 0x87, 0xbf, 0xff, 0x9e, 0x2a, 0x02, 0x00, 0x00, 0xff, 0x7f,
  0x59, 0x2b, 0x2a, 0x10, 0x21, 0x01, 0x87, 0xbf, 0x4f, 0x00, 0x10, 0xd6, 0x15, 0x21, 0x05, 0x02,
  0x15, 0x2b, 0x2e, 0x7c, 0x4f, 0x00, 0x55, 0xd6, 0x15, 0x9f, 0xfe, 0x03, 0xff, 0x7f, 0x00, 0x00,
  0x90, 0x58, 0x2b, 0x30, 0x12, 0x01, 0x87, 0xbf, 0x90, 0x9e, 0x9e, 0x32, 0x0b, 0x2b, 0x2a, 0x10,
  0x12, 0x01, 0x87, 0xbf, 0xff, 0x9e, 0x9e, 0x02, 0xff, 0x7f, 0x00, 0x00, 0x90, 0x2a, 0xa0, 0x32,
  0x00, 0x00, 0x17, 0xd4, 0x15, 0x2b, 0x02, 0x00, 0x92, 0x00, 0x87, 0xbf, 0x81, 0xa0, 0xa0, 0x36,
  0x50, 0x00, 0x55, 0xd6, 0x15, 0xa1, 0xfe, 0x03, 0xff, 0x7f, 0x00, 0x00, 0x91, 0x00, 0x87, 0xbf,
  0xff, 0xa0, 0xa0, 0x36, 0x00, 0x00, 0xff, 0xff, 0x15, 0x00, 0x01, 0xd5, 0xff, 0xa0, 0x02, 0x00,
  0x00, 0x00, 0xff, 0x7f, 0x91, 0x00, 0x87, 0xbf, 0x58, 0x2b, 0x2a, 0x10, 0x50, 0x00, 0x10, 0xd6,
  0x15, 0x21, 0x05, 0x02, 0x00, 0x00, 0x17, 0xd4, 0x15, 0x2b, 0x02, 0x00, 0x92, 0x00, 0x87, 0xbf,
  0x50, 0x00, 0x55, 0xd6, 0x15, 0xa1, 0xfe, 0x03, 0xff, 0x7f, 0x00, 0x00, 0x90, 0xa0, 0xa0, 0x32,
  0x91, 0x00, 0x87, 0xbf, 0x15, 0x00, 0x01, 0xd5, 0xff, 0xa0, 0x02, 0x00, 0xff, 0x7f, 0x00, 0x00,
  0xa2, 0x00, 0x44, 0xd6, 0x4f, 0x2b, 0xfe, 0x03, 0x00, 0x01, 0x04, 0x05, 0x90, 0x5c, 0x2b, 0x30,
  0x91, 0x00, 0x87, 0xbf, 0x0a, 0x2b, 0x2a, 0x10, 0x90, 0x2a, 0x9e, 0x32, 0x15, 0x2b, 0x2e, 0x7c,
  0x92, 0x00, 0x87, 0xbf, 0x81, 0x9e, 0x9e, 0x36, 0x4f, 0x00, 0x55, 0xd6, 0x15, 0x9f, 0xfe, 0x03,
  0xff, 0x7f, 0x00, 0x00, 0x91, 0x00, 0x87, 0xbf, 0xff, 0x9e, 0x9e, 0x36, 0x00, 0x00, 0xff, 0xff,
  0xff, 0x9e, 0x2a, 0x02, 0x00, 0x00, 0xff, 0x7f, 0x91, 0x00, 0x87, 0xbf, 0x5b, 0x2b, 0x2a, 0x10,
  0x4f, 0x00, 0x10, 0xd6, 0x15, 0x21, 0x05, 0x02, 0x15, 0x2b, 0x2e, 0x7c, 0x22, 0x01, 0x87, 0xbf,
  0x4f, 0x00, 0x55, 0xd6, 0x15, 0x9f, 0xfe, 0x03, 0xff, 0x7f, 0x00, 0x00, 0x90, 0x5e, 0x2b, 0x30,
  0x90, 0x9e, 0x9e, 0x32, 0x12, 0x01, 0x87, 0xbf, 0x09, 0x2b, 0x2a, 0x10, 0xff, 0x9e, 0x9e, 0x02,
  0xff, 0x7f, 0x00, 0x00, 0x22, 0x01, 0x87, 0xbf, 0x90, 0x2a, 0xa0, 0x32, 0x00, 0x00, 0x17, 0xd4,
  0x15, 0x2b, 0x02, 0x00, 0x81, 0xa0, 0xa0, 0x36, 0x91, 0x00, 0x87, 0xbf, 0x50, 0x00, 0x55, 0xd6,
  0x15, 0xa1, 0xfe, 0x03, 0xff, 0x7f, 0x00, 0x00, 0xff, 0xa0, 0xa0, 0x36, 0x00, 0x00, 0xff, 0xff,
  0x91, 0x00, 0x87, 0xbf, 0x15, 0x00, 0x01, 0xd5, 0xff, 0xa0, 0x02, 0x00, 0x00, 0x00, 0xff, 0x7f,
  0x5a, 0x2b, 0x2a, 0x10, 0x21, 0x01, 0x87, 0xbf, 0x50, 0x00, 0x10, 0xd6, 0x15, 0x21, 0x05, 0x02,
  0x00, 0x00, 0x17, 0xd4, 0x15, 0x2b, 0x02, 0x00, 0x50, 0x00, 0x55, 0xd6, 0x15, 0xa1, 0xfe, 0x03,
  0xff, 0x7f, 0x00, 0x00, 0x91, 0x00, 0x87, 0xbf, 0x90, 0xa0, 0xa0, 0x32, 0x15, 0x00, 0x01, 0xd5,
  0xff, 0xa0, 0x02, 0x00, 0xff, 0x7f, 0x00, 0x00, 0xa1, 0x00, 0x87, 0xbf, 0xa1, 0x00, 0x44, 0xd6,
  0x4f, 0x2b, 0xfe, 0x03, 0x00, 0x01, 0x04, 0x05, 0x90, 0x64, 0x2b, 0x30, 0xe4, 0x2b, 0x2a, 0x10,
  0x21, 0x01, 0x87, 0xbf, 0x90, 0x2a, 0x9e, 0x32, 0x15, 0x2b, 0x2e, 0x7c, 0x81, 0x9e, 0x9e, 0x36,
  0x91, 0x00, 0x87, 0xbf, 0x4f, 0x00, 0x55, 0xd6, 0x15, 0x9f, 0xfe, 0x03, 0xff, 0x7f, 0x00, 0x00,
  0xff, 0x9e, 0x9e, 0x36, 0x00, 0x00, 0xff, 0xff, 0x91, 0x00, 0x87, 0xbf, 0xff, 0x9e, 0x2a, 0x02,
  0x00, 0x00, 0xff, 0x7f, 0x37, 0x2b, 0x2a, 0x10, 0x21, 0x01, 0x87, 0xbf, 0x4f, 0x00, 0x10, 0xd6,
  0x15, 0x21, 0x05, 0x02, 0x15, 0x2b, 0x2e, 0x7c, 0x4f, 0x00, 0x55, 0xd6, 0x15, 0x9f, 0xfe, 0x03,
  0xff, 0x7f, 0x00, 0x00, 0x90, 0x66, 0x2b, 0x30, 0x12, 0x01, 0x87, 0xbf, 0x90, 0x9e, 0x9e, 0x32,
  0xe1, 0x2b, 0x2a, 0x10, 0x12, 0x01, 0x87, 0xbf, 0xff, 0x9e, 0x9e, 0x02, 0xff, 0x7f, 0x00, 0x00,
  0x90, 0x2a, 0xa0, 0x32, 0x00, 0x00, 0x17, 0xd4, 0x15, 0x2b, 0x02, 0x00, 0x92, 0x00, 0x87, 0xbf,
  0x81, 0xa0, 0xa0, 0x36, 0x50, 0x00, 0x55, 0xd6, 0x15, 0xa1, 0xfe, 0x03, 0xff, 0x7f, 0x00, 0x00,
  0x91, 0x00, 0x87, 0xbf, 0xff, 0xa0, 0xa0, 0x36, 0x00, 0x00, 0xff, 0xff, 0x15, 0x00, 0x01, 0xd5,
  0xff, 0xa0, 0x02, 0x00, 0x00, 0x00, 0xff, 0x7f, 0x91, 0x00, 0x87, 0xbf, 0x38, 0x2b, 0x2a, 0x10,
  0x50, 0x00, 0x10, 0xd6, 0x15, 0x21, 0x05, 0x02, 0x00, 0x00, 0x17, 0xd4, 0x15, 0x2b, 0x02, 0x00,
  0x22, 0x01, 0x87, 0xbf, 0x50, 0x00, 0x55, 0xd6, 0x15, 0xa1, 0xfe, 0x03, 0xff, 0x7f, 0x00, 0x00,
  0x90, 0x62, 0x2b, 0x30, 0x90, 0xa0, 0xa0, 0x32, 0x12, 0x01, 0x87, 0xbf, 0xe2, 0x2b, 0x2a, 0x10,
  0x50, 0x00, 0x01, 0xd5, 0xff, 0xa0, 0x02, 0x00, 0xff, 0x7f, 0x00, 0x00, 0x22, 0x01, 0x87, 0xbf,
  0x90, 0x2a, 0xa2, 0x32, 0x01, 0x00, 0x17, 0xd4, 0x15, 0x2b, 0x02, 0x00, 0x81, 0xa2, 0xa2, 0x36,
  0x91, 0x00, 0x87, 0xbf, 0x51, 0x00, 0x55, 0xd6, 0x15, 0xa3, 0xfe, 0x03, 0xff, 0x7f, 0x00, 0x00,
  0xff, 0xa2, 0xa2, 0x36, 0x00, 0x00, 0xff, 0xff, 0x91, 0x00, 0x87, 0xbf, 0x15, 0x00, 0x01, 0xd5,
  0xff, 0xa2, 0x06, 0x00, 0x00, 0x00, 0xff, 0x7f, 0x39, 0x2b, 0x2a, 0x10, 0x21, 0x01, 0x87, 0xbf,
  0x51, 0x00, 0x10, 0xd6, 0x15, 0x21, 0x05, 0x02, 0x01, 0x00, 0x17, 0xd4, 0x15, 0x2b, 0x02, 0x00,
  0x51, 0x00, 0x55, 0xd6, 0x15, 0xa3, 0xfe, 0x03, 0xff, 0x7f, 0x00, 0x00, 0x90, 0x60, 0x2b, 0x30,
  0x12, 0x01, 0x87, 0xbf, 0x90, 0xa2, 0xa2, 0x32, 0xe3, 0x2b, 0x2a, 0x10, 0x12, 0x01, 0x87, 0xbf,
  0x51, 0x00, 0x01, 0xd5, 0xff, 0xa2, 0x06, 0x00, 0xff, 0x7f, 0x00, 0x00, 0x90, 0x2a, 0xa4, 0x32,
  0x02, 0x00, 0x17, 0xd4, 0x15, 0x2b, 0x02, 0x00, 0x93, 0x01, 0x87, 0xbf, 0xaf, 0x00, 0x44, 0xd6,
  0x51, 0xa1, 0xfe, 0x03, 0x00, 0x01, 0x04, 0x05, 0x81, 0xa4, 0xa4, 0x36, 0x91, 0x00, 0x87, 0xbf,
  0x52, 0x00, 0x55, 0xd6, 0x15, 0xa5, 0xfe, 0x03, 0xff, 0x7f, 0x00, 0x00, 0xff, 0xa4, 0xa4, 0x36,
  0x00, 0x00, 0xff, 0xff, 0x91, 0x00, 0x87, 0xbf, 0x15, 0x00, 0x01, 0xd5, 0xff, 0xa4, 0x0a, 0x00,
  0x00, 0x00, 0xff, 0x7f, 0x36, 0x2b, 0x2a, 0x10, 0x21, 0x01, 0x87, 0xbf, 0x52, 0x00, 0x10, 0xd6,
  0x15, 0x21, 0x05, 0x02, 0x02, 0x00, 0x17, 0xd4, 0x15, 0x2b, 0x02, 0x00, 0x52, 0x00, 0x55, 0xd6,
  0x15, 0xa5, 0xfe, 0x03, 0xff, 0x7f, 0x00, 0x00, 0x91, 0x00, 0x87, 0xbf, 0x90, 0xa4, 0xa4, 0x32,
  0x15, 0x00, 0x01, 0xd5, 0xff, 0xa4, 0x0a, 0x00, 0xff, 0x7f, 0x00, 0x00, 0xa1, 0x00, 0x87, 0xbf,
  0xb0, 0x00, 0x44, 0xd6, 0x4f, 0x2b, 0xfe, 0x03, 0x00, 0x01, 0x04, 0x05, 0x90, 0x6a, 0x2b, 0x30,
  0xe8, 0x2b, 0x2a, 0x10, 0x21, 0x01, 0x87, 0xbf, 0x90, 0x2a, 0x9e, 0x32, 0x15, 0x2b, 0x2e, 0x7c,
  0x81, 0x9e, 0x9e, 0x36, 0x91, 0x00, 0x87, 0xbf, 0x4f, 0x00, 0x55, 0xd6, 0x15, 0x9f, 0xfe, 0x03,
  0xff, 0x7f, 0x00, 0x00, 0xff, 0x9e, 0x9e, 0x36, 0x00, 0x00, 0xff, 0xff, 0x91, 0x00, 0x87, 0xbf,
  0xff, 0x9e, 0x2a, 0x02, 0x00, 0x00, 0xff, 0x7f, 0x3b, 0x2b, 0x2a, 0x10, 0x21, 0x01, 0x87, 0xbf,
  0x4f, 0x00, 0x10, 0xd6, 0x15, 0x21, 0x05, 0x02, 0x15, 0x2b, 0x2e, 0x7c, 0x4f, 0x00, 0x55, 0xd6,
  0x15, 0x9f, 0xfe, 0x03, 0xff, 0x7f, 0x00, 0x00, 0x90, 0x68, 0x2b, 0x30, 0x12, 0x01, 0x87, 0xbf,
  0x90, 0x9e, 0x9e, 0x32, 0xe7, 0x2b, 0x2a, 0x10, 0x12, 0x01, 0x87, 0xbf, 0xff, 0x9e, 0x9e, 0x02,
  0xff, 0x7f, 0x00, 0x00, 0x90, 0x2a, 0xa0, 0x32, 0x00, 0x00, 0x17, 0xd4, 0x15, 0x2b, 0x02, 0x00,
  0x92, 0x00, 0x87, 0xbf, 0x81, 0xa0, 0xa0, 0x36, 0x50, 0x00, 0x55, 0xd6, 0x15, 0xa1, 0xfe, 0x03,
  0xff, 0x7f, 0x00, 0x00, 0x91, 0x00, 0x87, 0xbf, 0xff, 0xa0, 0xa0, 0x36, 0x00, 0x00, 0xff, 0xff,
  0x15, 0x00, 0x01, 0xd5, 0xff, 0xa0, 0x02, 0x00, 0x00, 0x00, 0xff, 0x7f, 0x91, 0x00, 0x87, 0xbf,
  0x3a, 0x2b, 0x2a, 0x10, 0x50, 0x00, 0x10, 0xd6, 0x15, 0x21, 0x05, 0x02, 0x00, 0x00, 0x17, 0xd4,
  0x15, 0x2b, 0x02, 0x00, 0x92, 0x00, 0x87, 0xbf, 0x50, 0x00, 0x55, 0xd6, 0x15, 0xa1, 0xfe, 0x03,
  0xff, 0x7f, 0x00, 0x00, 0x90, 0xa0, 0xa0, 0x32, 0x91, 0x00, 0x87, 0xbf, 0x15, 0x00, 0x01, 0xd5,
  0xff, 0xa0, 0x02, 0x00, 0xff, 0x7f, 0x00, 0x00, 0xae, 0x00, 0x44, 0xd6, 0x4f, 0x2b, 0xfe, 0x03,
  0x00, 0x01, 0x04, 0x05, 0x90, 0x6c, 0x2b, 0x30, 0x91, 0x00, 0x87, 0xbf, 0xe6, 0x2b, 0x2a, 0x10,
  0x90, 0x2a, 0x9e, 0x32, 0x15, 0x2b, 0x2e, 0x7c, 0x92, 0x00, 0x87, 0xbf, 0x81, 0x9e, 0x9e, 0x36,
  0x4f, 0x00, 0x55, 0xd6, 0x15, 0x9f, 0xfe, 0x03, 0xff, 0x7f, 0x00, 0x00, 0x91, 0x00, 0x87, 0xbf,
  0xff, 0x9e, 0x9e, 0x36, 0x00, 0x00, 0xff, 0xff, 0xff, 0x9e, 0x2a, 0x02, 0x00, 0x00, 0xff, 0x7f,
  0x91, 0x00, 0x87, 0xbf, 0x3d, 0x2b, 0x2a, 0x10, 0x4f, 0x00, 0x10, 0xd6, 0x15, 0x21, 0x05, 0x02,
  0x15, 0x2b, 0x2e, 0x7c, 0x22, 0x01, 0x87, 0xbf, 0x4f, 0x00, 0x55, 0xd6, 0x15, 0x9f, 0xfe, 0x03,
  0xff, 0x7f, 0x00, 0x00, 0x90, 0x6e, 0x2b, 0x30, 0x90, 0x9e, 0x9e, 0x32, 0x12, 0x01, 0x87, 0xbf,
  0xe5, 0x2b, 0x2a, 0x10, 0xff, 0x9e, 0x9e, 0x02, 0xff, 0x7f, 0x00, 0x00, 0x22, 0x01, 0x87, 0xbf,
  0x90, 0x2a, 0xa0, 0x32, 0x00, 0x00, 0x17, 0xd4, 0x15, 0x2b, 0x02, 0x00, 0x81, 0xa0, 0xa0, 0x36,
  0x91, 0x00, 0x87, 0xbf, 0x50, 0x00, 0x55, 0xd6, 0x15, 0xa1, 0xfe, 0x03, 0xff, 0x7f, 0x00, 0x00,
  0xff, 0xa0, 0xa0, 0x36, 0x00, 0x00, 0xff, 0xff, 0x91, 0x00, 0x87, 0xbf, 0x15, 0x00, 0x01, 0xd5,
  0xff, 0xa0, 0x02, 0x00, 0x00, 0x00, 0xff, 0x7f, 0x3c, 0x2b, 0x2a, 0x10, 0x21, 0x01, 0x87, 0xbf,
  0x50, 0x00, 0x10, 0xd6, 0x15, 0x21, 0x05, 0x02, 0x00, 0x00, 0x17, 0xd4, 0x15, 0x2b, 0x02, 0x00,
  0x50, 0x00, 0x55, 0xd6, 0x15, 0xa1, 0xfe, 0x03, 0xff, 0x7f, 0x00, 0x00, 0x91, 0x00, 0x87, 0xbf,
  0x90, 0xa0, 0xa0, 0x32, 0x15, 0x00, 0x01, 0xd5, 0xff, 0xa0, 0x02, 0x00, 0xff, 0x7f, 0x00, 0x00,
  0xa1, 0x00, 0x87, 0xbf, 0xad, 0x00, 0x44, 0xd6, 0x4f, 0x2b, 0xfe, 0x03, 0x00, 0x01, 0x04, 0x05,
  0x90, 0x72, 0x2b, 0x30, 0xec, 0x2b, 0x2a, 0x10, 0x21, 0x01, 0x87, 0xbf, 0x90, 0x2a, 0x9e, 0x32,
  0x15, 0x2b, 0x2e, 0x7c, 0x81, 0x9e, 0x9e, 0x36, 0x91, 0x00, 0x87, 0xbf, 0x4f, 0x00, 0x55, 0xd6,
  0x15, 0x9f, 0xfe, 0x03, 0xff, 0x7f, 0x00, 0x00, 0xff, 0x9e, 0x9e, 0x36, 0x00, 0x00, 0xff, 0xff,
  0x91, 0x00, 0x87, 0xbf, 0xff, 0x9e, 0x2a, 0x02, 0x00, 0x00, 0xff, 0x7f, 0x3f, 0x2b, 0x2a, 0x10,
  0x21, 0x01, 0x87, 0xbf, 0x4f, 0x00, 0x10, 0xd6, 0x15, 0x21, 0x05, 0x02, 0x15, 0x2b, 0x2e, 0x7c,
  0x4f, 0x00, 0x55, 0xd6, 0x15, 0x9f, 0xfe, 0x03, 0xff, 0x7f, 0x00, 0x00, 0x90, 0x70, 0x2b, 0x30,
  0x12, 0x01, 0x87, 0xbf, 0x90, 0x9e, 0x9e, 0x32, 0xeb, 0x2b, 0x2a, 0x10, 0x12, 0x01, 0x87, 0xbf,
  0xff, 0x9e, 0x9e, 0x02, 0xff, 0x7f, 0x00, 0x00, 0x90, 0x2a, 0xa0, 0x32, 0x00, 0x00, 0x17, 0xd4,
  0x15, 0x2b, 0x02, 0x00, 0x92, 0x00, 0x87, 0xbf, 0x81, 0xa0, 0xa0, 0x36, 0x50, 0x00, 0x55, 0xd6,
  0x15, 0xa1, 0xfe, 0x03, 0xff, 0x7f, 0x00, 0x00, 0x91, 0x00, 0x87, 0xbf, 0xff, 0xa0, 0xa0, 0x36,
  0x00, 0x00, 0xff, 0xff, 0x15, 0x00, 0x01, 0xd5, 0xff, 0xa0, 0x02, 0x00, 0x00, 0x00, 0xff, 0x7f,
  0x91, 0x00, 0x87, 0xbf, 0x3e, 0x2b, 0x2a, 0x10, 0x50, 0x00, 0x10, 0xd6, 0x15, 0x21, 0x05, 0x02,
  0x00, 0x00, 0x17, 0xd4, 0x15, 0x2b, 0x02, 0x00, 0x92, 0x00, 0x87, 0xbf, 0x50, 0x00, 0x55, 0xd6,
  0x15, 0xa1, 0xfe, 0x03, 0xff, 0x7f, 0x00, 0x00, 0x90, 0xa0, 0xa0, 0x32, 0x91, 0x00, 0x87, 0xbf,
  0x15, 0x00, 0x01, 0xd5, 0xff, 0xa0, 0x02, 0x00, 0xff, 0x7f, 0x00, 0x00, 0xac, 0x00, 0x44, 0xd6,
  0x4f, 0x2b, 0xfe, 0x03, 0x00, 0x01, 0x04, 0x05, 0x90, 0x74, 0x2b, 0x30, 0x91, 0x00, 0x87, 0xbf,
  0xea, 0x2b, 0x2a, 0x10, 0x90, 0x2a, 0x9e, 0x32, 0x15, 0x2b, 0x2e, 0x7c, 0x92, 0x00, 0x87, 0xbf,
  0x81, 0x9e, 0x9e, 0x36, 0x4f, 0x00, 0x55, 0xd6, 0x15, 0x9f, 0xfe, 0x03, 0xff, 0x7f, 0x00, 0x00,
  0x91, 0x00, 0x87, 0xbf, 0xff, 0x9e, 0x9e, 0x36, 0x00, 0x00, 0xff, 0xff, 0xff, 0x9e, 0x2a, 0x02,
  0x00, 0x00, 0xff, 0x7f, 0x91, 0x00, 0x87, 0xbf, 0x41, 0x2b, 0x2a, 0x10, 0x4f, 0x00, 0x10, 0xd6,
  0x15, 0x21, 0x05, 0x02, 0x15, 0x2b, 0x2e, 0x7c, 0x22, 0x01, 0x87, 0xbf, 0x4f, 0x00, 0x55, 0xd6,
  0x15, 0x9f, 0xfe, 0x03, 0xff, 0x7f, 0x00, 0x00, 0x90, 0x76, 0x2b, 0x30, 0x90, 0x9e, 0x9e, 0x32,
  0x12, 0x01, 0x87, 0xbf, 0xe9, 0x2b, 0x2a, 0x10, 0xff, 0x9e, 0x9e, 0x02, 0xff, 0x7f, 0x00, 0x00,
  0x22, 0x01, 0x87, 0xbf, 0x90, 0x2a, 0xa0, 0x32, 0x00, 0x00, 0x17, 0xd4, 0x15, 0x2b, 0x02, 0x00,
  0x81, 0xa0, 0xa0, 0x36, 0x91, 0x00, 0x87, 0xbf, 0x50, 0x00, 0x55, 0xd6, 0x15, 0xa1, 0xfe, 0x03,
  0xff, 0x7f, 0x00, 0x00, 0xff, 0xa0, 0xa0, 0x36, 0x00, 0x00, 0xff, 0xff, 0x91, 0x00, 0x87, 0xbf,
  0x15, 0x00, 0x01, 0xd5, 0xff, 0xa0, 0x02, 0x00, 0x00, 0x00, 0xff, 0x7f, 0x40, 0x2b, 0x2a, 0x10,
  0x21, 0x01, 0x87, 0xbf, 0x50, 0x00, 0x10, 0xd6, 0x15, 0x21, 0x05, 0x02, 0x00, 0x00, 0x17, 0xd4,
  0x15, 0x2b, 0x02, 0x00, 0x50, 0x00, 0x55, 0xd6, 0x15, 0xa1, 0xfe, 0x03, 0xff, 0x7f, 0x00, 0x00,
  0x91, 0x00, 0x87, 0xbf, 0x90, 0xa0, 0xa0, 0x32, 0x15, 0x00, 0x01, 0xd5, 0xff, 0xa0, 0x02, 0x00,
  0xff, 0x7f, 0x00, 0x00, 0xa1, 0x00, 0x87, 0xbf, 0xab, 0x00, 0x44, 0xd6, 0x4f, 0x2b, 0xfe, 0x03,
  0x00, 0x01, 0x04, 0x05, 0x90, 0x7a, 0x2b, 0x30, 0xf0, 0x2b, 0x2a, 0x10, 0x21, 0x01, 0x87, 0xbf,
  0x90, 0x2a, 0x9e, 0x32, 0x15, 0x2b, 0x2e, 0x7c, 0x81, 0x9e, 0x9e, 0x36, 0x91, 0x00, 0x87, 0xbf,
  0x4f, 0x00, 0x55, 0xd6, 0x15, 0x9f, 0xfe, 0x03, 0xff, 0x7f, 0x00, 0x00, 0xff, 0x9e, 0x9e, 0x36,
  0x00, 0x00, 0xff, 0xff, 0x91, 0x00, 0x87, 0xbf, 0xff, 0x9e, 0x2a, 0x02, 0x00, 0x00, 0xff, 0x7f,
  0x43, 0x2b, 0x2a, 0x10, 0x21, 0x01, 0x87, 0xbf, 0x4f, 0x00, 0x10, 0xd6, 0x15, 0x21, 0x05, 0x02,
  0x15, 0x2b, 0x2e, 0x7c, 0x4f, 0x00, 0x55, 0xd6, 0x15, 0x9f, 0xfe, 0x03, 0xff, 0x7f, 0x00, 0x00,
  0x90, 0x78, 0x2b, 0x30, 0x12, 0x01, 0x87, 0xbf, 0x90, 0x9e, 0x9e, 0x32, 0xef, 0x2b, 0x2a, 0x10,
  0x12, 0x01, 0x87, 0xbf, 0xff, 0x9e, 0x9e, 0x02, 0xff, 0x7f, 0x00, 0x00, 0x90, 0x2a, 0xa0, 0x32,
  0x00, 0x00, 0x17, 0xd4, 0x15, 0x2b, 0x02, 0x00, 0x92, 0x00, 0x87, 0xbf, 0x81, 0xa0, 0xa0, 0x36,
  0x50, 0x00, 0x55, 0xd6, 0x15, 0xa1, 0xfe, 0x03, 0xff, 0x7f, 0x00, 0x00, 0x91, 0x00, 0x87, 0xbf,
  0xff, 0xa0, 0xa0, 0x36, 0x00, 0x00, 0xff, 0xff, 0x15, 0x00, 0x01, 0xd5, 0xff, 0xa0, 0x02, 0x00,
  0x00, 0x00, 0xff, 0x7f, 0x91, 0x00, 0x87, 0xbf, 0x42, 0x2b, 0x2a, 0x10, 0x50, 0x00, 0x10, 0xd6,
  0x15, 0x21, 0x05, 0x02, 0x00, 0x00, 0x17, 0xd4, 0x15, 0x2b, 0x02, 0x00, 0x92, 0x00, 0x87, 0xbf,
  0x50, 0x00, 0x55, 0xd6, 0x15, 0xa1, 0xfe, 0x03, 0xff, 0x7f, 0x00, 0x00, 0x90, 0xa0, 0xa0, 0x32,
  0x91, 0x00, 0x87, 0xbf, 0x15, 0x00, 0x01, 0xd5, 0xff, 0xa0, 0x02, 0x00, 0xff, 0x7f, 0x00, 0x00,
  0xaa, 0x00, 0x44, 0xd6, 0x4f, 0x2b, 0xfe, 0x03, 0x00, 0x01, 0x04, 0x05, 0x90, 0x7c, 0x2b, 0x30,
  0x91, 0x00, 0x87, 0xbf, 0xee, 0x2b, 0x2a, 0x10, 0x90, 0x2a, 0x9e, 0x32, 0x15, 0x2b, 0x2e, 0x7c,
  0x92, 0x00, 0x87, 0xbf, 0x81, 0x9e, 0x9e, 0x36, 0x4f, 0x00, 0x55, 0xd6, 0x15, 0x9f, 0xfe, 0x03,
  0xff, 0x7f, 0x00, 0x00, 0x91, 0x00, 0x87, 0xbf, 0xff, 0x9e, 0x9e, 0x36, 0x00, 0x00, 0xff, 0xff,
  0xff, 0x9e, 0x2a, 0x02, 0x00, 0x00, 0xff, 0x7f, 0x91, 0x00, 0x87, 0xbf, 0x45, 0x2b, 0x2a, 0x10,
  0x4f, 0x00, 0x10, 0xd6, 0x15, 0x21, 0x05, 0x02, 0x15, 0x2b, 0x2e, 0x7c, 0x22, 0x01, 0x87, 0xbf,
  0x4f, 0x00, 0x55, 0xd6, 0x15, 0x9f, 0xfe, 0x03, 0xff, 0x7f, 0x00, 0x00, 0x90, 0x7e, 0x2b, 0x30,
  0x90, 0x9e, 0x9e, 0x32, 0x12, 0x01, 0x87, 0xbf, 0xed, 0x2b, 0x2a, 0x10, 0xff, 0x9e, 0x9e, 0x02,
  0xff, 0x7f, 0x00, 0x00, 0x22, 0x01, 0x87, 0xbf, 0x90, 0x2a, 0xa0, 0x32, 0x00, 0x00, 0x17, 0xd4,
  0x15, 0x2b, 0x02, 0x00, 0x81, 0xa0, 0xa0, 0x36, 0x91, 0x00, 0x87, 0xbf, 0x50, 0x00, 0x55, 0xd6,
  0x15, 0xa1, 0xfe, 0x03, 0xff, 0x7f, 0x00, 0x00, 0xff, 0xa0, 0xa0, 0x36, 0x00, 0x00, 0xff, 0xff,
  0x91, 0x00, 0x87, 0xbf, 0x15, 0x00, 0x01, 0xd5, 0xff, 0xa0, 0x02, 0x00, 0x00, 0x00, 0xff, 0x7f,
  0x44, 0x2b, 0x2a, 0x10, 0x21, 0x01, 0x87, 0xbf, 0x50, 0x00, 0x10, 0xd6, 0x15, 0x21, 0x05, 0x02,
  0x00, 0x00, 0x17, 0xd4, 0x15, 0x2b, 0x02, 0x00, 0x50, 0x00, 0x55, 0xd6, 0x15, 0xa1, 0xfe, 0x03,
  0xff, 0x7f, 0x00, 0x00, 0x91, 0x00, 0x87, 0xbf, 0x90, 0xa0, 0xa0, 0x32, 0x15, 0x00, 0x01, 0xd5,
  0xff, 0xa0, 0x02, 0x00, 0xff, 0x7f, 0x00, 0x00, 0xa1, 0x00, 0x87, 0xbf, 0xa9, 0x00, 0x44, 0xd6,
  0x4f, 0x2b, 0xfe, 0x03, 0x00, 0x01, 0x04, 0x05, 0x90, 0xec, 0x2b, 0x30, 0xd0, 0x2b, 0x2a, 0x10,
  0x21, 0x01, 0x87, 0xbf, 0x90, 0x2a, 0x9e, 0x32, 0x15, 0x2b, 0x2e, 0x7c, 0x81, 0x9e, 0x9e, 0x36,
  0x91, 0x00, 0x87, 0xbf, 0x4f, 0x00, 0x55, 0xd6, 0x15, 0x9f, 0xfe, 0x03, 0xff, 0x7f, 0x00, 0x00,
  0xff, 0x9e, 0x9e, 0x36, 0x00, 0x00, 0xff, 0xff, 0x91, 0x00, 0x87, 0xbf, 0xff, 0x9e, 0x2a, 0x02,
  0x00, 0x00, 0xff, 0x7f, 0x27, 0x2b, 0x2a, 0x10, 0x21, 0x01, 0x87, 0xbf, 0x4f, 0x00, 0x10, 0xd6,
  0x15, 0x21, 0x05, 0x02, 0x15, 0x2b, 0x2e, 0x7c, 0x4f, 0x00, 0x55, 0xd6, 0x15, 0x9f, 0xfe, 0x03,
  0xff, 0x7f, 0x00, 0x00, 0x90, 0x9a, 0x2a, 0x30, 0x12, 0x01, 0x87, 0xbf, 0x90, 0x9e, 0x9e, 0x32,
  0xcd, 0x2b, 0x2a, 0x10, 0x12, 0x01, 0x87, 0xbf, 0xff, 0x9e, 0x9e, 0x02, 0xff, 0x7f, 0x00, 0x00,
  0x90, 0x2a, 0x9a, 0x32, 0x00, 0x00, 0x17, 0xd4, 0x15, 0x2b, 0x02, 0x00, 0x92, 0x00, 0x87, 0xbf,
  0x81, 0x9a, 0x9a, 0x36, 0x4d, 0x00, 0x55, 0xd6, 0x15, 0x9b, 0xfe, 0x03, 0xff, 0x7f, 0x00, 0x00,
  0x91, 0x00, 0x87, 0xbf, 0xff, 0x9a, 0x9a, 0x36, 0x00, 0x00, 0xff, 0xff, 0x15, 0x00, 0x01, 0xd5,
  0xff, 0x9a, 0x02, 0x00, 0x00, 0x00, 0xff, 0x7f, 0x91, 0x00, 0x87, 0xbf, 0x28, 0x2b, 0x2a, 0x10,
  0x4d, 0x00, 0x10, 0xd6, 0x15, 0x21, 0x05, 0x02, 0x00, 0x00, 0x17, 0xd4, 0x15, 0x2b, 0x02, 0x00,
  0x22, 0x01, 0x87, 0xbf, 0x4d, 0x00, 0x55, 0xd6, 0x15, 0x9b, 0xfe, 0x03, 0xff, 0x7f, 0x00, 0x00,
  0x90, 0xea, 0x2b, 0x30, 0x90, 0x9a, 0x9a, 0x32, 0x12, 0x01, 0x87, 0xbf, 0xce, 0x2b, 0x2a, 0x10,
  0x4d, 0x00, 0x01, 0xd5, 0xff, 0x9a, 0x02, 0x00, 0xff, 0x7f, 0x00, 0x00, 0x22, 0x01, 0x87, 0xbf,
  0x90, 0x2a, 0xa0, 0x32, 0x01, 0x00, 0x17, 0xd4, 0x15, 0x2b, 0x02, 0x00, 0x81, 0xa0, 0xa0, 0x36,
  0x91, 0x00, 0x87, 0xbf, 0x50, 0x00, 0x55, 0xd6, 0x15, 0xa1, 0xfe, 0x03, 0xff, 0x7f, 0x00, 0x00,
  0xff, 0xa0, 0xa0, 0x36, 0x00, 0x00, 0xff, 0xff, 0x91, 0x00, 0x87, 0xbf, 0x15, 0x00, 0x01, 0xd5,
  0xff, 0xa0, 0x06, 0x00, 0x00, 0x00, 0xff, 0x7f, 0x29, 0x2b, 0x2a, 0x10, 0x21, 0x01, 0x87, 0xbf,
  0x50, 0x00, 0x10, 0xd6, 0x15, 0x21, 0x05, 0x02, 0x01, 0x00, 0x17, 0xd4, 0x15, 0x2b, 0x02, 0x00,
  0x50, 0x00, 0x55, 0xd6, 0x15, 0xa1, 0xfe, 0x03, 0xff, 0x7f, 0x00, 0x00, 0x90, 0x80, 0x2b, 0x30,
  0x12, 0x01, 0x87, 0xbf, 0x90, 0xa0, 0xa0, 0x32, 0xcf, 0x2b, 0x2a, 0x10, 0x12, 0x01, 0x87, 0xbf,
  0x50, 0x00, 0x01, 0xd5, 0xff, 0xa0, 0x06, 0x00, 0xff, 0x7f, 0x00, 0x00, 0x90, 0x2a, 0xa2, 0x32,
  0x02, 0x00, 0x17, 0xd4, 0x15, 0x2b, 0x02, 0x00, 0x93, 0x01, 0x87, 0xbf, 0xb7, 0x00, 0x44, 0xd6,
  0x50, 0x9b, 0xfe, 0x03, 0x00, 0x01, 0x04, 0x05, 0x81, 0xa2, 0xa2, 0x36, 0x91, 0x00, 0x87, 0xbf,
  0x51, 0x00, 0x55, 0xd6, 0x15, 0xa3, 0xfe, 0x03, 0xff, 0x7f, 0x00, 0x00, 0xff, 0xa2, 0xa2, 0x36,
  0x00, 0x00, 0xff, 0xff, 0x91, 0x00, 0x87, 0xbf, 0x15, 0x00, 0x01, 0xd5, 0xff, 0xa2, 0x0a, 0x00,
  0x00, 0x00, 0xff, 0x7f, 0x26, 0x2b, 0x2a, 0x10, 0x21, 0x01, 0x87, 0xbf, 0x51, 0x00, 0x10, 0xd6,
  0x15, 0x21, 0x05, 0x02, 0x02, 0x00, 0x17, 0xd4, 0x15, 0x2b, 0x02, 0x00, 0x51, 0x00, 0x55, 0xd6,
  0x15, 0xa3, 0xfe, 0x03, 0xff, 0x7f, 0x00, 0x00, 0x91, 0x00, 0x87, 0xbf, 0x90, 0xa2, 0xa2, 0x32,
  0x15, 0x00, 0x01, 0xd5, 0xff, 0xa2, 0x0a, 0x00, 0xff, 0x7f, 0x00, 0x00, 0xa1, 0x00, 0x87, 0xbf,
  0xb8, 0x00, 0x44, 0xd6, 0x4f, 0x2b, 0xfe, 0x03, 0x00, 0x01, 0x04, 0x05, 0x90, 0xf0, 0x2a, 0x30,
  0xd4, 0x2b, 0x2a, 0x10, 0x21, 0x01, 0x87, 0xbf, 0x90, 0x2a, 0x9a, 0x32, 0x15, 0x2b, 0x2e, 0x7c,
  0x81, 0x9a, 0x9a, 0x36, 0x91, 0x00, 0x87, 0xbf, 0x4d, 0x00, 0x55, 0xd6, 0x15, 0x9b, 0xfe, 0x03,
  0xff, 0x7f, 0x00, 0x00, 0xff, 0x9a, 0x9a, 0x36, 0x00, 0x00, 0xff, 0xff, 0x91, 0x00, 0x87, 0xbf,
  0xff, 0x9a, 0x2a, 0x02, 0x00, 0x00, 0xff, 0x7f, 0x2b, 0x2b, 0x2a, 0x10, 0x21, 0x01, 0x87, 0xbf,
  0x4d, 0x00, 0x10, 0xd6, 0x15, 0x21, 0x05, 0x02, 0x15, 0x2b, 0x2e, 0x7c, 0x4d, 0x00, 0x55, 0xd6,
  0x15, 0x9b, 0xfe, 0x03, 0xff, 0x7f, 0x00, 0x00, 0x90, 0x9c, 0x2a, 0x30, 0x12, 0x01, 0x87, 0xbf,
  0x90, 0x9a, 0x9a, 0x32, 0xd3, 0x2b, 0x2a, 0x10, 0x12, 0x01, 0x87, 0xbf, 0xff, 0x9a, 0x9a, 0x02,
  0xff, 0x7f, 0x00, 0x00, 0x90, 0x2a, 0x9c, 0x32, 0x00, 0x00, 0x17, 0xd4, 0x15, 0x2b, 0x02, 0x00,
  0x92, 0x00, 0x87, 0xbf, 0x81, 0x9c, 0x9c, 0x36, 0x4e, 0x00, 0x55, 0xd6, 0x15, 0x9d, 0xfe, 0x03,
  0xff, 0x7f, 0x00, 0x00, 0x91, 0x00, 0x87, 0xbf, 0xff, 0x9c, 0x9c, 0x36, 0x00, 0x00, 0xff, 0xff,
  0x15, 0x00, 0x01, 0xd5, 0xff, 0x9c, 0x02, 0x00, 0x00, 0x00, 0xff, 0x7f, 0x91, 0x00, 0x87, 0xbf,
  0x2a, 0x2b, 0x2a, 0x10, 0x4e, 0x00, 0x10, 0xd6, 0x15, 0x21, 0x05, 0x02, 0x00, 0x00, 0x17, 0xd4,
  0x15, 0x2b, 0x02, 0x00, 0x92, 0x00, 0x87, 0xbf, 0x4e, 0x00, 0x55, 0xd6, 0x15, 0x9d, 0xfe, 0x03,
  0xff, 0x7f, 0x00, 0x00, 0x90, 0x9c, 0x9c, 0x32, 0x91, 0x00, 0x87, 0xbf, 0x15, 0x00, 0x01, 0xd5,
  0xff, 0x9c, 0x02, 0x00, 0xff, 0x7f, 0x00, 0x00, 0xb6, 0x00, 0x44, 0xd6, 0x4d, 0x2b, 0xfe, 0x03,
  0x00, 0x01, 0x04, 0x05, 0x90, 0xf2, 0x2a, 0x30, 0x91, 0x00, 0x87, 0xbf, 0xd2, 0x2b, 0x2a, 0x10,
  0x90, 0x2a, 0x9a, 0x32, 0x15, 0x2b, 0x2e, 0x7c, 0x92, 0x00, 0x87, 0xbf, 0x81, 0x9a, 0x9a, 0x36,
  0x4d, 0x00, 0x55, 0xd6, 0x15, 0x9b, 0xfe, 0x03, 0xff, 0x7f, 0x00, 0x00, 0x91, 0x00, 0x87, 0xbf,
  0xff, 0x9a, 0x9a, 0x36, 0x00, 0x00, 0xff, 0xff, 0xff, 0x9a, 0x2a, 0x02, 0x00, 0x00, 0xff, 0x7f,
  0x91, 0x00, 0x87, 0xbf, 0x2d, 0x2b, 0x2a, 0x10, 0x4d, 0x00, 0x10, 0xd6, 0x15, 0x21, 0x05, 0x02,
  0x15, 0x2b, 0x2e, 0x7c, 0x22, 0x01, 0x87, 0xbf, 0x4d, 0x00, 0x55, 0xd6, 0x15, 0x9b, 0xfe, 0x03,
  0xff, 0x7f, 0x00, 0x00, 0x90, 0xf4, 0x2a, 0x30, 0x90, 0x9a, 0x9a, 0x32, 0x12, 0x01, 0x87, 0xbf,
  0xd1, 0x2b, 0x2a, 0x10, 0xff, 0x9a, 0x9a, 0x02, 0xff, 0x7f, 0x00, 0x00, 0x22, 0x01, 0x87, 0xbf,
  0x90, 0x2a, 0x9c, 0x32, 0x00, 0x00, 0x17, 0xd4, 0x15, 0x2b, 0x02, 0x00, 0x81, 0x9c, 0x9c, 0x36,
  0x91, 0x00, 0x87, 0xbf, 0x4e, 0x00, 0x55, 0xd6, 0x15, 0x9d, 0xfe, 0x03, 0xff, 0x7f, 0x00, 0x00,
  0xff, 0x9c, 0x9c, 0x36, 0x00, 0x00, 0xff, 0xff, 0x91, 0x00, 0x87, 0xbf, 0x15, 0x00, 0x01, 0xd5,
  0xff, 0x9c, 0x02, 0x00, 0x00, 0x00, 0xff, 0x7f, 0x2c, 0x2b, 0x2a, 0x10, 0x21, 0x01, 0x87, 0xbf,
  0x4e, 0x00, 0x10, 0xd6, 0x15, 0x21, 0x05, 0x02, 0x00, 0x00, 0x17, 0xd4, 0x15, 0x2b, 0x02, 0x00,
  0x4e, 0x00, 0x55, 0xd6, 0x15, 0x9d, 0xfe, 0x03, 0xff, 0x7f, 0x00, 0x00, 0x91, 0x00, 0x87, 0xbf,
  0x90, 0x9c, 0x9c, 0x32, 0x15, 0x00, 0x01, 0xd5, 0xff, 0x9c, 0x02, 0x00, 0xff, 0x7f, 0x00, 0x00,
  0xa1, 0x00, 0x87, 0xbf, 0xb5, 0x00, 0x44, 0xd6, 0x4d, 0x2b, 0xfe, 0x03, 0x00, 0x01, 0x04, 0x05,
  0x90, 0xf8, 0x2a, 0x30, 0xd8, 0x2b, 0x2a, 0x10, 0x21, 0x01, 0x87, 0xbf, 0x90, 0x2a, 0x9a, 0x32,
  0x15, 0x2b, 0x2e, 0x7c, 0x81, 0x9a, 0x9a, 0x36, 0x91, 0x00, 0x87, 0xbf, 0x4d, 0x00, 0x55, 0xd6,
  0x15, 0x9b, 0xfe, 0x03, 0xff, 0x7f, 0x00, 0x00, 0xff, 0x9a, 0x9a, 0x36, 0x00, 0x00, 0xff, 0xff,
  0x91, 0x00, 0x87, 0xbf, 0xff, 0x9a, 0x2a, 0x02, 0x00, 0x00, 0xff, 0x7f, 0x2f, 0x2b, 0x2a, 0x10,
  0x21, 0x01, 0x87, 0xbf, 0x4d, 0x00, 0x10, 0xd6, 0x15, 0x21, 0x05, 0x02, 0x15, 0x2b, 0x2e, 0x7c,
  0x4d, 0x00, 0x55, 0xd6, 0x15, 0x9b, 0xfe, 0x03, 0xff, 0x7f, 0x00, 0x00, 0x90, 0xf6, 0x2a, 0x30,
  0x12, 0x01, 0x87, 0xbf, 0x90, 0x9a, 0x9a, 0x32, 0xd7, 0x2b, 0x2a, 0x10, 0x12, 0x01, 0x87, 0xbf,
  0xff, 0x9a, 0x9a, 0x02, 0xff, 0x7f, 0x00, 0x00, 0x90, 0x2a, 0x9c, 0x32, 0x00, 0x00, 0x17, 0xd4,
  0x15, 0x2b, 0x02, 0x00, 0x92, 0x00, 0x87, 0xbf, 0x81, 0x9c, 0x9c, 0x36, 0x4e, 0x00, 0x55, 0xd6,
  0x15, 0x9d, 0xfe, 0x03, 0xff, 0x7f, 0x00, 0x00, 0x91, 0x00, 0x87, 0xbf, 0xff, 0x9c, 0x9c, 0x36,
  0x00, 0x00, 0xff, 0xff, 0x15, 0x00, 0x01, 0xd5, 0xff, 0x9c, 0x02, 0x00, 0x00, 0x00, 0xff, 0x7f,
  0x91, 0x00, 0x87, 0xbf, 0x2e, 0x2b, 0x2a, 0x10, 0x4e, 0x00, 0x10, 0xd6, 0x15, 0x21, 0x05, 0x02,
  0x00, 0x00, 0x17, 0xd4, 0x15, 0x2b, 0x02, 0x00, 0x92, 0x00, 0x87, 0xbf, 0x4e, 0x00, 0x55, 0xd6,
  0x15, 0x9d, 0xfe, 0x03, 0xff, 0x7f, 0x00, 0x00, 0x90, 0x9c, 0x9c, 0x32, 0x91, 0x00, 0x87, 0xbf,
  0x15, 0x00, 0x01, 0xd5, 0xff, 0x9c, 0x02, 0x00, 0xff, 0x7f, 0x00, 0x00, 0xb4, 0x00, 0x44, 0xd6,
  0x4d, 0x2b, 0xfe, 0x03, 0x00, 0x01, 0x04, 0x05, 0x90, 0xfa, 0x2a, 0x30, 0x91, 0x00, 0x87, 0xbf,
  0xd6, 0x2b, 0x2a, 0x10, 0x90, 0x2a, 0x9a, 0x32, 0x15, 0x2b, 0x2e, 0x7c, 0x92, 0x00, 0x87, 0xbf,
  0x81, 0x9a, 0x9a, 0x36, 0x4d, 0x00, 0x55, 0xd6, 0x15, 0x9b, 0xfe, 0x03, 0xff, 0x7f, 0x00, 0x00,
  0x91, 0x00, 0x87, 0xbf, 0xff, 0x9a, 0x9a, 0x36, 0x00, 0x00, 0xff, 0xff, 0xff, 0x9a, 0x2a, 0x02,
  0x00, 0x00, 0xff, 0x7f, 0x91, 0x00, 0x87, 0xbf, 0x31, 0x2b, 0x2a, 0x10, 0x4d, 0x00, 0x10, 0xd6,
  0x15, 0x21, 0x05, 0x02, 0x15, 0x2b, 0x2e, 0x7c, 0x22, 0x01, 0x87, 0xbf, 0x4d, 0x00, 0x55, 0xd6,
  0x15, 0x9b, 0xfe, 0x03, 0xff, 0x7f, 0x00, 0x00, 0x90, 0xfc, 0x2a, 0x30, 0x90, 0x9a, 0x9a, 0x32,
  0x12, 0x01, 0x87, 0xbf, 0xd5, 0x2b, 0x2a, 0x10, 0xff, 0x9a, 0x9a, 0x02, 0xff, 0x7f, 0x00, 0x00,
  0x22, 0x01, 0x87, 0xbf, 0x90, 0x2a, 0x9c, 0x32, 0x00, 0x00, 0x17, 0xd4, 0x15, 0x2b, 0x02, 0x00,
  0x81, 0x9c, 0x9c, 0x36, 0x91, 0x00, 0x87, 0xbf, 0x4e, 0x00, 0x55, 0xd6, 0x15, 0x9d, 0xfe, 0x03,
  0xff, 0x7f, 0x00, 0x00, 0xff, 0x9c, 0x9c, 0x36, 0x00, 0x00, 0xff, 0xff, 0x91, 0x00, 0x87, 0xbf,
  0x15, 0x00, 0x01, 0xd5, 0xff, 0x9c, 0x02, 0x00, 0x00, 0x00, 0xff, 0x7f, 0x30, 0x2b, 0x2a, 0x10,
  0x21, 0x01, 0x87, 0xbf, 0x4e, 0x00, 0x10, 0xd6, 0x15, 0x21, 0x05, 0x02, 0x00, 0x00, 0x17, 0xd4,
  0x15, 0x2b, 0x02, 0x00, 0x4e, 0x00, 0x55, 0xd6, 0x15, 0x9d, 0xfe, 0x03, 0xff, 0x7f, 0x00, 0x00,
  0x91, 0x00, 0x87, 0xbf, 0x90, 0x9c, 0x9c, 0x32, 0x15, 0x00, 0x01, 0xd5, 0xff, 0x9c, 0x02, 0x00,
  0xff, 0x7f, 0x00, 0x00, 0xa1, 0x00, 0x87, 0xbf, 0xb3, 0x00, 0x44, 0xd6, 0x4d, 0x2b, 0xfe, 0x03,
  0x00, 0x01, 0x04, 0x05, 0x90, 0x00, 0x2b, 0x30, 0xe0, 0x2b, 0x2a, 0x10, 0x21, 0x01, 0x87, 0xbf,
  0x90, 0x2a, 0x9a, 0x32, 0x15, 0x2b, 0x2e, 0x7c, 0x81, 0x9a, 0x9a, 0x36, 0x91, 0x00, 0x87, 0xbf,
  0x4d, 0x00, 0x55, 0xd6, 0x15, 0x9b, 0xfe, 0x03, 0xff, 0x7f, 0x00, 0x00, 0xff, 0x9a, 0x9a, 0x36,
  0x00, 0x00, 0xff, 0xff, 0x91, 0x00, 0x87, 0xbf, 0xff, 0x9a, 0x2a, 0x02, 0x00, 0x00, 0xff, 0x7f,
  0x33, 0x2b, 0x2a, 0x10, 0x21, 0x01, 0x87, 0xbf, 0x4d, 0x00, 0x10, 0xd6, 0x15, 0x21, 0x05, 0x02,
  0x15, 0x2b, 0x2e, 0x7c, 0x4d, 0x00, 0x55, 0xd6, 0x15, 0x9b, 0xfe, 0x03, 0xff, 0x7f, 0x00, 0x00,
  0x90, 0xfe, 0x2a, 0x30, 0x12, 0x01, 0x87, 0xbf, 0x90, 0x9a, 0x9a, 0x32, 0xdf, 0x2b, 0x2a, 0x10,
  0x12, 0x01, 0x87, 0xbf, 0xff, 0x9a, 0x9a, 0x02, 0xff, 0x7f, 0x00, 0x00, 0x90, 0x2a, 0x9c, 0x32,
  0x00, 0x00, 0x17, 0xd4, 0x15, 0x2b, 0x02, 0x00, 0x14, 0x29, 0x2e, 0x7c, 0x93, 0x00, 0x87, 0xbf,
  0x81, 0x9c, 0x9c, 0x36, 0x4e, 0x00, 0x55, 0xd6, 0x15, 0x9d, 0xfe, 0x03, 0xff, 0x7f, 0x00, 0x00,
  0x91, 0x00, 0x87, 0xbf, 0xff, 0x9c, 0x9c, 0x36, 0x00, 0x00, 0xff, 0xff, 0x15, 0x00, 0x01, 0xd5,
  0xff, 0x9c, 0x02, 0x00, 0x00, 0x00, 0xff, 0x7f, 0x91, 0x00, 0x87, 0xbf, 0x32, 0x2b, 0x2a, 0x10,
  0x4e, 0x00, 0x10, 0xd6, 0x15, 0x21, 0x05, 0x02, 0x00, 0x00, 0x17, 0xd4, 0x15, 0x2b, 0x02, 0x00,
  0x92, 0x00, 0x87, 0xbf, 0x4e, 0x00, 0x55, 0xd6, 0x15, 0x9d, 0xfe, 0x03, 0xff, 0x7f, 0x00, 0x00,
  0x90, 0x9c, 0x9c, 0x32, 0x91, 0x00, 0x87, 0xbf, 0x15, 0x00, 0x01, 0xd5, 0xff, 0x9c, 0x02, 0x00,
  0xff, 0x7f, 0x00, 0x00, 0xb2, 0x00, 0x44, 0xd6, 0x4d, 0x2b, 0xfe, 0x03, 0x00, 0x01, 0x04, 0x05,
  0x90, 0x28, 0x2a, 0x32, 0x91, 0x00, 0x87, 0xbf, 0x81, 0x2a, 0x2a, 0x36, 0x15, 0x00, 0x55, 0xd6,
  0x14, 0x2b, 0xfe, 0x03, 0xff, 0x7f, 0x00, 0x00, 0x91, 0x00, 0x87, 0xbf, 0xff, 0x2a, 0x2a, 0x36,
  0x00, 0x00, 0xff, 0xff, 0xff, 0x2a, 0x28, 0x02, 0x00, 0x00, 0xff, 0x7f, 0x91, 0x00, 0x87, 0xbf,
  0x35, 0x29, 0x28, 0x10, 0x15, 0x00, 0x10, 0xd6, 0x14, 0x21, 0x05, 0x02, 0x14, 0x29, 0x2e, 0x7c,
  0x22, 0x01, 0x87, 0xbf, 0x15, 0x00, 0x55, 0xd6, 0x14, 0x2b, 0xfe, 0x03, 0xff, 0x7f, 0x00, 0x00,
  0x90, 0xb8, 0x28, 0x30, 0x90, 0x2a, 0x2a, 0x32, 0x91, 0x00, 0x87, 0xbf, 0xdd, 0x29, 0xd2, 0xc8,
  0xff, 0x2a, 0x14, 0x14, 0xff, 0x7f, 0x00, 0x00, 0x90, 0x28, 0x9a, 0x32, 0x00, 0x00, 0x17, 0xd4,
  0x14, 0x29, 0x02, 0x00, 0x92, 0x00, 0x87, 0xbf, 0x81, 0x9a, 0x9a, 0x36, 0x4d, 0x00, 0x55, 0xd6,
  0x14, 0x9b, 0xfe, 0x03, 0xff, 0x7f, 0x00, 0x00, 0x91, 0x00, 0x87, 0xbf, 0xff, 0x9a, 0x9a, 0x36,
  0x00, 0x00, 0xff, 0xff, 0x14, 0x00, 0x01, 0xd5, 0xff, 0x9a, 0x02, 0x00, 0x00, 0x00, 0xff, 0x7f,
  0x91, 0x00, 0x87, 0xbf, 0x34, 0x29, 0x28, 0x10, 0x4d, 0x00, 0x10, 0xd6, 0x14, 0x21, 0x05, 0x02,
  0x00, 0x00, 0x17, 0xd4, 0x14, 0x29, 0x02, 0x00, 0x92, 0x00, 0x87, 0xbf, 0x4d, 0x00, 0x55, 0xd6,
  0x14, 0x9b, 0xfe, 0x03, 0xff, 0x7f, 0x00, 0x00, 0x90, 0x9a, 0x9a, 0x32, 0x91, 0x00, 0x87, 0xbf,
  0x14, 0x00, 0x01, 0xd5, 0xff, 0x9a, 0x02, 0x00, 0xff, 0x7f, 0x00, 0x00, 0xb1, 0x00, 0x44, 0xd6,
  0x15, 0x29, 0xfe, 0x03, 0x00, 0x01, 0x04, 0x05, 0x90, 0xbe, 0x28, 0x30, 0x91, 0x00, 0x87, 0xbf,
  0xdc, 0x29, 0x28, 0x10, 0x90, 0x28, 0x2a, 0x32, 0x14, 0x29, 0x2e, 0x7c, 0x92, 0x00, 0x87, 0xbf,
  0x81, 0x2a, 0x2a, 0x36, 0x15, 0x00, 0x55, 0xd6, 0x14, 0x2b, 0xfe, 0x03, 0xff, 0x7f, 0x00, 0x00,
  0x91, 0x00, 0x87, 0xbf, 0xff, 0x2a, 0x2a, 0x36, 0x00, 0x00, 0xff, 0xff, 0xff, 0x2a, 0x28, 0x02,
  0x00, 0x00, 0xff, 0x7f, 0x91, 0x00, 0x87, 0xbf, 0x17, 0x29, 0x28, 0x10, 0x15, 0x00, 0x10, 0xd6,
  0x14, 0x21, 0x05, 0x02, 0x14, 0x29, 0x2e, 0x7c, 0x22, 0x01, 0x87, 0xbf, 0x15, 0x00, 0x55, 0xd6,
  0x14, 0x2b, 0xfe, 0x03, 0xff, 0x7f, 0x00, 0x00, 0x90, 0xc0, 0x28, 0x30, 0x90, 0x2a, 0x2a, 0x32,
  0x91, 0x00, 0x87, 0xbf, 0xd9, 0x29, 0xd2, 0xc8, 0xff, 0x2a, 0x14, 0x14, 0xff, 0x7f, 0x00, 0x00,
  0x90, 0x28, 0x9a, 0x32, 0x00, 0x00, 0x17, 0xd4, 0x14, 0x29, 0x02, 0x00, 0x92, 0x00, 0x87, 0xbf,
  0x81, 0x9a, 0x9a, 0x36, 0x4d, 0x00, 0x55, 0xd6, 0x14, 0x9b, 0xfe, 0x03, 0xff, 0x7f, 0x00, 0x00,
  0x91, 0x00, 0x87, 0xbf, 0xff, 0x9a, 0x9a, 0x36, 0x00, 0x00, 0xff, 0xff, 0x14, 0x00, 0x01, 0xd5,
  0xff, 0x9a, 0x02, 0x00, 0x00, 0x00, 0xff, 0x7f, 0x91, 0x00, 0x87, 0xbf, 0x18, 0x29, 0x28, 0x10,
  0x4d, 0x00, 0x10, 0xd6, 0x14, 0x21, 0x05, 0x02, 0x00, 0x00, 0x17, 0xd4, 0x14, 0x29, 0x02, 0x00,
  0x22, 0x01, 0x87, 0xbf, 0x4d, 0x00, 0x55, 0xd6, 0x14, 0x9b, 0xfe, 0x03, 0xff, 0x7f, 0x00, 0x00,
  0x90, 0xbc, 0x28, 0x30, 0x90, 0x9a, 0x9a, 0x32, 0x12, 0x01, 0x87, 0xbf, 0xda, 0x29, 0x28, 0x10,
  0x4d, 0x00, 0x01, 0xd5, 0xff, 0x9a, 0x02, 0x00, 0xff, 0x7f, 0x00, 0x00, 0x22, 0x01, 0x87, 0xbf,
  0x90, 0x28, 0x9c, 0x32, 0x01, 0x00, 0x17, 0xd4, 0x14, 0x29, 0x02, 0x00, 0x81, 0x9c, 0x9c, 0x36,
  0x91, 0x00, 0x87, 0xbf, 0x4e, 0x00, 0x55, 0xd6, 0x14, 0x9d, 0xfe, 0x03, 0xff, 0x7f, 0x00, 0x00,
  0xff, 0x9c, 0x9c, 0x36, 0x00, 0x00, 0xff, 0xff, 0x91, 0x00, 0x87, 0xbf, 0x14, 0x00, 0x01, 0xd5,
  0xff, 0x9c, 0x06, 0x00, 0x00, 0x00, 0xff, 0x7f, 0x19, 0x29, 0x28, 0x10, 0x21, 0x01, 0x87, 0xbf,
  0x4e, 0x00, 0x10, 0xd6, 0x14, 0x21, 0x05, 0x02, 0x01, 0x00, 0x17, 0xd4, 0x14, 0x29, 0x02, 0x00,
  0x4e, 0x00, 0x55, 0xd6, 0x14, 0x9d, 0xfe, 0x03, 0xff, 0x7f, 0x00, 0x00, 0x90, 0xba, 0x28, 0x30,
  0x12, 0x01, 0x87, 0xbf, 0x90, 0x9c, 0x9c, 0x32, 0xdb, 0x29, 0x28, 0x10, 0x12, 0x01, 0x87, 0xbf,
  0x4e, 0x00, 0x01, 0xd5, 0xff, 0x9c, 0x06, 0x00, 0xff, 0x7f, 0x00, 0x00, 0x90, 0x28, 0x9e, 0x32,
  0x02, 0x00, 0x17, 0xd4, 0x14, 0x29, 0x02, 0x00, 0x93, 0x01, 0x87, 0xbf, 0xbf, 0x00, 0x44, 0xd6,
  0x4e, 0x9b, 0xfe, 0x03, 0x00, 0x01, 0x04, 0x05, 0x81, 0x9e, 0x9e, 0x36, 0x91, 0x00, 0x87, 0xbf,
  0x4f, 0x00, 0x55, 0xd6, 0x14, 0x9f, 0xfe, 0x03, 0xff, 0x7f, 0x00, 0x00, 0xff, 0x9e, 0x9e, 0x36,
  0x00, 0x00, 0xff, 0xff, 0x91, 0x00, 0x87, 0xbf, 0x14, 0x00, 0x01, 0xd5, 0xff, 0x9e, 0x0a, 0x00,
  0x00, 0x00, 0xff, 0x7f, 0x16, 0x29, 0x28, 0x10, 0x21, 0x01, 0x87, 0xbf, 0x4f, 0x00, 0x10, 0xd6,
  0x14, 0x21, 0x05, 0x02, 0x02, 0x00, 0x17, 0xd4, 0x14, 0x29, 0x02, 0x00, 0x4f, 0x00, 0x55, 0xd6,
  0x14, 0x9f, 0xfe, 0x03, 0xff, 0x7f, 0x00, 0x00, 0x91, 0x00, 0x87, 0xbf, 0x90, 0x9e, 0x9e, 0x32,
  0x14, 0x00, 0x01, 0xd5, 0xff, 0x9e, 0x0a, 0x00, 0xff, 0x7f, 0x00, 0x00, 0xa1, 0x00, 0x87, 0xbf,
  0xc0, 0x00, 0x44, 0xd6, 0x15, 0x29, 0xfe, 0x03, 0x00, 0x01, 0x04, 0x05, 0x90, 0xc4, 0x28, 0x30,
  0xc4, 0x29, 0x28, 0x10, 0x21, 0x01, 0x87, 0xbf, 0x90, 0x28, 0x2a, 0x32, 0x14, 0x29, 0x2e, 0x7c,
  0x81, 0x2a, 0x2a, 0x36, 0x91, 0x00, 0x87, 0xbf, 0x15, 0x00, 0x55, 0xd6, 0x14, 0x2b, 0xfe, 0x03,
  0xff, 0x7f, 0x00, 0x00, 0xff, 0x2a, 0x2a, 0x36, 0x00, 0x00, 0xff, 0xff, 0x91, 0x00, 0x87, 0xbf,
  0xff, 0x2a, 0x28, 0x02, 0x00, 0x00, 0xff, 0x7f, 0x1b, 0x29, 0x28, 0x10, 0x21, 0x01, 0x87, 0xbf,
  0x15, 0x00, 0x10, 0xd6, 0x14, 0x21, 0x05, 0x02, 0x14, 0x29, 0x2e, 0x7c, 0x15, 0x00, 0x55, 0xd6,
  0x14, 0x2b, 0xfe, 0x03, 0xff, 0x7f, 0x00, 0x00, 0x90, 0xc2, 0x28, 0x30, 0x92, 0x00, 0x87, 0xbf,
  0x90, 0x2a, 0x2a, 0x32, 0xc3, 0x29, 0xd2, 0xc8, 0xff, 0x2a, 0x14, 0x14, 0xff, 0x7f, 0x00, 0x00,
  0x21, 0x01, 0x87, 0xbf, 0x90, 0x28, 0x9a, 0x32, 0x00, 0x00, 0x17, 0xd4, 0x14, 0x29, 0x02, 0x00,
  0x81, 0x9a, 0x9a, 0x36, 0x91, 0x00, 0x87, 0xbf, 0x4d, 0x00, 0x55, 0xd6, 0x14, 0x9b, 0xfe, 0x03,
  0xff, 0x7f, 0x00, 0x00, 0xff, 0x9a, 0x9a, 0x36, 0x00, 0x00, 0xff, 0xff, 0x91, 0x00, 0x87, 0xbf,
  0x14, 0x00, 0x01, 0xd5, 0xff, 0x9a, 0x02, 0x00, 0x00, 0x00, 0xff, 0x7f, 0x1a, 0x29, 0x28, 0x10,
  0x21, 0x01, 0x87, 0xbf, 0x4d, 0x00, 0x10, 0xd6, 0x14, 0x21, 0x05, 0x02, 0x00, 0x00, 0x17, 0xd4,
  0x14, 0x29, 0x02, 0x00, 0x4d, 0x00, 0x55, 0xd6, 0x14, 0x9b, 0xfe, 0x03, 0xff, 0x7f, 0x00, 0x00,
  0x91, 0x00, 0x87, 0xbf, 0x90, 0x9a, 0x9a, 0x32, 0x14, 0x00, 0x01, 0xd5, 0xff, 0x9a, 0x02, 0x00,
  0xff, 0x7f, 0x00, 0x00, 0xa1, 0x00, 0x87, 0xbf, 0xbe, 0x00, 0x44, 0xd6, 0x15, 0x29, 0xfe, 0x03,
  0x00, 0x01, 0x04, 0x05, 0x90, 0xc6, 0x28, 0x30, 0xc2, 0x29, 0x28, 0x10, 0x21, 0x01, 0x87, 0xbf,
  0x90, 0x28, 0x2a, 0x32, 0x14, 0x29, 0x2e, 0x7c, 0x81, 0x2a, 0x2a, 0x36, 0x91, 0x00, 0x87, 0xbf,
  0x15, 0x00, 0x55, 0xd6, 0x14, 0x2b, 0xfe, 0x03, 0xff, 0x7f, 0x00, 0x00, 0xff, 0x2a, 0x2a, 0x36,
  0x00, 0x00, 0xff, 0xff, 0x91, 0x00, 0x87, 0xbf, 0xff, 0x2a, 0x28, 0x02, 0x00, 0x00, 0xff, 0x7f,
  0x1d, 0x29, 0x28, 0x10, 0x21, 0x01, 0x87, 0xbf, 0x15, 0x00, 0x10, 0xd6, 0x14, 0x21, 0x05, 0x02,
  0x14, 0x29, 0x2e, 0x7c, 0x15, 0x00, 0x55, 0xd6, 0x14, 0x2b, 0xfe, 0x03, 0xff, 0x7f, 0x00, 0x00,
  0x90, 0xc8, 0x28, 0x30, 0x92, 0x00, 0x87, 0xbf, 0x90, 0x2a, 0x2a, 0x32, 0xc1, 0x29, 0xd2, 0xc8,
  0xff, 0x2a, 0x14, 0x14, 0xff, 0x7f, 0x00, 0x00, 0x21, 0x01, 0x87, 0xbf, 0x90, 0x28, 0x9a, 0x32,
  0x00, 0x00, 0x17, 0xd4, 0x14, 0x29, 0x02, 0x00, 0x81, 0x9a, 0x9a, 0x36, 0x91, 0x00, 0x87, 0xbf,
  0x4d, 0x00, 0x55, 0xd6, 0x14, 0x9b, 0xfe, 0x03, 0xff, 0x7f, 0x00, 0x00, 0xff, 0x9a, 0x9a, 0x36,
  0x00, 0x00, 0xff, 0xff, 0x91, 0x00, 0x87, 0xbf, 0x14, 0x00, 0x01, 0xd5, 0xff, 0x9a, 0x02, 0x00,
  0x00, 0x00, 0xff, 0x7f, 0x1c, 0x29, 0x28, 0x10, 0x21, 0x01, 0x87, 0xbf, 0x4d, 0x00, 0x10, 0xd6,
  0x14, 0x21, 0x05, 0x02, 0x00, 0x00, 0x17, 0xd4, 0x14, 0x29, 0x02, 0x00, 0x4d, 0x00, 0x55, 0xd6,
  0x14, 0x9b, 0xfe, 0x03, 0xff, 0x7f, 0x00, 0x00, 0x91, 0x00, 0x87, 0xbf, 0x90, 0x9a, 0x9a, 0x32,
  0x14, 0x00, 0x01, 0xd5, 0xff, 0x9a, 0x02, 0x00, 0xff, 0x7f, 0x00, 0x00, 0xa1, 0x00, 0x87, 0xbf,
  0xbd, 0x00, 0x44, 0xd6, 0x15, 0x29, 0xfe, 0x03, 0x00, 0x01, 0x04, 0x05, 0x90, 0xcc, 0x28, 0x30,
  0xc8, 0x29, 0x28, 0x10, 0x21, 0x01, 0x87, 0xbf, 0x90, 0x28, 0x2a, 0x32, 0x14, 0x29, 0x2e, 0x7c,
  0x81, 0x2a, 0x2a, 0x36, 0x91, 0x00, 0x87, 0xbf, 0x15, 0x00, 0x55, 0xd6, 0x14, 0x2b, 0xfe, 0x03,
  0xff, 0x7f, 0x00, 0x00, 0xff, 0x2a, 0x2a, 0x36, 0x00, 0x00, 0xff, 0xff, 0x91, 0x00, 0x87, 0xbf,
  0xff, 0x2a, 0x28, 0x02, 0x00, 0x00, 0xff, 0x7f, 0x1f, 0x29, 0x28, 0x10, 0x21, 0x01, 0x87, 0xbf,
  0x15, 0x00, 0x10, 0xd6, 0x14, 0x21, 0x05, 0x02, 0x14, 0x29, 0x2e, 0x7c, 0x15, 0x00, 0x55, 0xd6,
  0x14, 0x2b, 0xfe, 0x03, 0xff, 0x7f, 0x00, 0x00, 0x90, 0xca, 0x28, 0x30, 0x92, 0x00, 0x87, 0xbf,
  0x90, 0x2a, 0x2a, 0x32, 0xc7, 0x29, 0xd2, 0xc8, 0xff, 0x2a, 0x14, 0x14, 0xff, 0x7f, 0x00, 0x00,
  0x21, 0x01, 0x87, 0xbf, 0x90, 0x28, 0x9a, 0x32, 0x00, 0x00, 0x17, 0xd4, 0x14, 0x29, 0x02, 0x00,
  0x81, 0x9a, 0x9a, 0x36, 0x91, 0x00, 0x87, 0xbf, 0x4d, 0x00, 0x55, 0xd6, 0x14, 0x9b, 0xfe, 0x03,
  0xff, 0x7f, 0x00, 0x00, 0xff, 0x9a, 0x9a, 0x36, 0x00, 0x00, 0xff, 0xff, 0x91, 0x00, 0x87, 0xbf,
  0x14, 0x00, 0x01, 0xd5, 0xff, 0x9a, 0x02, 0x00, 0x00, 0x00, 0xff, 0x7f, 0x1e, 0x29, 0x28, 0x10,
  0x21, 0x01, 0x87, 0xbf, 0x4d, 0x00, 0x10, 0xd6, 0x14, 0x21, 0x05, 0x02, 0x00, 0x00, 0x17, 0xd4,
  0x14, 0x29, 0x02, 0x00, 0x4d, 0x00, 0x55, 0xd6, 0x14, 0x9b, 0xfe, 0x03, 0xff, 0x7f, 0x00, 0x00,
  0x91, 0x00, 0x87, 0xbf, 0x90, 0x9a, 0x9a, 0x32, 0x14, 0x00, 0x01, 0xd5, 0xff, 0x9a, 0x02, 0x00,
  0xff, 0x7f, 0x00, 0x00, 0xa1, 0x00, 0x87, 0xbf, 0xbc, 0x00, 0x44, 0xd6, 0x15, 0x29, 0xfe, 0x03,
  0x00, 0x01, 0x04, 0x05, 0x90, 0xce, 0x28, 0x30, 0xc6, 0x29, 0x28, 0x10, 0x21, 0x01, 0x87, 0xbf,
  0x90, 0x28, 0x2a, 0x32, 0x14, 0x29, 0x2e, 0x7c, 0x81, 0x2a, 0x2a, 0x36, 0x91, 0x00, 0x87, 0xbf,
  0x15, 0x00, 0x55, 0xd6, 0x14, 0x2b, 0xfe, 0x03, 0xff, 0x7f, 0x00, 0x00, 0xff, 0x2a, 0x2a, 0x36,
  0x00, 0x00, 0xff, 0xff, 0x91, 0x00, 0x87, 0xbf, 0xff, 0x2a, 0x28, 0x02, 0x00, 0x00, 0xff, 0x7f,
  0x21, 0x29, 0x28, 0x10, 0x21, 0x01, 0x87, 0xbf, 0x15, 0x00, 0x10, 0xd6, 0x14, 0x21, 0x05, 0x02,
  0x14, 0x29, 0x2e, 0x7c, 0x15, 0x00, 0x55, 0xd6, 0x14, 0x2b, 0xfe, 0x03, 0xff, 0x7f, 0x00, 0x00,
  0x90, 0xd0, 0x28, 0x30, 0x92, 0x00, 0x87, 0xbf, 0x90, 0x2a, 0x2a, 0x32, 0xc5, 0x29, 0xd2, 0xc8,
  0xff, 0x2a, 0x14, 0x14, 0xff, 0x7f, 0x00, 0x00, 0x21, 0x01, 0x87, 0xbf, 0x90, 0x28, 0x9a, 0x32,
  0x00, 0x00, 0x17, 0xd4, 0x14, 0x29, 0x02, 0x00, 0x81, 0x9a, 0x9a, 0x36, 0x91, 0x00, 0x87, 0xbf,
  0x4d, 0x00, 0x55, 0xd6, 0x14, 0x9b, 0xfe, 0x03, 0xff, 0x7f, 0x00, 0x00, 0xff, 0x9a, 0x9a, 0x36,
  0x00, 0x00, 0xff, 0xff, 0x91, 0x00, 0x87, 0xbf, 0x14, 0x00, 0x01, 0xd5, 0xff, 0x9a, 0x02, 0x00,
  0x00, 0x00, 0xff, 0x7f, 0x20, 0x29, 0x28, 0x10, 0x21, 0x01, 0x87, 0xbf, 0x4d, 0x00, 0x10, 0xd6,
  0x14, 0x21, 0x05, 0x02, 0x00, 0x00, 0x17, 0xd4, 0x14, 0x29, 0x02, 0x00, 0x4d, 0x00, 0x55, 0xd6,
  0x14, 0x9b, 0xfe, 0x03, 0xff, 0x7f, 0x00, 0x00, 0x91, 0x00, 0x87, 0xbf, 0x90, 0x9a, 0x9a, 0x32,
  0x14, 0x00, 0x01, 0xd5, 0xff, 0x9a, 0x02, 0x00, 0xff, 0x7f, 0x00, 0x00, 0xa1, 0x00, 0x87, 0xbf,
  0xbb, 0x00, 0x44, 0xd6, 0x15, 0x29, 0xfe, 0x03, 0x00, 0x01, 0x04, 0x05, 0x90, 0xd4, 0x28, 0x30,
  0xcc, 0x29, 0x28, 0x10, 0x21, 0x01, 0x87, 0xbf, 0x90, 0x28, 0x2a, 0x32, 0x14, 0x29, 0x2e, 0x7c,
  0x81, 0x2a, 0x2a, 0x36, 0x91, 0x00, 0x87, 0xbf, 0x15, 0x00, 0x55, 0xd6, 0x14, 0x2b, 0xfe, 0x03,
  0xff, 0x7f, 0x00, 0x00, 0xff, 0x2a, 0x2a, 0x36, 0x00, 0x00, 0xff, 0xff, 0x91, 0x00, 0x87, 0xbf,
  0xff, 0x2a, 0x28, 0x02, 0x00, 0x00, 0xff, 0x7f, 0x23, 0x29, 0x28, 0x10, 0x21, 0x01, 0x87, 0xbf,
  0x15, 0x00, 0x10, 0xd6, 0x14, 0x21, 0x05, 0x02, 0x14, 0x29, 0x2e, 0x7c, 0x15, 0x00, 0x55, 0xd6,
  0x14, 0x2b, 0xfe, 0x03, 0xff, 0x7f, 0x00, 0x00, 0x90, 0xd2, 0x28, 0x30, 0x92, 0x00, 0x87, 0xbf,
  0x90, 0x2a, 0x2a, 0x32, 0xcb, 0x29, 0xd2, 0xc8, 0xff, 0x2a, 0x14, 0x14, 0xff, 0x7f, 0x00, 0x00,
  0x21, 0x01, 0x87, 0xbf, 0x90, 0x28, 0x9a, 0x32, 0x00, 0x00, 0x17, 0xd4, 0x14, 0x29, 0x02, 0x00,
  0x81, 0x9a, 0x9a, 0x36, 0x91, 0x00, 0x87, 0xbf, 0x4d, 0x00, 0x55, 0xd6, 0x14, 0x9b, 0xfe, 0x03,
  0xff, 0x7f, 0x00, 0x00, 0xff, 0x9a, 0x9a, 0x36, 0x00, 0x00, 0xff, 0xff, 0x91, 0x00, 0x87, 0xbf,
  0x14, 0x00, 0x01, 0xd5, 0xff, 0x9a, 0x02, 0x00, 0x00, 0x00, 0xff, 0x7f, 0x22, 0x29, 0x28, 0x10,
  0x21, 0x01, 0x87, 0xbf, 0x4d, 0x00, 0x10, 0xd6, 0x14, 0x21, 0x05, 0x02, 0x00, 0x00, 0x17, 0xd4,
  0x14, 0x29, 0x02, 0x00, 0x4d, 0x00, 0x55, 0xd6, 0x14, 0x9b, 0xfe, 0x03, 0xff, 0x7f, 0x00, 0x00,
  0x91, 0x00, 0x87, 0xbf, 0x90, 0x9a, 0x9a, 0x32, 0x14, 0x00, 0x01, 0xd5, 0xff, 0x9a, 0x02, 0x00,
  0xff, 0x7f, 0x00, 0x00, 0xa1, 0x00, 0x87, 0xbf, 0xba, 0x00, 0x44, 0xd6, 0x15, 0x29, 0xfe, 0x03,
  0x00, 0x01, 0x04, 0x05, 0x90, 0xd8, 0x28, 0x30, 0xca, 0x29, 0x28, 0x10, 0x21, 0x01, 0x87, 0xbf,
  0x90, 0x28, 0x2a, 0x32, 0x14, 0x29, 0x2e, 0x7c, 0x81, 0x2a, 0x2a, 0x36, 0x91, 0x00, 0x87, 0xbf,
  0x15, 0x00, 0x55, 0xd6, 0x14, 0x2b, 0xfe, 0x03, 0xff, 0x7f, 0x00, 0x00, 0xff, 0x2a, 0x2a, 0x36,
  0x00, 0x00, 0xff, 0xff, 0x91, 0x00, 0x87, 0xbf, 0xff, 0x2a, 0x28, 0x02, 0x00, 0x00, 0xff, 0x7f,
  0x25, 0x29, 0x28, 0x10, 0x21, 0x01, 0x87, 0xbf, 0x15, 0x00, 0x10, 0xd6, 0x14, 0x21, 0x05, 0x02,
  0x14, 0x29, 0x2e, 0x7c, 0x15, 0x00, 0x55, 0xd6, 0x14, 0x2b, 0xfe, 0x03, 0xff, 0x7f, 0x00, 0x00,
  0x90, 0xd6, 0x28, 0x30, 0x92, 0x00, 0x87, 0xbf, 0x90, 0x2a, 0x2a, 0x32, 0xc9, 0x29, 0xd2, 0xc8,
  0xff, 0x2a, 0x14, 0x14, 0xff, 0x7f, 0x00, 0x00, 0x21, 0x01, 0x87, 0xbf, 0x90, 0x28, 0x9a, 0x32,
  0x00, 0x00, 0x17, 0xd4, 0x14, 0x29, 0x02, 0x00, 0x81, 0x9a, 0x9a, 0x36, 0x91, 0x00, 0x87, 0xbf,
  0x4d, 0x00, 0x55, 0xd6, 0x14, 0x9b, 0xfe, 0x03, 0xff, 0x7f, 0x00, 0x00, 0xff, 0x9a, 0x9a, 0x36,
  0x00, 0x00, 0xff, 0xff, 0x91, 0x00, 0x87, 0xbf, 0x14, 0x00, 0x01, 0xd5, 0xff, 0x9a, 0x02, 0x00,
  0x00, 0x00, 0xff, 0x7f, 0x24, 0x29, 0x28, 0x10, 0x21, 0x01, 0x87, 0xbf, 0x4d, 0x00, 0x10, 0xd6,
  0x14, 0x21, 0x05, 0x02, 0x00, 0x00, 0x17, 0xd4, 0x14, 0x29, 0x02, 0x00, 0x4d, 0x00, 0x55, 0xd6,
  0x14, 0x9b, 0xfe, 0x03, 0xff, 0x7f, 0x00, 0x00, 0x91, 0x00, 0x87, 0xbf, 0x90, 0x9a, 0x9a, 0x32,
  0x14, 0x00, 0x01, 0xd5, 0xff, 0x9a, 0x02, 0x00, 0xff, 0x7f, 0x00, 0x00, 0x01, 0x00, 0x87, 0xbf,
  0xb9, 0x00, 0x44, 0xd6, 0x15, 0x29, 0xfe, 0x03, 0x00, 0x01, 0x04, 0x05, 0x18, 0x20, 0x9e, 0xbe,
  0x16, 0x01, 0xa5, 0xbf, 0x07, 0x00, 0x85, 0xbf, 0x50, 0x02, 0x5d, 0xdc, 0x00, 0x00, 0x7c, 0x79,
  0x60, 0x02, 0x5d, 0xdc, 0x00, 0x00, 0x7c, 0x7d, 0x70, 0x02, 0x5d, 0xdc, 0x00, 0x00, 0x7c, 0xc1,
  0x80, 0x02, 0x5d, 0xdc, 0x00, 0x00, 0x7c, 0xc5, 0x90, 0x02, 0x5d, 0xdc, 0x00, 0x00, 0x7c, 0xc9,
  0xa0, 0x02, 0x5d, 0xdc, 0x00, 0x00, 0x7c, 0xcd, 0xb0, 0x02, 0x5d, 0xdc, 0x00, 0x00, 0x7c, 0xd1,
  0xc0, 0x02, 0x5d, 0xdc, 0x00, 0x00, 0x7c, 0xd5, 0x17, 0x00, 0x10, 0xca, 0x16, 0x00, 0x62, 0x63,
  0x15, 0x00, 0x10, 0xca, 0x14, 0x00, 0x60, 0x61, 0x13, 0x00, 0x10, 0xca, 0x12, 0x00, 0x5e, 0x5f,
  0x11, 0x00, 0x10, 0xca, 0x10, 0x00, 0x5c, 0x5d, 0xf7, 0x1b, 0x89, 0xbf, 0xa1, 0x00, 0x87, 0xbf,
  0x64, 0x40, 0x41, 0xcc, 0xa1, 0xf3, 0x72, 0x1d, 0xf7, 0x13, 0x89, 0xbf, 0x64, 0x40, 0x41, 0xcc,
  0xa9, 0x83, 0x93, 0x1d, 0xf7, 0x0b, 0x89, 0xbf, 0xa1, 0x00, 0x87, 0xbf, 0x64, 0x40, 0x41, 0xcc,
  0xb1, 0x93, 0x93, 0x1d, 0xf7, 0x03, 0x89, 0xbf, 0x64, 0x40, 0x41, 0xcc, 0xb9, 0xa3, 0x93, 0x1d,
  0x11, 0x01, 0x87, 0xbf, 0x14, 0x00, 0x10, 0xd6, 0x6b, 0x21, 0x05, 0x02, 0x15, 0x00, 0x10, 0xd6,
  0x6a, 0x21, 0x05, 0x02, 0x13, 0x02, 0x87, 0xbf, 0x4d, 0x00, 0x10, 0xd6, 0x69, 0x21, 0x05, 0x02,
  0x4e, 0x00, 0x10, 0xd6, 0x68, 0x21, 0x05, 0x02, 0x4f, 0x00, 0x10, 0xd6, 0x67, 0x21, 0x05, 0x02,
  0x50, 0x00, 0x10, 0xd6, 0x66, 0x21, 0x05, 0x02, 0x51, 0x00, 0x10, 0xd6, 0x65, 0x21, 0x05, 0x02,
  0x52, 0x00, 0x10, 0xd6, 0x64, 0x21, 0x05, 0x02, 0x14, 0x00, 0x55, 0xd6, 0x6b, 0x29, 0xfe, 0x03,
  0xff, 0x7f, 0x00, 0x00, 0x15, 0x00, 0x55, 0xd6, 0x6a, 0x2b, 0xfe, 0x03, 0xff, 0x7f, 0x00, 0x00,
  0x4d, 0x00, 0x55, 0xd6, 0x69, 0x9b, 0xfe, 0x03, 0xff, 0x7f, 0x00, 0x00, 0x4e, 0x00, 0x55, 0xd6,
  0x68, 0x9d, 0xfe, 0x03, 0xff, 0x7f, 0x00, 0x00, 0x4f, 0x00, 0x55, 0xd6, 0x67, 0x9f, 0xfe, 0x03,
  0xff, 0x7f, 0x00, 0x00, 0x50, 0x00, 0x55, 0xd6, 0x66, 0xa1, 0xfe, 0x03, 0xff, 0x7f, 0x00, 0x00,
  0x51, 0x00, 0x55, 0xd6, 0x65, 0xa3, 0xfe, 0x03, 0xff, 0x7f, 0x00, 0x00, 0x52, 0x00, 0x55, 0xd6,
  0x64, 0xa5, 0xfe, 0x03, 0xff, 0x7f, 0x00, 0x00, 0x6b, 0xd7, 0x2e, 0x7c, 0x00, 0x00, 0x17, 0xd4,
  0x6a, 0xd5, 0x02, 0x00, 0x01, 0x00, 0x17, 0xd4, 0x69, 0xd3, 0x02, 0x00, 0x02, 0x00, 0x17, 0xd4,
  0x68, 0xd1, 0x02, 0x00, 0x03, 0x00, 0x17, 0xd4, 0x67, 0xcf, 0x02, 0x00, 0x04, 0x00, 0x17, 0xd4,
  0x66, 0xcd, 0x02, 0x00, 0x05, 0x00, 0x17, 0xd4, 0x65, 0xcb, 0x02, 0x00, 0x06, 0x00, 0x17, 0xd4,
  0x64, 0xc9, 0x02, 0x00, 0x64, 0x40, 0x41, 0xcc, 0x81, 0xf3, 0x72, 0x1d, 0x90, 0x28, 0xd8, 0x32,
  0x90, 0x2a, 0xf0, 0x32, 0x90, 0x9a, 0x9a, 0x32, 0x04, 0x00, 0x87, 0xbf, 0x64, 0x40, 0x41, 0xcc,
  0x89, 0x83, 0x93, 0x1d, 0x90, 0x9c, 0x9c, 0x32, 0x90, 0x9e, 0x9e, 0x32, 0x90, 0xa0, 0xa0, 0x32,
  0x90, 0xa2, 0xa2, 0x32, 0x64, 0x40, 0x41, 0xcc, 0x91, 0x93, 0x93, 0x1d, 0x90, 0xa4, 0xa4, 0x32,
  0x4d, 0x00, 0x01, 0xd5, 0xff, 0x9a, 0x06, 0x00, 0xff, 0x7f, 0x00, 0x00, 0x50, 0x00, 0x01, 0xd5,
  0xff, 0xa0, 0x12, 0x00, 0xff, 0x7f, 0x00, 0x00, 0x51, 0x00, 0x01, 0xd5, 0xff, 0xa2, 0x16, 0x00,
  0xff, 0x7f, 0x00, 0x00, 0x64, 0x40, 0x41, 0xcc, 0x99, 0xa3, 0x93, 0x1d, 0x52, 0x00, 0x01, 0xd5,
  0xff, 0xa4, 0x1a, 0x00, 0xff, 0x7f, 0x00, 0x00, 0x4f, 0x00, 0x01, 0xd5, 0xff, 0x9e, 0x0e, 0x00,
  0xff, 0x7f, 0x00, 0x00, 0x4e, 0x00, 0x01, 0xd5, 0xff, 0x9c, 0x0a, 0x00, 0xff, 0x7f, 0x00, 0x00,
  0x04, 0x00, 0x87, 0xbf, 0x14, 0x00, 0x10, 0xd6, 0x6b, 0x21, 0x05, 0x02, 0x15, 0x00, 0x10, 0xd6,
  0x6a, 0x21, 0x05, 0x02, 0x5f, 0x00, 0x10, 0xd6, 0x64, 0x21, 0x05, 0x02, 0x0b, 0x00, 0x17, 0xd4,
  0x64, 0xc9, 0x02, 0x00, 0x61, 0x00, 0x10, 0xd6, 0x65, 0x21, 0x05, 0x02, 0x14, 0x00, 0x55, 0xd6,
  0x6b, 0x29, 0xfe, 0x03, 0xff, 0x7f, 0x00, 0x00, 0x15, 0x00, 0x55, 0xd6, 0x6a, 0x2b, 0xfe, 0x03,
  0xff, 0x7f, 0x00, 0x00, 0x5f, 0x00, 0x55, 0xd6, 0x64, 0xbf, 0xfe, 0x03, 0xff, 0x7f, 0x00, 0x00,
  0x60, 0x00, 0x10, 0xd6, 0x66, 0x21, 0x05, 0x02, 0x5c, 0x00, 0x10, 0xd6, 0x69, 0x21, 0x05, 0x02,
  0x90, 0x28, 0xba, 0x32, 0x90, 0x2a, 0xbc, 0x32, 0x14, 0x00, 0x10, 0xd6, 0x68, 0x21, 0x05, 0x02,
  0x15, 0x00, 0x10, 0xd6, 0x67, 0x21, 0x05, 0x02, 0x90, 0xbe, 0xbe, 0x32, 0x61, 0x00, 0x55, 0xd6,
  0x65, 0xc3, 0xfe, 0x03, 0xff, 0x7f, 0x00, 0x00, 0x60, 0x00, 0x55, 0xd6, 0x66, 0xc1, 0xfe, 0x03,
  0xff, 0x7f, 0x00, 0x00, 0x14, 0x00, 0x55, 0xd6, 0x68, 0x29, 0xfe, 0x03, 0xff, 0x7f, 0x00, 0x00,
  0x15, 0x00, 0x55, 0xd6, 0x67, 0x2b, 0xfe, 0x03, 0xff, 0x7f, 0x00, 0x00, 0x5f, 0x00, 0x01, 0xd5,
  0xff, 0xbe, 0x2e, 0x00, 0xff, 0x7f, 0x00, 0x00, 0x5c, 0x00, 0x55, 0xd6, 0x69, 0xb9, 0xfe, 0x03,
  0xff, 0x7f, 0x00, 0x00, 0x90, 0xc2, 0xc2, 0x32, 0x90, 0x28, 0xc6, 0x32, 0x90, 0x2a, 0xc4, 0x32,
  0xec, 0x00, 0x55, 0xdc, 0x00, 0x00, 0x7c, 0x14, 0x0c, 0x00, 0x17, 0xd4, 0x65, 0xcb, 0x02, 0x00,
  0x90, 0xc0, 0xc0, 0x32, 0x0d, 0x00, 0x17, 0xd4, 0x66, 0xcd, 0x02, 0x00, 0x0a, 0x00, 0x17, 0xd4,
  0x67, 0xcf, 0x02, 0x00, 0x0e, 0x00, 0x17, 0xd4, 0x68, 0xd1, 0x02, 0x00, 0x90, 0xb8, 0xb8, 0x32,
  0x09, 0x00, 0x17, 0xd4, 0x69, 0xd3, 0x02, 0x00, 0x07, 0x00, 0x17, 0xd4, 0x6b, 0xd7, 0x02, 0x00,
  0x08, 0x00, 0x17, 0xd4, 0x6a, 0xd5, 0x02, 0x00, 0x60, 0x00, 0x01, 0xd5, 0xff, 0xc0, 0x36, 0x00,
  0xff, 0x7f, 0x00, 0x00, 0x64, 0x00, 0x01, 0xd5, 0xff, 0xf0, 0x02, 0x00, 0xff, 0x7f, 0x00, 0x00,
  0x5c, 0x00, 0x01, 0xd5, 0xff, 0xb8, 0x26, 0x00, 0xff, 0x7f, 0x00, 0x00, 0x5d, 0x00, 0x01, 0xd5,
  0xff, 0xba, 0x1e, 0x00, 0xff, 0x7f, 0x00, 0x00, 0x5e, 0x00, 0x01, 0xd5, 0xff, 0xbc, 0x22, 0x00,
  0xff, 0x7f, 0x00, 0x00, 0xf7, 0x03, 0x89, 0xbf, 0x14, 0x0f, 0x00, 0xd7, 0x1c, 0x28, 0x02, 0x00,
  0xb1, 0x00, 0x87, 0xbf, 0x15, 0x7c, 0x20, 0xd5, 0x1d, 0x2a, 0x3e, 0x00, 0x00, 0x00, 0x66, 0xdc,
  0x14, 0x5f, 0x7c, 0x00, 0x14, 0x0b, 0x00, 0xd7, 0x76, 0x01, 0x02, 0x00, 0x15, 0x7c, 0x20, 0xd5,
  0x80, 0xee, 0x2e, 0x00, 0x5f, 0x00, 0x01, 0xd5, 0xff, 0xc2, 0x32, 0x00, 0xff, 0x7f, 0x00, 0x00,
  0x61, 0x00, 0x01, 0xd5, 0xff, 0xc4, 0x2a, 0x00, 0xff, 0x7f, 0x00, 0x00, 0x62, 0x00, 0x01, 0xd5,
  0xff, 0xc6, 0x3a, 0x00, 0xff, 0x7f, 0x00, 0x00, 0x24, 0x01, 0x87, 0xbf, 0x14, 0x00, 0x3c, 0xd7,
  0x81, 0x28, 0x02, 0x00, 0xff, 0xd8, 0xc6, 0x02, 0xff, 0x7f, 0x00, 0x00, 0x14, 0x0b, 0x00, 0xd7,
  0x1c, 0x28, 0x02, 0x00, 0x01, 0x00, 0x87, 0xbf, 0x15, 0x7c, 0x20, 0xd5, 0x1d, 0x2a, 0x2e, 0x00,
  0x0e, 0x00, 0x85, 0xbf, 0x04, 0x00, 0x66, 0xdc, 0x14, 0x5f, 0x7c, 0x00, 0x08, 0x00, 0x66, 0xdc,
  0x14, 0x60, 0x7c, 0x00, 0x0c, 0x00, 0x66, 0xdc, 0x14, 0x61, 0x7c, 0x00, 0x10, 0x00, 0x66, 0xdc,
  0x14, 0x62, 0x7c, 0x00, 0x14, 0x00, 0x66, 0xdc, 0x14, 0x5c, 0x7c, 0x00, 0x18, 0x00, 0x66, 0xdc,
  0x14, 0x5e, 0x7c, 0x00, 0x1c, 0x00, 0x66, 0xdc, 0x14, 0x5d, 0x7c, 0x00, 0x40, 0x00, 0x66, 0xdc,
  0x14, 0x52, 0x7c, 0x00, 0x44, 0x00, 0x66, 0xdc, 0x14, 0x51, 0x7c, 0x00, 0x48, 0x00, 0x66, 0xdc,
  0x14, 0x50, 0x7c, 0x00, 0x4c, 0x00, 0x66, 0xdc, 0x14, 0x4f, 0x7c, 0x00, 0x50, 0x00, 0x66, 0xdc,
  0x14, 0x4e, 0x7c, 0x00, 0x54, 0x00, 0x66, 0xdc, 0x14, 0x4d, 0x7c, 0x00, 0x58, 0x00, 0x66, 0xdc,
  0x14, 0x64, 0x7c, 0x00, 0x5c, 0x00, 0x66, 0xdc, 0x14, 0x63, 0x7c, 0x00, 0x7e, 0x1e, 0x7e, 0x8c,
  0x0d, 0x6a, 0x00, 0xd7, 0x1c, 0x1a, 0x02, 0x00, 0x01, 0x00, 0x87, 0xbf, 0x0e, 0x7c, 0x20, 0xd5,
  0x1d, 0x1c, 0xaa, 0x01, 0x19, 0x20, 0x8f, 0xbe, 0x01, 0x01, 0xa5, 0xbf, 0x07, 0x00, 0x85, 0xbf,
  0xd0, 0x01, 0x5d, 0xdc, 0x00, 0x00, 0x7c, 0x78, 0xe0, 0x01, 0x5d, 0xdc, 0x00, 0x00, 0x7c, 0x7c,
  0xf0, 0x01, 0x5d, 0xdc, 0x00, 0x00, 0x7c, 0xc1, 0x00, 0x02, 0x5d, 0xdc, 0x00, 0x00, 0x7c, 0xc5,
  0x10, 0x02, 0x5d, 0xdc, 0x00, 0x00, 0x7c, 0xc9, 0x20, 0x02, 0x5d, 0xdc, 0x00, 0x00, 0x7c, 0xcd,
  0x30, 0x02, 0x5d, 0xdc, 0x00, 0x00, 0x7c, 0xd1, 0x40, 0x02, 0x5d, 0xdc, 0x00, 0x00, 0x7c, 0xd5,
  0x17, 0x00, 0x10, 0xca, 0x16, 0x00, 0x62, 0x63, 0x15, 0x00, 0x10, 0xca, 0x14, 0x00, 0x60, 0x61,
  0x13, 0x00, 0x10, 0xca, 0x12, 0x00, 0x5e, 0x5f, 0x11, 0x00, 0x10, 0xca, 0x10, 0x00, 0x5c, 0x5d,
  0xf7, 0x1b, 0x89, 0xbf, 0xa1, 0x00, 0x87, 0xbf, 0x64, 0x40, 0x41, 0xcc, 0xa1, 0xf1, 0x72, 0x1d,
  0xf7, 0x13, 0x89, 0xbf, 0x64, 0x40, 0x41, 0xcc, 0xa9, 0x83, 0x93, 0x1d, 0xf7, 0x0b, 0x89, 0xbf,
  0xa1, 0x00, 0x87, 0xbf, 0x64, 0x40, 0x41, 0xcc, 0xb1, 0x93, 0x93, 0x1d, 0xf7, 0x03, 0x89, 0xbf,
  0x64, 0x40, 0x41, 0xcc, 0xb9, 0xa3, 0x93, 0x1d, 0x11, 0x01, 0x87, 0xbf, 0x14, 0x00, 0x10, 0xd6,
  0x64, 0x21, 0x05, 0x02, 0x15, 0x00, 0x10, 0xd6, 0x65, 0x21, 0x05, 0x02, 0x13, 0x02, 0x87, 0xbf,
  0x4d, 0x00, 0x10, 0xd6, 0x66, 0x21, 0x05, 0x02, 0x4e, 0x00, 0x10, 0xd6, 0x67, 0x21, 0x05, 0x02,
  0x4f, 0x00, 0x10, 0xd6, 0x68, 0x21, 0x05, 0x02, 0x50, 0x00, 0x10, 0xd6, 0x69, 0x21, 0x05, 0x02,
  0x51, 0x00, 0x10, 0xd6, 0x6a, 0x21, 0x05, 0x02, 0x52, 0x00, 0x10, 0xd6, 0x6b, 0x21, 0x05, 0x02,
  0x14, 0x00, 0x55, 0xd6, 0x64, 0x29, 0xfe, 0x03, 0xff, 0x7f, 0x00, 0x00, 0x15, 0x00, 0x55, 0xd6,
  0x65, 0x2b, 0xfe, 0x03, 0xff, 0x7f, 0x00, 0x00, 0x4d, 0x00, 0x55, 0xd6, 0x66, 0x9b, 0xfe, 0x03,
  0xff, 0x7f, 0x00, 0x00, 0x4e, 0x00, 0x55, 0xd6, 0x67, 0x9d, 0xfe, 0x03, 0xff, 0x7f, 0x00, 0x00,
  0x4f, 0x00, 0x55, 0xd6, 0x68, 0x9f, 0xfe, 0x03, 0xff, 0x7f, 0x00, 0x00, 0x50, 0x00, 0x55, 0xd6,
  0x69, 0xa1, 0xfe, 0x03, 0xff, 0x7f, 0x00, 0x00, 0x51, 0x00, 0x55, 0xd6, 0x6a, 0xa3, 0xfe, 0x03,
  0xff, 0x7f, 0x00, 0x00, 0x52, 0x00, 0x55, 0xd6, 0x6b, 0xa5, 0xfe, 0x03, 0xff, 0x7f, 0x00, 0x00,
  0x64, 0xc9, 0x2e, 0x7c, 0x00, 0x00, 0x17, 0xd4, 0x65, 0xcb, 0x02, 0x00, 0x01, 0x00, 0x17, 0xd4,
  0x66, 0xcd, 0x02, 0x00, 0x02, 0x00, 0x17, 0xd4, 0x67, 0xcf, 0x02, 0x00, 0x03, 0x00, 0x17, 0xd4,
  0x68, 0xd1, 0x02, 0x00, 0x04, 0x00, 0x17, 0xd4, 0x69, 0xd3, 0x02, 0x00, 0x05, 0x00, 0x17, 0xd4,
  0x6a, 0xd5, 0x02, 0x00, 0x06, 0x00, 0x17, 0xd4, 0x6b, 0xd7, 0x02, 0x00, 0x64, 0x40, 0x41, 0xcc,
  0x81, 0xf1, 0x72, 0x1d, 0x90, 0x28, 0x28, 0x32, 0x90, 0x2a, 0x2a, 0x32, 0x90, 0x9a, 0x9a, 0x32,
  0x04, 0x00, 0x87, 0xbf, 0x64, 0x40, 0x41, 0xcc, 0x89, 0x83, 0x93, 0x1d, 0x90, 0x9c, 0x9c, 0x32,
  0x90, 0x9e, 0x9e, 0x32, 0x90, 0xa0, 0xa0, 0x32, 0x90, 0xa2, 0xa2, 0x32, 0x64, 0x40, 0x41, 0xcc,
  0x91, 0x93, 0x93, 0x1d, 0x90, 0xa4, 0xa4, 0x32, 0xff, 0x28, 0x28, 0x02, 0xff, 0x7f, 0x00, 0x00,
  0x15, 0x00, 0x01, 0xd5, 0xff, 0x2a, 0x02, 0x00, 0xff, 0x7f, 0x00, 0x00, 0x4d, 0x00, 0x01, 0xd5,
  0xff, 0x9a, 0x06, 0x00, 0xff, 0x7f, 0x00, 0x00, 0x64, 0x40, 0x41, 0xcc, 0x99, 0xa3, 0x93, 0x1d,
  0x4e, 0x00, 0x01, 0xd5, 0xff, 0x9c, 0x0a, 0x00, 0xff, 0x7f, 0x00, 0x00, 0x4f, 0x00, 0x01, 0xd5,
  0xff, 0x9e, 0x0e, 0x00, 0xff, 0x7f, 0x00, 0x00, 0x50, 0x00, 0x01, 0xd5, 0xff, 0xa0, 0x12, 0x00,
  0xff, 0x7f, 0x00, 0x00, 0x51, 0x00, 0x01, 0xd5, 0xff, 0xa2, 0x16, 0x00, 0xff, 0x7f, 0x00, 0x00,
  0x60, 0x00, 0x10, 0xd6, 0x64, 0x21, 0x05, 0x02, 0x5c, 0x00, 0x10, 0xd6, 0x65, 0x21, 0x05, 0x02,
  0x5d, 0x00, 0x10, 0xd6, 0x66, 0x21, 0x05, 0x02, 0x5e, 0x00, 0x10, 0xd6, 0x67, 0x21, 0x05, 0x02,
  0x5f, 0x00, 0x10, 0xd6, 0x68, 0x21, 0x05, 0x02, 0x60, 0x00, 0x55, 0xd6, 0x64, 0xc1, 0xfe, 0x03,
  0xff, 0x7f, 0x00, 0x00, 0x61, 0x00, 0x10, 0xd6, 0x69, 0x21, 0x05, 0x02, 0x62, 0x00, 0x10, 0xd6,
  0x6a, 0x21, 0x05, 0x02, 0x63, 0x00, 0x10, 0xd6, 0x6b, 0x21, 0x05, 0x02, 0x5c, 0x00, 0x55, 0xd6,
  0x65, 0xb9, 0xfe, 0x03, 0xff, 0x7f, 0x00, 0x00, 0x5d, 0x00, 0x55, 0xd6, 0x66, 0xbb, 0xfe, 0x03,
  0xff, 0x7f, 0x00, 0x00, 0x5e, 0x00, 0x55, 0xd6, 0x67, 0xbd, 0xfe, 0x03, 0xff, 0x7f, 0x00, 0x00,
  0x5f, 0x00, 0x55, 0xd6, 0x68, 0xbf, 0xfe, 0x03, 0xff, 0x7f, 0x00, 0x00, 0x61, 0x00, 0x55, 0xd6,
  0x69, 0xc3, 0xfe, 0x03, 0xff, 0x7f, 0x00, 0x00, 0x62, 0x00, 0x55, 0xd6, 0x6a, 0xc5, 0xfe, 0x03,
  0xff, 0x7f, 0x00, 0x00, 0x63, 0x00, 0x55, 0xd6, 0x6b, 0xc7, 0xfe, 0x03, 0xff, 0x7f, 0x00, 0x00,
  0x90, 0xc0, 0xc0, 0x32, 0x0e, 0x00, 0x17, 0xd4, 0x64, 0xc9, 0x02, 0x00, 0x90, 0xb8, 0xb8, 0x32,
  0x07, 0x00, 0x17, 0xd4, 0x65, 0xcb, 0x02, 0x00, 0x90, 0xba, 0xba, 0x32, 0x08, 0x00, 0x17, 0xd4,
  0x66, 0xcd, 0x02, 0x00, 0x90, 0xbc, 0xbc, 0x32, 0x09, 0x00, 0x17, 0xd4, 0x67, 0xcf, 0x02, 0x00,
  0x90, 0xbe, 0xbe, 0x32, 0x0a, 0x00, 0x17, 0xd4, 0x68, 0xd1, 0x02, 0x00, 0x90, 0xc2, 0xc2, 0x32,
  0x0b, 0x00, 0x17, 0xd4, 0x69, 0xd3, 0x02, 0x00, 0x90, 0xc4, 0xc4, 0x32, 0x0c, 0x00, 0x17, 0xd4,
  0x6a, 0xd5, 0x02, 0x00, 0x90, 0xc6, 0xc6, 0x32, 0x0d, 0x00, 0x17, 0xd4, 0x6b, 0xd7, 0x02, 0x00,
  0x60, 0x00, 0x01, 0xd5, 0xff, 0xc0, 0x3a, 0x00, 0xff, 0x7f, 0x00, 0x00, 0x5c, 0x00, 0x01, 0xd5,
  0xff, 0xb8, 0x1e, 0x00, 0xff, 0x7f, 0x00, 0x00, 0x5d, 0x00, 0x01, 0xd5, 0xff, 0xba, 0x22, 0x00,
  0xff, 0x7f, 0x00, 0x00, 0x5e, 0x00, 0x01, 0xd5, 0xff, 0xbc, 0x26, 0x00, 0xff, 0x7f, 0x00, 0x00,
  0x5f, 0x00, 0x01, 0xd5, 0xff, 0xbe, 0x2a, 0x00, 0xff, 0x7f, 0x00, 0x00, 0x61, 0x00, 0x01, 0xd5,
  0xff, 0xc2, 0x2e, 0x00, 0xff, 0x7f, 0x00, 0x00, 0x62, 0x00, 0x01, 0xd5, 0xff, 0xc4, 0x32, 0x00,
  0xff, 0x7f, 0x00, 0x00, 0x63, 0x00, 0x01, 0xd5, 0xff, 0xc6, 0x36, 0x00, 0xff, 0x7f, 0x00, 0x00,
  0x52, 0x00, 0x01, 0xd5, 0xff, 0xa4, 0x1a, 0x00, 0xff, 0x7f, 0x00, 0x00, 0x0f, 0x00, 0x85, 0xbf,
  0x00, 0x00, 0x66, 0xdc, 0x0d, 0x60, 0x7c, 0x00, 0x04, 0x00, 0x66, 0xdc, 0x0d, 0x5c, 0x7c, 0x00,
  0x08, 0x00, 0x66, 0xdc, 0x0d, 0x5d, 0x7c, 0x00, 0x0c, 0x00, 0x66, 0xdc, 0x0d, 0x5e, 0x7c, 0x00,
  0x10, 0x00, 0x66, 0xdc, 0x0d, 0x5f, 0x7c, 0x00, 0x14, 0x00, 0x66, 0xdc, 0x0d, 0x61, 0x7c, 0x00,
  0x18, 0x00, 0x66, 0xdc, 0x0d, 0x62, 0x7c, 0x00, 0x1c, 0x00, 0x66, 0xdc, 0x0d, 0x63, 0x7c, 0x00,
  0x40, 0x00, 0x66, 0xdc, 0x0d, 0x14, 0x7c, 0x00, 0x44, 0x00, 0x66, 0xdc, 0x0d, 0x15, 0x7c, 0x00,
  0x48, 0x00, 0x66, 0xdc, 0x0d, 0x4d, 0x7c, 0x00, 0x4c, 0x00, 0x66, 0xdc, 0x0d, 0x4e, 0x7c, 0x00,
  0x50, 0x00, 0x66, 0xdc, 0x0d, 0x4f, 0x7c, 0x00, 0x54, 0x00, 0x66, 0xdc, 0x0d, 0x50, 0x7c, 0x00,
  0x58, 0x00, 0x66, 0xdc, 0x0d, 0x51, 0x7c, 0x00, 0x5c, 0x00, 0x66, 0xdc, 0x0d, 0x52, 0x7c, 0x00,
  0x7e, 0x0f, 0x7e, 0x8c, 0x0f, 0x6a, 0x00, 0xd7, 0x1c, 0x1e, 0x02, 0x00, 0x01, 0x00, 0x87, 0xbf,
  0x10, 0x7c, 0x20, 0xd5, 0x1d, 0x20, 0xaa, 0x01, 0x1a, 0x20, 0x8f, 0xbe, 0x03, 0x01, 0xa5, 0xbf,
  0x07, 0x00, 0x85, 0xbf, 0x50, 0x01, 0x5d, 0xdc, 0x00, 0x00, 0x7c, 0x78, 0x60, 0x01, 0x5d, 0xdc,
  0x00, 0x00, 0x7c, 0x7c, 0x70, 0x01, 0x5d, 0xdc, 0x00, 0x00, 0x7c, 0xd4, 0x80, 0x01, 0x5d, 0xdc,
  0x00, 0x00, 0x7c, 0xd8, 0x90, 0x01, 0x5d, 0xdc, 0x00, 0x00, 0x7c, 0xc1, 0xa0, 0x01, 0x5d, 0xdc,
  0x00, 0x00, 0x7c, 0xc5, 0xb0, 0x01, 0x5d, 0xdc, 0x00, 0x00, 0x7c, 0xc9, 0xc0, 0x01, 0x5d, 0xdc,
  0x00, 0x00, 0x7c, 0xcd, 0x17, 0x00, 0x10, 0xca, 0x16, 0x00, 0x62, 0x63, 0x15, 0x00, 0x10, 0xca,
  0x14, 0x00, 0x60, 0x61, 0x13, 0x00, 0x10, 0xca, 0x12, 0x00, 0x5e, 0x5f, 0x11, 0x00, 0x10, 0xca,
  0x10, 0x00, 0x5c, 0x5d, 0xf7, 0x1b, 0x89, 0xbf, 0xa1, 0x00, 0x87, 0xbf, 0x64, 0x40, 0x41, 0xcc,
  0xa1, 0xf1, 0x72, 0x1d, 0xf7, 0x13, 0x89, 0xbf, 0x64, 0x40, 0x41, 0xcc, 0xa9, 0xa9, 0x93, 0x1d,
  0xf7, 0x0b, 0x89, 0xbf, 0xa1, 0x00, 0x87, 0xbf, 0x64, 0x40, 0x41, 0xcc, 0xb1, 0x83, 0x93, 0x1d,
  0xf7, 0x03, 0x89, 0xbf, 0x64, 0x40, 0x41, 0xcc, 0xb9, 0x93, 0x93, 0x1d, 0x11, 0x01, 0x87, 0xbf,
  0x14, 0x00, 0x10, 0xd6, 0x64, 0x21, 0x05, 0x02, 0x15, 0x00, 0x10, 0xd6, 0x65, 0x21, 0x05, 0x02,
  0x13, 0x02, 0x87, 0xbf, 0x4d, 0x00, 0x10, 0xd6, 0x66, 0x21, 0x05, 0x02, 0x4e, 0x00, 0x10, 0xd6,
  0x67, 0x21, 0x05, 0x02, 0x4f, 0x00, 0x10, 0xd6, 0x68, 0x21, 0x05, 0x02, 0x50, 0x00, 0x10, 0xd6,
  0x69, 0x21, 0x05, 0x02, 0x51, 0x00, 0x10, 0xd6, 0x6a, 0x21, 0x05, 0x02, 0x52, 0x00, 0x10, 0xd6,
  0x6b, 0x21, 0x05, 0x02, 0x14, 0x00, 0x55, 0xd6, 0x64, 0x29, 0xfe, 0x03, 0xff, 0x7f, 0x00, 0x00,
  0x15, 0x00, 0x55, 0xd6, 0x65, 0x2b, 0xfe, 0x03, 0xff, 0x7f, 0x00, 0x00, 0x4d, 0x00, 0x55, 0xd6,
  0x66, 0x9b, 0xfe, 0x03, 0xff, 0x7f, 0x00, 0x00, 0x4e, 0x00, 0x55, 0xd6, 0x67, 0x9d, 0xfe, 0x03,
  0xff, 0x7f, 0x00, 0x00, 0x4f, 0x00, 0x55, 0xd6, 0x68, 0x9f, 0xfe, 0x03, 0xff, 0x7f, 0x00, 0x00,
  0x50, 0x00, 0x55, 0xd6, 0x69, 0xa1, 0xfe, 0x03, 0xff, 0x7f, 0x00, 0x00, 0x51, 0x00, 0x55, 0xd6,
  0x6a, 0xa3, 0xfe, 0x03, 0xff, 0x7f, 0x00, 0x00, 0x52, 0x00, 0x55, 0xd6, 0x6b, 0xa5, 0xfe, 0x03,
  0xff, 0x7f, 0x00, 0x00, 0x64, 0xc9, 0x2e, 0x7c, 0x00, 0x00, 0x17, 0xd4, 0x65, 0xcb, 0x02, 0x00,
  0x01, 0x00, 0x17, 0xd4, 0x66, 0xcd, 0x02, 0x00, 0x02, 0x00, 0x17, 0xd4, 0x67, 0xcf, 0x02, 0x00,
  0x03, 0x00, 0x17, 0xd4, 0x68, 0xd1, 0x02, 0x00, 0x04, 0x00, 0x17, 0xd4, 0x69, 0xd3, 0x02, 0x00,
  0x05, 0x00, 0x17, 0xd4, 0x6a, 0xd5, 0x02, 0x00, 0x06, 0x00, 0x17, 0xd4, 0x6b, 0xd7, 0x02, 0x00,
  0x64, 0x40, 0x41, 0xcc, 0x81, 0xf1, 0x72, 0x1d, 0x90, 0x28, 0x28, 0x32, 0x90, 0x2a, 0x2a, 0x32,
  0x90, 0x9a, 0x9a, 0x32, 0x04, 0x00, 0x87, 0xbf, 0x64, 0x40, 0x41, 0xcc, 0x89, 0xa9, 0x93, 0x1d,
  0x58, 0x03, 0x5d, 0xdc, 0x00, 0x00, 0x7c, 0xd9, 0x90, 0x9c, 0x9c, 0x32, 0x90, 0x9e, 0x9e, 0x32,
  0x90, 0xa0, 0xa0, 0x32, 0x64, 0x40, 0x41, 0xcc, 0x91, 0x83, 0x93, 0x1d, 0x90, 0xa2, 0xa2, 0x32,
  0x90, 0xa4, 0xa4, 0x32, 0xff, 0x28, 0x28, 0x02, 0xff, 0x7f, 0x00, 0x00, 0x15, 0x00, 0x01, 0xd5,
  0xff, 0x2a, 0x02, 0x00, 0xff, 0x7f, 0x00, 0x00, 0x64, 0x40, 0x41, 0xcc, 0x99, 0x93, 0x93, 0x1d,
  0x4d, 0x00, 0x01, 0xd5, 0xff, 0x9a, 0x06, 0x00, 0xff, 0x7f, 0x00, 0x00, 0x4e, 0x00, 0x01, 0xd5,
  0xff, 0x9c, 0x0a, 0x00, 0xff, 0x7f, 0x00, 0x00, 0x4f, 0x00, 0x01, 0xd5, 0xff, 0x9e, 0x0e, 0x00,
  0xff, 0x7f, 0x00, 0x00, 0x50, 0x00, 0x01, 0xd5, 0xff, 0xa0, 0x12, 0x00, 0xff, 0x7f, 0x00, 0x00,
  0x60, 0x00, 0x10, 0xd6, 0x64, 0x21, 0x05, 0x02, 0x5c, 0x00, 0x10, 0xd6, 0x65, 0x21, 0x05, 0x02,
  0x5d, 0x00, 0x10, 0xd6, 0x66, 0x21, 0x05, 0x02, 0x5e, 0x00, 0x10, 0xd6, 0x67, 0x21, 0x05, 0x02,
  0x5f, 0x00, 0x10, 0xd6, 0x68, 0x21, 0x05, 0x02, 0x60, 0x00, 0x55, 0xd6, 0x64, 0xc1, 0xfe, 0x03,
  0xff, 0x7f, 0x00, 0x00, 0x61, 0x00, 0x10, 0xd6, 0x69, 0x21, 0x05, 0x02, 0x62, 0x00, 0x10, 0xd6,
  0x6a, 0x21, 0x05, 0x02, 0x63, 0x00, 0x10, 0xd6, 0x6b, 0x21, 0x05, 0x02, 0x5c, 0x00, 0x55, 0xd6,
  0x65, 0xb9, 0xfe, 0x03, 0xff, 0x7f, 0x00, 0x00, 0x5d, 0x00, 0x55, 0xd6, 0x66, 0xbb, 0xfe, 0x03,
  0xff, 0x7f, 0x00, 0x00, 0x5e, 0x00, 0x55, 0xd6, 0x67, 0xbd, 0xfe, 0x03, 0xff, 0x7f, 0x00, 0x00,
  0x5f, 0x00, 0x55, 0xd6, 0x68, 0xbf, 0xfe, 0x03, 0xff, 0x7f, 0x00, 0x00, 0x61, 0x00, 0x55, 0xd6,
  0x69, 0xc3, 0xfe, 0x03, 0xff, 0x7f, 0x00, 0x00, 0x62, 0x00, 0x55, 0xd6, 0x6a, 0xc5, 0xfe, 0x03,
  0xff, 0x7f, 0x00, 0x00, 0x63, 0x00, 0x55, 0xd6, 0x6b, 0xc7, 0xfe, 0x03, 0xff, 0x7f, 0x00, 0x00,
  0x90, 0xc0, 0xc0, 0x32, 0x0e, 0x00, 0x17, 0xd4, 0x64, 0xc9, 0x02, 0x00, 0x90, 0xb8, 0xb8, 0x32,
  0x07, 0x00, 0x17, 0xd4, 0x65, 0xcb, 0x02, 0x00, 0x90, 0xba, 0xba, 0x32, 0x08, 0x00, 0x17, 0xd4,
  0x66, 0xcd, 0x02, 0x00, 0x90, 0xbc, 0xbc, 0x32, 0x09, 0x00, 0x17, 0xd4, 0x67, 0xcf, 0x02, 0x00,
  0x90, 0xbe, 0xbe, 0x32, 0x0a, 0x00, 0x17, 0xd4, 0x68, 0xd1, 0x02, 0x00, 0x90, 0xc2, 0xc2, 0x32,
  0x0b, 0x00, 0x17, 0xd4, 0x69, 0xd3, 0x02, 0x00, 0x90, 0xc4, 0xc4, 0x32, 0x0c, 0x00, 0x17, 0xd4,
  0x6a, 0xd5, 0x02, 0x00, 0x90, 0xc6, 0xc6, 0x32, 0x0d, 0x00, 0x17, 0xd4, 0x6b, 0xd7, 0x02, 0x00,
  0x60, 0x00, 0x01, 0xd5, 0xff, 0xc0, 0x3a, 0x00, 0xff, 0x7f, 0x00, 0x00, 0x5c, 0x00, 0x01, 0xd5,
  0xff, 0xb8, 0x1e, 0x00, 0xff, 0x7f, 0x00, 0x00, 0x5d, 0x00, 0x01, 0xd5, 0xff, 0xba, 0x22, 0x00,
  0xff, 0x7f, 0x00, 0x00, 0x5e, 0x00, 0x01, 0xd5, 0xff, 0xbc, 0x26, 0x00, 0xff, 0x7f, 0x00, 0x00,
  0x5f, 0x00, 0x01, 0xd5, 0xff, 0xbe, 0x2a, 0x00, 0xff, 0x7f, 0x00, 0x00, 0x61, 0x00, 0x01, 0xd5,
  0xff, 0xc2, 0x2e, 0x00, 0xff, 0x7f, 0x00, 0x00, 0x62, 0x00, 0x01, 0xd5, 0xff, 0xc4, 0x32, 0x00,
  0xff, 0x7f, 0x00, 0x00, 0x63, 0x00, 0x01, 0xd5, 0xff, 0xc6, 0x36, 0x00, 0xff, 0x7f, 0x00, 0x00,
  0x51, 0x00, 0x01, 0xd5, 0xff, 0xa2, 0x16, 0x00, 0xff, 0x7f, 0x00, 0x00, 0x52, 0x00, 0x01, 0xd5,
  0xff, 0xa4, 0x1a, 0x00, 0xff, 0x7f, 0x00, 0x00, 0x0f, 0x00, 0x85, 0xbf, 0x00, 0x00, 0x66, 0xdc,
  0x0f, 0x60, 0x7c, 0x00, 0x04, 0x00, 0x66, 0xdc, 0x0f, 0x5c, 0x7c, 0x00, 0x08, 0x00, 0x66, 0xdc,
  0x0f, 0x5d, 0x7c, 0x00, 0x0c, 0x00, 0x66, 0xdc, 0x0f, 0x5e, 0x7c, 0x00, 0x10, 0x00, 0x66, 0xdc,
  0x0f, 0x5f, 0x7c, 0x00, 0x14, 0x00, 0x66, 0xdc, 0x0f, 0x61, 0x7c, 0x00, 0x18, 0x00, 0x66, 0xdc,
  0x0f, 0x62, 0x7c, 0x00, 0x1c, 0x00, 0x66, 0xdc, 0x0f, 0x63, 0x7c, 0x00, 0x40, 0x00, 0x66, 0xdc,
  0x0f, 0x14, 0x7c, 0x00, 0x44, 0x00, 0x66, 0xdc, 0x0f, 0x15, 0x7c, 0x00, 0x48, 0x00, 0x66, 0xdc,
  0x0f, 0x4d, 0x7c, 0x00, 0x4c, 0x00, 0x66, 0xdc, 0x0f, 0x4e, 0x7c, 0x00, 0x50, 0x00, 0x66, 0xdc,
  0x0f, 0x4f, 0x7c, 0x00, 0x54, 0x00, 0x66, 0xdc, 0x0f, 0x50, 0x7c, 0x00, 0x58, 0x00, 0x66, 0xdc,
  0x0f, 0x51, 0x7c, 0x00, 0x5c, 0x00, 0x66, 0xdc, 0x0f, 0x52, 0x7c, 0x00, 0x7e, 0x0f, 0x7e, 0x8c,
  0x11, 0x6a, 0x00, 0xd7, 0x1c, 0x22, 0x02, 0x00, 0x01, 0x00, 0x87, 0xbf, 0x12, 0x7c, 0x20, 0xd5,
  0x1d, 0x24, 0xaa, 0x01, 0x7e, 0x00, 0x80, 0xbe, 0x01, 0x00, 0x85, 0xbf, 0x10, 0x01, 0x5d, 0xdc,
  0x00, 0x00, 0x7c, 0xc5, 0x20, 0x01, 0x5d, 0xdc, 0x00, 0x00, 0x7c, 0xc9, 0x00, 0x1b, 0x01, 0x8b,
  0x09, 0x00, 0x87, 0xbf, 0x01, 0x00, 0xfe, 0xbe, 0xe0, 0x00, 0xa5, 0xbf, 0x01, 0x00, 0x85, 0xbf,
  0xd0, 0x02, 0x5d, 0xdc, 0x00, 0x00, 0x7c, 0x78, 0xe0, 0x02, 0x5d, 0xdc, 0x00, 0x00, 0x7c, 0x7c,
  0x17, 0x00, 0x10, 0xca, 0x16, 0x00, 0x62, 0x63, 0x15, 0x00, 0x10, 0xca, 0x14, 0x00, 0x60, 0x61,
  0x13, 0x00, 0x10, 0xca, 0x12, 0x00, 0x5e, 0x5f, 0x11, 0x00, 0x10, 0xca, 0x10, 0x00, 0x5c, 0x5d,
  0xf7, 0x03, 0x89, 0xbf, 0x01, 0x00, 0x87, 0xbf, 0x64, 0x40, 0x41, 0xcc, 0x81, 0xf1, 0x72, 0x1d,
  0x5c, 0x40, 0x41, 0xcc, 0xa1, 0xf1, 0x72, 0x1d, 0x01, 0x00, 0x85, 0xbf, 0xf0, 0x02, 0x5d, 0xdc,
  0x00, 0x00, 0x7c, 0x78, 0x00, 0x03, 0x5d, 0xdc, 0x00, 0x00, 0x7c, 0x7c, 0xf7, 0x03, 0x89, 0xbf,
  0x64, 0x40, 0x41, 0xcc, 0x89, 0xf1, 0x92, 0x1d, 0x5c, 0x40, 0x41, 0xcc, 0xa9, 0xf1, 0x72, 0x1d,
  0x01, 0x00, 0x85, 0xbf, 0x30, 0x01, 0x5d, 0xdc, 0x00, 0x00, 0x7c, 0x78, 0x40, 0x01, 0x5d, 0xdc,
  0x00, 0x00, 0x7c, 0x7c, 0x64, 0x40, 0x41, 0xcc, 0x91, 0x8b, 0x93, 0x1d, 0x5c, 0x40, 0x41, 0xcc,
  0xb1, 0x8b, 0x73, 0x1d, 0xf7, 0x03, 0x89, 0xbf, 0x12, 0x01, 0x87, 0xbf, 0x64, 0x40, 0x41, 0xcc,
  0x99, 0xf1, 0x92, 0x1d, 0x5c, 0x40, 0x41, 0xcc, 0xb9, 0xf1, 0x72, 0x1d, 0x92, 0x01, 0x87, 0xbf,
  0x14, 0x00, 0x10, 0xd6, 0x64, 0x21, 0x05, 0x02, 0x15, 0x00, 0x10, 0xd6, 0x65, 0x21, 0x05, 0x02,
  0x04, 0x00, 0x87, 0xbf, 0x4d, 0x00, 0x10, 0xd6, 0x66, 0x21, 0x05, 0x02, 0x64, 0xc9, 0x2e, 0x7c,
  0x4e, 0x00, 0x10, 0xd6, 0x67, 0x21, 0x05, 0x02, 0x14, 0x00, 0x55, 0xd6, 0x64, 0x29, 0xfe, 0x03,
  0xff, 0x7f, 0x00, 0x00, 0x15, 0x00, 0x55, 0xd6, 0x65, 0x2b, 0xfe, 0x03, 0xff, 0x7f, 0x00, 0x00,
  0x4d, 0x00, 0x55, 0xd6, 0x66, 0x9b, 0xfe, 0x03, 0xff, 0x7f, 0x00, 0x00, 0x4f, 0x00, 0x10, 0xd6,
  0x68, 0x21, 0x05, 0x02, 0x4e, 0x00, 0x55, 0xd6, 0x67, 0x9d, 0xfe, 0x03, 0xff, 0x7f, 0x00, 0x00,
  0x90, 0x28, 0x28, 0x32, 0x90, 0x2a, 0x2a, 0x32, 0x90, 0x9a, 0x9a, 0x32, 0x50, 0x00, 0x10, 0xd6,
  0x69, 0x21, 0x05, 0x02, 0x4f, 0x00, 0x55, 0xd6, 0x68, 0x9f, 0xfe, 0x03, 0xff, 0x7f, 0x00, 0x00,
  0xff, 0x28, 0x28, 0x02, 0xff, 0x7f, 0x00, 0x00, 0x65, 0xcb, 0x2e, 0x7c, 0x90, 0x9c, 0x9c, 0x32,
  0x51, 0x00, 0x10, 0xd6, 0x6a, 0x21, 0x05, 0x02, 0x50, 0x00, 0x55, 0xd6, 0x69, 0xa1, 0xfe, 0x03,
  0xff, 0x7f, 0x00, 0x00, 0x90, 0x9e, 0x9e, 0x32, 0xff, 0x2a, 0x2a, 0x02, 0xff, 0x7f, 0x00, 0x00,
  0x66, 0xcd, 0x2e, 0x7c, 0x52, 0x00, 0x10, 0xd6, 0x6b, 0x21, 0x05, 0x02, 0x51, 0x00, 0x55, 0xd6,
  0x6a, 0xa3, 0xfe, 0x03, 0xff, 0x7f, 0x00, 0x00, 0x90, 0xa0, 0xa0, 0x32, 0x64, 0x00, 0x10, 0xd6,
  0x5c, 0x21, 0x05, 0x02, 0xff, 0x9a, 0x9a, 0x02, 0xff, 0x7f, 0x00, 0x00, 0x67, 0xcf, 0x2e, 0x7c,
  0x52, 0x00, 0x55, 0xd6, 0x6b, 0xa5, 0xfe, 0x03, 0xff, 0x7f, 0x00, 0x00, 0x90, 0xa2, 0xa2, 0x32,
  0x65, 0x00, 0x10, 0xd6, 0x5d, 0x21, 0x05, 0x02, 0x64, 0x00, 0x55, 0xd6, 0x5c, 0xc9, 0xfe, 0x03,
  0xff, 0x7f, 0x00, 0x00, 0xff, 0x9c, 0x9c, 0x02, 0xff, 0x7f, 0x00, 0x00, 0x68, 0xd1, 0x2e, 0x7c,
  0x90, 0xa4, 0xa4, 0x32, 0x66, 0x00, 0x10, 0xd6, 0x5e, 0x21, 0x05, 0x02, 0x65, 0x00, 0x55, 0xd6,
  0x5d, 0xcb, 0xfe, 0x03, 0xff, 0x7f, 0x00, 0x00, 0x90, 0xc8, 0xc8, 0x32, 0xff, 0x9e, 0x9e, 0x02,
  0xff, 0x7f, 0x00, 0x00, 0x69, 0xd3, 0x2e, 0x7c, 0x66, 0x00, 0x55, 0xd6, 0x5e, 0xcd, 0xfe, 0x03,
  0xff, 0x7f, 0x00, 0x00, 0x67, 0x00, 0x10, 0xd6, 0x5f, 0x21, 0x05, 0x02, 0x90, 0xca, 0xca, 0x32,
  0x68, 0x00, 0x10, 0xd6, 0x62, 0x21, 0x05, 0x02, 0xff, 0xa0, 0xa0, 0x02, 0xff, 0x7f, 0x00, 0x00,
  0x6a, 0xd5, 0x2e, 0x7c, 0x69, 0x00, 0x10, 0xd6, 0x63, 0x21, 0x05, 0x02, 0xff, 0xa2, 0xa2, 0x02,
  0xff, 0x7f, 0x00, 0x00, 0x6b, 0xd7, 0x2e, 0x7c, 0xff, 0xa4, 0xa4, 0x02, 0xff, 0x7f, 0x00, 0x00,
  0x5c, 0xb9, 0x2e, 0x7c, 0xff, 0xc8, 0xb8, 0x02, 0xff, 0x7f, 0x00, 0x00, 0x5d, 0xbb, 0x2e, 0x7c,
  0x90, 0xcc, 0xc8, 0x32, 0x66, 0x00, 0x55, 0xd6, 0x5f, 0xcf, 0xfe, 0x03, 0xff, 0x7f, 0x00, 0x00,
  0x67, 0x00, 0x10, 0xd6, 0x61, 0x21, 0x05, 0x02, 0xff, 0xca, 0xba, 0x02, 0xff, 0x7f, 0x00, 0x00,
  0x65, 0x00, 0x10, 0xd6, 0x60, 0x21, 0x05, 0x02, 0x5e, 0xbd, 0x2e, 0x7c, 0x90, 0xcc, 0xcc, 0x32,
  0xff, 0xc8, 0xbc, 0x02, 0xff, 0x7f, 0x00, 0x00, 0x04, 0x00, 0x87, 0xbf, 0x64, 0x00, 0x55, 0xd6,
  0x60, 0xcb, 0xfe, 0x03, 0xff, 0x7f, 0x00, 0x00, 0x5f, 0xbf, 0x2e, 0x7c, 0x65, 0x00, 0x55, 0xd6,
  0x61, 0xcf, 0xfe, 0x03, 0xff, 0x7f, 0x00, 0x00, 0x67, 0x00, 0x55, 0xd6, 0x62, 0xd1, 0xfe, 0x03,
  0xff, 0x7f, 0x00, 0x00, 0x68, 0x00, 0x55, 0xd6, 0x63, 0xd3, 0xfe, 0x03, 0xff, 0x7f, 0x00, 0x00,
  0x90, 0xc8, 0xc8, 0x32, 0xff, 0xcc, 0xbe, 0x02, 0xff, 0x7f, 0x00, 0x00, 0x60, 0xc1, 0x2e, 0x7c,
  0x90, 0xca, 0xca, 0x32, 0x90, 0xce, 0xce, 0x32, 0x90, 0xd0, 0xd0, 0x32, 0xff, 0xc8, 0xc0, 0x02,
  0xff, 0x7f, 0x00, 0x00, 0x61, 0xc3, 0x2e, 0x7c, 0xff, 0xca, 0xc2, 0x02, 0xff, 0x7f, 0x00, 0x00,
  0x62, 0xc5, 0x2e, 0x7c, 0xff, 0xce, 0xc4, 0x02, 0xff, 0x7f, 0x00, 0x00, 0x63, 0xc7, 0x2e, 0x7c,
  0xff, 0xd0, 0xc6, 0x02, 0xff, 0x7f, 0x00, 0x00, 0x0f, 0x00, 0x85, 0xbf, 0x00, 0x00, 0x66, 0xdc,
  0x11, 0x14, 0x7c, 0x00, 0x04, 0x00, 0x66, 0xdc, 0x11, 0x15, 0x7c, 0x00, 0x08, 0x00, 0x66, 0xdc,
  0x11, 0x4d, 0x7c, 0x00, 0x0c, 0x00, 0x66, 0xdc, 0x11, 0x4e, 0x7c, 0x00, 0x10, 0x00, 0x66, 0xdc,
  0x11, 0x4f, 0x7c, 0x00, 0x14, 0x00, 0x66, 0xdc, 0x11, 0x50, 0x7c, 0x00, 0x18, 0x00, 0x66, 0xdc,
  0x11, 0x51, 0x7c, 0x00, 0x1c, 0x00, 0x66, 0xdc, 0x11, 0x52, 0x7c, 0x00, 0x40, 0x00, 0x66, 0xdc,
  0x11, 0x5c, 0x7c, 0x00, 0x44, 0x00, 0x66, 0xdc, 0x11, 0x5d, 0x7c, 0x00, 0x48, 0x00, 0x66, 0xdc,
  0x11, 0x5e, 0x7c, 0x00, 0x4c, 0x00, 0x66, 0xdc, 0x11, 0x5f, 0x7c, 0x00, 0x50, 0x00, 0x66, 0xdc,
  0x11, 0x60, 0x7c, 0x00, 0x54, 0x00, 0x66, 0xdc, 0x11, 0x61, 0x7c, 0x00, 0x58, 0x00, 0x66, 0xdc,
  0x11, 0x62, 0x7c, 0x00, 0x5c, 0x00, 0x66, 0xdc, 0x11, 0x63, 0x7c, 0x00, 0x7e, 0x00, 0x7e, 0x8c,
  0xf7, 0x03, 0x89, 0xbf, 0x00, 0x00, 0x7c, 0xbc, 0x00, 0x00, 0xbd, 0xbf, 0x00, 0x00, 0xac, 0xe0,
  0x00, 0x00, 0x00, 0x00, 0x30, 0x00, 0x51, 0xdc, 0x00, 0x00, 0x7c, 0x14, 0xf7, 0x03, 0x89, 0xbf,
  0x00, 0x00, 0x7c, 0xd8, 0xf7, 0x14, 0x00, 0x00, 0x0c, 0x01, 0x51, 0xdc, 0x00, 0x00, 0x7c, 0x14,
  0xf7, 0x03, 0x89, 0xbf, 0x80, 0x00, 0x7c, 0xd8, 0xf7, 0x14, 0x00, 0x00, 0x38, 0x00, 0x51, 0xdc,
  0x00, 0x00, 0x7c, 0x14, 0xf7, 0x03, 0x89, 0xbf, 0x00, 0x01, 0x7c, 0xd8, 0xf7, 0x14, 0x00, 0x00,
  0x34, 0x00, 0x51, 0xdc, 0x00, 0x00, 0x7c, 0x14, 0xf7, 0x03, 0x89, 0xbf, 0x80, 0x01, 0x7c, 0xd8,
  0xf7, 0x14, 0x00, 0x00, 0x40, 0x00, 0x51, 0xdc, 0x00, 0x00, 0x7c, 0x14, 0xf7, 0x03, 0x89, 0xbf,
  0x00, 0x02, 0x7c, 0xd8, 0xf7, 0x14, 0x00, 0x00, 0x3c, 0x00, 0x51, 0xdc, 0x00, 0x00, 0x7c, 0x14,
  0xf7, 0x03, 0x89, 0xbf, 0x80, 0x02, 0x7c, 0xd8, 0xf7, 0x14, 0x00, 0x00, 0x48, 0x00, 0x51, 0xdc,
  0x00, 0x00, 0x7c, 0x14, 0xf7, 0x03, 0x89, 0xbf, 0x00, 0x03, 0x7c, 0xd8, 0xf7, 0x14, 0x00, 0x00,
  0x44, 0x00, 0x51, 0xdc, 0x00, 0x00, 0x7c, 0x14, 0xf7, 0x03, 0x89, 0xbf, 0x80, 0x03, 0x7c, 0xd8,
  0xf7, 0x14, 0x00, 0x00, 0x40, 0x03, 0x51, 0xdc, 0x00, 0x00, 0x7c, 0x14, 0xf7, 0x03, 0x89, 0xbf,
  0x00, 0x04, 0x7c, 0xd8, 0xf7, 0x14, 0x00, 0x00, 0x4c, 0x00, 0x51, 0xdc, 0x00, 0x00, 0x7c, 0x14,
  0xf7, 0x03, 0x89, 0xbf, 0x80, 0x04, 0x7c, 0xd8, 0xf7, 0x14, 0x00, 0x00, 0x44, 0x03, 0x51, 0xdc,
  0x00, 0x00, 0x7c, 0x14, 0xf7, 0x03, 0x89, 0xbf, 0x00, 0x05, 0x7c, 0xd8, 0xf7, 0x14, 0x00, 0x00,
  0x50, 0x00, 0x51, 0xdc, 0x00, 0x00, 0x7c, 0x14, 0xf7, 0x03, 0x89, 0xbf, 0x80, 0x05, 0x7c, 0xd8,
  0xf7, 0x14, 0x00, 0x00, 0x48, 0x03, 0x51, 0xdc, 0x00, 0x00, 0x7c, 0x14, 0xf7, 0x03, 0x89, 0xbf,
  0x00, 0x06, 0x7c, 0xd8, 0xf7, 0x14, 0x00, 0x00, 0x54, 0x00, 0x51, 0xdc, 0x00, 0x00, 0x7c, 0x14,
  0xf7, 0x03, 0x89, 0xbf, 0x80, 0x06, 0x7c, 0xd8, 0xf7, 0x14, 0x00, 0x00, 0x4c, 0x03, 0x51, 0xdc,
  0x00, 0x00, 0x7c, 0x14, 0xf7, 0x03, 0x89, 0xbf, 0x00, 0x07, 0x7c, 0xd8, 0xf7, 0x14, 0x00, 0x00,
  0x58, 0x00, 0x51, 0xdc, 0x00, 0x00, 0x7c, 0x14, 0xf7, 0x03, 0x89, 0xbf, 0x80, 0x07, 0x7c, 0xd8,
  0xf7, 0x14, 0x00, 0x00, 0x50, 0x03, 0x51, 0xdc, 0x00, 0x00, 0x7c, 0x14, 0xf7, 0x03, 0x89, 0xbf,
  0x00, 0x08, 0x7c, 0xd8, 0xf7, 0x14, 0x00, 0x00, 0x5c, 0x00, 0x51, 0xdc, 0x00, 0x00, 0x7c, 0x14,
  0xf7, 0x03, 0x89, 0xbf, 0x80, 0x08, 0x7c, 0xd8, 0xf7, 0x14, 0x00, 0x00, 0x90, 0x04, 0x51, 0xdc,
  0x00, 0x00, 0x7c, 0x14, 0xf7, 0x03, 0x89, 0xbf, 0x00, 0x09, 0x7c, 0xd8, 0xf7, 0x14, 0x00, 0x00,
  0x60, 0x00, 0x51, 0xdc, 0x00, 0x00, 0x7c, 0x14, 0xf7, 0x03, 0x89, 0xbf, 0x80, 0x09, 0x7c, 0xd8,
  0xf7, 0x14, 0x00, 0x00, 0x94, 0x04, 0x51, 0xdc, 0x00, 0x00, 0x7c, 0x14, 0xf7, 0x03, 0x89, 0xbf,
  0x00, 0x0a, 0x7c, 0xd8, 0xf7, 0x14, 0x00, 0x00, 0x64, 0x00, 0x51, 0xdc, 0x00, 0x00, 0x7c, 0x14,
  0xf7, 0x03, 0x89, 0xbf, 0x80, 0x0a, 0x7c, 0xd8, 0xf7, 0x14, 0x00, 0x00, 0x98, 0x04, 0x51, 0xdc,
  0x00, 0x00, 0x7c, 0x14, 0xf7, 0x03, 0x89, 0xbf, 0x00, 0x0b, 0x7c, 0xd8, 0xf7, 0x14, 0x00, 0x00,
  0x68, 0x00, 0x51, 0xdc, 0x00, 0x00, 0x7c, 0x14, 0xf7, 0x03, 0x89, 0xbf, 0x80, 0x0b, 0x7c, 0xd8,
  0xf7, 0x14, 0x00, 0x00, 0x9c, 0x04, 0x51, 0xdc, 0x00, 0x00, 0x7c, 0x14, 0xf7, 0x03, 0x89, 0xbf,
  0x00, 0x0c, 0x7c, 0xd8, 0xf7, 0x14, 0x00, 0x00, 0x6c, 0x00, 0x51, 0xdc, 0x00, 0x00, 0x7c, 0x14,
  0xf7, 0x03, 0x89, 0xbf, 0x80, 0x0c, 0x7c, 0xd8, 0xf7, 0x14, 0x00, 0x00, 0x74, 0x00, 0x51, 0xdc,
  0x00, 0x00, 0x7c, 0x14, 0xf7, 0x03, 0x89, 0xbf, 0x00, 0x0d, 0x7c, 0xd8, 0xf7, 0x14, 0x00, 0x00,
  0x70, 0x00, 0x51, 0xdc, 0x00, 0x00, 0x7c, 0x14, 0xf7, 0x03, 0x89, 0xbf, 0x80, 0x0d, 0x7c, 0xd8,
  0xf7, 0x14, 0x00, 0x00, 0x7c, 0x00, 0x51, 0xdc, 0x00, 0x00, 0x7c, 0x14, 0xf7, 0x03, 0x89, 0xbf,
  0x00, 0x0e, 0x7c, 0xd8, 0xf7, 0x14, 0x00, 0x00, 0x78, 0x00, 0x51, 0xdc, 0x00, 0x00, 0x7c, 0x14,
  0xf7, 0x03, 0x89, 0xbf, 0x80, 0x0e, 0x7c, 0xd8, 0xf7, 0x14, 0x00, 0x00, 0x84, 0x00, 0x51, 0xdc,
  0x00, 0x00, 0x7c, 0x14, 0xf7, 0x03, 0x89, 0xbf, 0x00, 0x0f, 0x7c, 0xd8, 0xf7, 0x14, 0x00, 0x00,
  0x80, 0x00, 0x51, 0xdc, 0x00, 0x00, 0x7c, 0x14, 0xf7, 0x03, 0x89, 0xbf, 0x80, 0x0f, 0x7c, 0xd8,
  0xf7, 0x14, 0x00, 0x00, 0x8c, 0x00, 0x51, 0xdc, 0x00, 0x00, 0x7c, 0x14, 0xf7, 0x03, 0x89, 0xbf,
  0x00, 0x10, 0x7c, 0xd8, 0xf7, 0x14, 0x00, 0x00, 0x88, 0x00, 0x51, 0xdc, 0x00, 0x00, 0x7c, 0x14,
  0xf7, 0x03, 0x89, 0xbf, 0x80, 0x10, 0x7c, 0xd8, 0xf7, 0x14, 0x00, 0x00, 0x94, 0x00, 0x51, 0xdc,
  0x00, 0x00, 0x7c, 0x14, 0xf7, 0x03, 0x89, 0xbf, 0x00, 0x11, 0x7c, 0xd8, 0xf7, 0x14, 0x00, 0x00,
  0x90, 0x00, 0x51, 0xdc, 0x00, 0x00, 0x7c, 0x14, 0xf7, 0x03, 0x89, 0xbf, 0x80, 0x11, 0x7c, 0xd8,
  0xf7, 0x14, 0x00, 0x00, 0x9c, 0x00, 0x51, 0xdc, 0x00, 0x00, 0x7c, 0x14, 0xf7, 0x03, 0x89, 0xbf,
  0x00, 0x12, 0x7c, 0xd8, 0xf7, 0x14, 0x00, 0x00, 0x98, 0x00, 0x51, 0xdc, 0x00, 0x00, 0x7c, 0x14,
  0xf7, 0x03, 0x89, 0xbf, 0x80, 0x12, 0x7c, 0xd8, 0xf7, 0x14, 0x00, 0x00, 0xa4, 0x00, 0x51, 0xdc,
  0x00, 0x00, 0x7c, 0x14, 0xf7, 0x03, 0x89, 0xbf, 0x00, 0x13, 0x7c, 0xd8, 0xf7, 0x14, 0x00, 0x00,
  0xa0, 0x00, 0x51, 0xdc, 0x00, 0x00, 0x7c, 0x14, 0xf7, 0x03, 0x89, 0xbf, 0x80, 0x13, 0x7c, 0xd8,
  0xf7, 0x14, 0x00, 0x00, 0xac, 0x00, 0x51, 0xdc, 0x00, 0x00, 0x7c, 0x14, 0xf7, 0x03, 0x89, 0xbf,
  0x00, 0x14, 0x7c, 0xd8, 0xf7, 0x14, 0x00, 0x00, 0xa8, 0x00, 0x51, 0xdc, 0x00, 0x00, 0x7c, 0x14,
  0xf7, 0x03, 0x89, 0xbf, 0x80, 0x14, 0x7c, 0xd8, 0xf7, 0x14, 0x00, 0x00, 0xb4, 0x00, 0x51, 0xdc,
  0x00, 0x00, 0x7c, 0x14, 0xf7, 0x03, 0x89, 0xbf, 0x00, 0x15, 0x7c, 0xd8, 0xf7, 0x14, 0x00, 0x00,
  0xb0, 0x00, 0x51, 0xdc, 0x00, 0x00, 0x7c, 0x14, 0xf7, 0x03, 0x89, 0xbf, 0x80, 0x15, 0x7c, 0xd8,
  0xf7, 0x14, 0x00, 0x00, 0xc0, 0x00, 0x51, 0xdc, 0x00, 0x00, 0x7c, 0x14, 0xf7, 0x03, 0x89, 0xbf,
  0x00, 0x16, 0x7c, 0xd8, 0xf7, 0x14, 0x00, 0x00, 0xbc, 0x00, 0x51, 0xdc, 0x00, 0x00, 0x7c, 0x14,
  0xf7, 0x03, 0x89, 0xbf, 0x80, 0x16, 0x7c, 0xd8, 0xf7, 0x14, 0x00, 0x00, 0xc8, 0x00, 0x51, 0xdc,
  0x00, 0x00, 0x7c, 0x14, 0xf7, 0x03, 0x89, 0xbf, 0x00, 0x17, 0x7c, 0xd8, 0xf7, 0x14, 0x00, 0x00,
  0xc4, 0x00, 0x51, 0xdc, 0x00, 0x00, 0x7c, 0x14, 0xf7, 0x03, 0x89, 0xbf, 0x80, 0x17, 0x7c, 0xd8,
  0xf7, 0x14, 0x00, 0x00, 0xd0, 0x00, 0x51, 0xdc, 0x00, 0x00, 0x7c, 0x14, 0xf7, 0x03, 0x89, 0xbf,
  0x00, 0x18, 0x7c, 0xd8, 0xf7, 0x14, 0x00, 0x00, 0xcc, 0x00, 0x51, 0xdc, 0x00, 0x00, 0x7c, 0x14,
  0xf7, 0x03, 0x89, 0xbf, 0x80, 0x18, 0x7c, 0xd8, 0xf7, 0x14, 0x00, 0x00, 0xdc, 0x00, 0x51, 0xdc,
  0x00, 0x00, 0x7c, 0x14, 0xf7, 0x03, 0x89, 0xbf, 0x00, 0x19, 0x7c, 0xd8, 0xf7, 0x14, 0x00, 0x00,
  0xd4, 0x00, 0x51, 0xdc, 0x00, 0x00, 0x7c, 0x14, 0xf7, 0x03, 0x89, 0xbf, 0x80, 0x19, 0x7c, 0xd8,
  0xf7, 0x14, 0x00, 0x00, 0xe4, 0x00, 0x51, 0xdc, 0x00, 0x00, 0x7c, 0x14, 0xf7, 0x03, 0x89, 0xbf,
  0x00, 0x1a, 0x7c, 0xd8, 0xf7, 0x14, 0x00, 0x00, 0xe0, 0x00, 0x51, 0xdc, 0x00, 0x00, 0x7c, 0x14,
  0xf7, 0x03, 0x89, 0xbf, 0x80, 0x1a, 0x7c, 0xd8, 0xf7, 0x14, 0x00, 0x00, 0x00, 0x1b, 0x7c, 0xd8,
  0xf7, 0x6d, 0x00, 0x00, 0xe8, 0x00, 0x51, 0xdc, 0x00, 0x00, 0x7c, 0x14, 0xf7, 0x03, 0x89, 0xbf,
  0x80, 0x1b, 0x7c, 0xd8, 0xf7, 0x14, 0x00, 0x00, 0x00, 0x1c, 0x7c, 0xd8, 0xf7, 0x6f, 0x00, 0x00,
  0x80, 0x1c, 0x7c, 0xd8, 0xf7, 0x6e, 0x00, 0x00, 0x00, 0x1d, 0x7c, 0xd8, 0xf7, 0x71, 0x00, 0x00,
  0x80, 0x1d, 0x7c, 0xd8, 0xf7, 0x70, 0x00, 0x00, 0x00, 0x1e, 0x7c, 0xd8, 0xf7, 0x73, 0x00, 0x00,
  0x80, 0x1e, 0x7c, 0xd8, 0xf7, 0x72, 0x00, 0x00, 0x00, 0x1f, 0x7c, 0xd8, 0xf7, 0x75, 0x00, 0x00,
  0x80, 0x1f, 0x7c, 0xd8, 0xf7, 0x74, 0x00, 0x00, 0x07, 0xfc, 0x89, 0xbf, 0x00, 0x00, 0xbd, 0xbf,
  0x00, 0x00, 0xac, 0xe0, 0x00, 0x00, 0x00, 0x00, 0x00, 0x00, 0xf0, 0xd8, 0x13, 0x00, 0x00, 0x14,
  0xc0, 0x01, 0xf0, 0xd8, 0x13, 0x00, 0x00, 0x15, 0x40, 0x01, 0xf0, 0xd8, 0x13, 0x00, 0x00, 0x4d,
  0xc0, 0x00, 0xf0, 0xd8, 0x13, 0x00, 0x00, 0x4e, 0x40, 0x00, 0xf0, 0xd8, 0x13, 0x00, 0x00, 0x4f,
  0x80, 0x01, 0xf0, 0xd8, 0x13, 0x00, 0x00, 0x50, 0x00, 0x01, 0xf0, 0xd8, 0x13, 0x00, 0x00, 0x51,
  0x47, 0xfc, 0x89, 0xbf, 0x90, 0x9a, 0x9a, 0x30, 0x37, 0xfc, 0x89, 0xbf, 0x90, 0x9c, 0x9c, 0x30,
  0x90, 0x28, 0x28, 0x30, 0x17, 0xfc, 0x89, 0xbf, 0x90, 0xa0, 0xa0, 0x30, 0x01, 0x00, 0x87, 0xbf,
  0x0c, 0xa1, 0xe2, 0xc8, 0x90, 0x9e, 0x4e, 0x8a, 0x0a, 0x9d, 0xe2, 0xc8, 0x90, 0x2a, 0x50, 0x15,
  0x09, 0x29, 0x02, 0x11, 0x80, 0x00, 0xf0, 0xd8, 0x13, 0x00, 0x00, 0x14, 0x17, 0xfc, 0x89, 0xbf,
  0x90, 0xa2, 0xa2, 0x30, 0x07, 0xfc, 0x89, 0xbf, 0x90, 0x28, 0x28, 0x30, 0x91, 0x01, 0x87, 0xbf,
  0x0a, 0x29, 0xc6, 0xc8, 0x09, 0x9f, 0x14, 0x89, 0x0b, 0xa3, 0x04, 0x11, 0x0c, 0xa1, 0xc6, 0xc8,
  0x0b, 0x9b, 0x08, 0x0a, 0x80, 0x02, 0xf0, 0xd8, 0x13, 0x00, 0x00, 0x0b, 0xc0, 0x03, 0xf0, 0xd8,
  0x13, 0x00, 0x00, 0x0c, 0x40, 0x03, 0xf0, 0xd8, 0x13, 0x00, 0x00, 0x4d, 0xc0, 0x02, 0xf0, 0xd8,
  0x13, 0x00, 0x00, 0x4e, 0x40, 0x02, 0xf0, 0xd8, 0x13, 0x00, 0x00, 0x4f, 0x00, 0x02, 0xf0, 0xd8,
  0x13, 0x00, 0x00, 0x50, 0x57, 0xfc, 0x89, 0xbf, 0x90, 0x16, 0x16, 0x30, 0x37, 0xfc, 0x89, 0xbf,
  0x90, 0x9a, 0x9a, 0x30, 0x02, 0x00, 0x87, 0xbf, 0x06, 0x17, 0x1a, 0x11, 0x80, 0x03, 0xf0, 0xd8,
  0x13, 0x00, 0x00, 0x0b, 0x17, 0xfc, 0x89, 0xbf, 0x90, 0xa0, 0xa0, 0x30, 0x07, 0xfc, 0x89, 0xbf,
  0x90, 0x16, 0x16, 0x30, 0x42, 0x01, 0x87, 0xbf, 0x05, 0xa1, 0x06, 0x11, 0x00, 0x03, 0xf0, 0xd8,
  0x13, 0x00, 0x00, 0x50, 0x08, 0x17, 0xe2, 0xc8, 0x90, 0x9c, 0x0a, 0x8e, 0x90, 0x9e, 0x9c, 0x30,
  0x06, 0x17, 0xe2, 0xc8, 0x90, 0x18, 0x4e, 0x0c, 0xb1, 0x00, 0x87, 0xbf, 0x05, 0x9d, 0xc6, 0xc8,
  0x08, 0x9f, 0x06, 0x0b, 0x07, 0xfc, 0x89, 0xbf, 0x07, 0x9b, 0xe2, 0xc8, 0x90, 0xa0, 0x50, 0x05,
  0x07, 0xa1, 0x08, 0x11, 0x80, 0x04, 0xf0, 0xd8, 0x13, 0x00, 0x00, 0x07, 0xc0, 0x05, 0xf0, 0xd8,
  0x13, 0x00, 0x00, 0x08, 0x40, 0x05, 0xf0, 0xd8, 0x13, 0x00, 0x00, 0x4d, 0xc0, 0x04, 0xf0, 0xd8,
  0x13, 0x00, 0x00, 0x4e, 0x40, 0x04, 0xf0, 0xd8, 0x13, 0x00, 0x00, 0x4f, 0x00, 0x04, 0xf0, 0xd8,
  0x13, 0x00, 0x00, 0x50, 0x57, 0xfc, 0x89, 0xbf, 0x90, 0x0e, 0x0e, 0x30, 0x37, 0xfc, 0x89, 0xbf,
  0x90, 0x9a, 0x9a, 0x30, 0xc2, 0x00, 0x87, 0xbf, 0x02, 0x0f, 0x1e, 0x11, 0x80, 0x05, 0xf0, 0xd8,
  0x13, 0x00, 0x00, 0x07, 0x07, 0xfc, 0x89, 0xbf, 0x90, 0x0e, 0x0e, 0x30, 0x04, 0x0f, 0xe2, 0xc8,
  0x90, 0xa0, 0x50, 0xf5, 0x41, 0x01, 0x87, 0xbf, 0x01, 0xa1, 0x0a, 0x11, 0x00, 0x05, 0xf0, 0xd8,
  0x13, 0x00, 0x00, 0x50, 0x90, 0x9c, 0x0e, 0x30, 0x90, 0x9e, 0x9c, 0x30, 0x02, 0x0f, 0xe2, 0xc8,
  0x90, 0x10, 0x4e, 0x08, 0xb1, 0x00, 0x87, 0xbf, 0x01, 0x9d, 0xc6, 0xc8, 0x04, 0x9f, 0x02, 0x07,
  0x07, 0xfc, 0x89, 0xbf, 0x03, 0x9b, 0xe2, 0xc8, 0x90, 0xa0, 0x50, 0x01, 0x03, 0xa1, 0x0c, 0x11,
  0x80, 0x06, 0xf0, 0xd8, 0x13, 0x00, 0x00, 0x03, 0xc0, 0x07, 0xf0, 0xd8, 0x13, 0x00, 0x00, 0x04,
  0x40, 0x07, 0xf0, 0xd8, 0x13, 0x00, 0x00, 0x4d, 0xc0, 0x06, 0xf0, 0xd8, 0x13, 0x00, 0x00, 0x4e,
  0x40, 0x06, 0xf0, 0xd8, 0x13, 0x00, 0x00, 0x4f, 0x00, 0x06, 0xf0, 0xd8, 0x13, 0x00, 0x00, 0x50,
  0x57, 0xfc, 0x89, 0xbf, 0x90, 0x06, 0x06, 0x30, 0x37, 0xfc, 0x89, 0xbf, 0x90, 0x9a, 0xa2, 0x30,
  0x17, 0xfc, 0x89, 0xbf, 0x90, 0x9e, 0x9e, 0x30, 0xf2, 0x07, 0x0e, 0x11, 0x80, 0x07, 0xf0, 0xd8,
  0x13, 0x00, 0x00, 0x03, 0xf1, 0x9f, 0xe2, 0xc8, 0x90, 0x08, 0x04, 0x4d, 0x07, 0xfc, 0x89, 0xbf,
  0x91, 0x00, 0x87, 0xbf, 0xf4, 0x09, 0xe2, 0xc8, 0x90, 0x06, 0x02, 0x04, 0xf4, 0x07, 0xe2, 0xc8,
  0x90, 0xa0, 0x50, 0xf7, 0xd1, 0x01, 0x87, 0xbf, 0xf1, 0xa1, 0xec, 0x11, 0x00, 0x07, 0xf0, 0xd8,
  0x13, 0x00, 0x00, 0x50, 0x90, 0x9c, 0x06, 0x30, 0xf7, 0xef, 0x2f, 0x7c, 0x00, 0x00, 0x17, 0xd4,
  0xf6, 0xed, 0x03, 0x00, 0xf2, 0x07, 0xc6, 0xc8, 0xf3, 0xa3, 0x02, 0x4e, 0x07, 0xfc, 0x89, 0xbf,
  0x90, 0xa0, 0xa0, 0x30, 0x01, 0x00, 0x17, 0xd4, 0x87, 0x0f, 0x03, 0x00, 0x02, 0x00, 0x87, 0xbf,
  0xf3, 0xa1, 0x10, 0x11, 0x80, 0x08, 0xf0, 0xd8, 0x13, 0x00, 0x00, 0x4f, 0xc0, 0x09, 0xf0, 0xd8,
  0x13, 0x00, 0x00, 0x50, 0x40, 0x09, 0xf0, 0xd8, 0x13, 0x00, 0x00, 0x51, 0xc0, 0x08, 0xf0, 0xd8,
  0x13, 0x00, 0x00, 0x52, 0x40, 0x08, 0xf0, 0xd8, 0x13, 0x00, 0x00, 0x5c, 0x00, 0x08, 0xf0, 0xd8,
  0x13, 0x00, 0x00, 0x5d, 0x02, 0x00, 0x17, 0xd4, 0x88, 0x11, 0x03, 0x00, 0x57, 0xfc, 0x89, 0xbf,
  0x90, 0x9e, 0x9e, 0x30, 0x47, 0xfc, 0x89, 0xbf, 0x90, 0xa0, 0xa0, 0x30, 0x17, 0xfc, 0x89, 0xbf,
  0x90, 0xb8, 0xb8, 0x30, 0xee, 0x9f, 0x28, 0x11, 0x80, 0x09, 0xf0, 0xd8, 0x13, 0x00, 0x00, 0x4f,
  0x90, 0xa2, 0xbc, 0x30, 0xf0, 0xa1, 0xa0, 0x10, 0xed, 0xb9, 0xa2, 0x10, 0x07, 0xfc, 0x89, 0xbf,
  0x90, 0x9e, 0x9e, 0x30, 0x91, 0x00, 0x87, 0xbf, 0xf0, 0x9f, 0xe2, 0xc8, 0x90, 0xa4, 0x4e, 0x96,
  0xee, 0x9f, 0xe2, 0xc8, 0x90, 0xba, 0x5c, 0x52, 0xd1, 0x00, 0x87, 0xbf, 0xed, 0xbb, 0x26, 0x11,
  0x00, 0x09, 0xf0, 0xd8, 0x13, 0x00, 0x00, 0x5d, 0xef, 0xbd, 0x9e, 0x10, 0x07, 0xfc, 0x89, 0xbf,
  0x90, 0xba, 0xba, 0x30, 0xef, 0xbb, 0x2a, 0x11, 0x80, 0x0a, 0xf0, 0xd8, 0x13, 0x00, 0x00, 0x5c,
  0xc0, 0x0b, 0xf0, 0xd8, 0x13, 0x00, 0x00, 0x5d, 0x40, 0x0b, 0xf0, 0xd8, 0x13, 0x00, 0x00, 0x5e,
  0xc0, 0x0a, 0xf0, 0xd8, 0x13, 0x00, 0x00, 0x5f, 0x40, 0x0a, 0xf0, 0xd8, 0x13, 0x00, 0x00, 0x60,
  0x00, 0x0a, 0xf0, 0xd8, 0x13, 0x00, 0x00, 0x61, 0x57, 0xfc, 0x89, 0xbf, 0x90, 0xb8, 0xb8, 0x30,
  0x17, 0xfc, 0x89, 0xbf, 0x90, 0xc0, 0xc0, 0x30, 0xc2, 0x00, 0x87, 0xbf, 0xea, 0xb9, 0x2e, 0x11,
  0x80, 0x0b, 0xf0, 0xd8, 0x13, 0x00, 0x00, 0x5c, 0x17, 0xfc, 0x89, 0xbf, 0x90, 0xc2, 0xc2, 0x30,
  0xe9, 0xc3, 0x16, 0x11, 0x00, 0x0b, 0xf0, 0xd8, 0x13, 0x00, 0x00, 0x61, 0x17, 0xfc, 0x89, 0xbf,
  0x90, 0xb8, 0xb8, 0x30, 0x01, 0x00, 0x87, 0xbf, 0xec, 0xb9, 0x30, 0x11, 0x90, 0xbe, 0xb8, 0x30,
  0x07, 0xfc, 0x89, 0xbf, 0x90, 0xc2, 0xc2, 0x30, 0x90, 0xbc, 0xc4, 0x30, 0xe9, 0xc1, 0xbc, 0x10,
  0x93, 0x01, 0x87, 0xbf, 0xea, 0xb9, 0xc6, 0xc8, 0xeb, 0xc3, 0x8c, 0x5f, 0xeb, 0xc5, 0xb8, 0x10,
  0x80, 0x0c, 0xf0, 0xd8, 0x13, 0x00, 0x00, 0x60, 0xc0, 0x0d, 0xf0, 0xd8, 0x13, 0x00, 0x00, 0x61,
  0x40, 0x0d, 0xf0, 0xd8, 0x13, 0x00, 0x00, 0x62, 0xc0, 0x0c, 0xf0, 0xd8, 0x13, 0x00, 0x00, 0x63,
  0x40, 0x0c, 0xf0, 0xd8, 0x13, 0x00, 0x00, 0x64, 0x00, 0x0c, 0xf0, 0xd8, 0x13, 0x00, 0x00, 0x65,
  0x57, 0xfc, 0x89, 0xbf, 0x90, 0xc0, 0xc0, 0x30, 0x47, 0xfc, 0x89, 0xbf, 0x90, 0xc2, 0xc2, 0x30,
  0x17, 0xfc, 0x89, 0xbf, 0x90, 0xc8, 0xc8, 0x30, 0xe6, 0xc1, 0x78, 0x11, 0x80, 0x0d, 0xf0, 0xd8,
  0x13, 0x00, 0x00, 0x60, 0x17, 0xfc, 0x89, 0xbf, 0x90, 0xca, 0xca, 0x30, 0xe8, 0xc3, 0xc2, 0x10,
  0xc2, 0x00, 0x87, 0xbf, 0xe5, 0xcb, 0x76, 0x11, 0x00, 0x0d, 0xf0, 0xd8, 0x13, 0x00, 0x00, 0x65,
  0x17, 0xfc, 0x89, 0xbf, 0x90, 0xc0, 0xc0, 0x30, 0xe8, 0xc1, 0xe2, 0xc8, 0x90, 0xc6, 0x60, 0xe9,
  0x07, 0xfc, 0x89, 0xbf, 0x90, 0xca, 0xca, 0x30, 0x90, 0xc4, 0xcc, 0x30, 0xe5, 0xc9, 0xc4, 0x10,
  0x93, 0x01, 0x87, 0xbf, 0xe6, 0xc1, 0xc6, 0xc8, 0xe7, 0xcb, 0xc0, 0x63, 0xe7, 0xcd, 0xc0, 0x10,
  0x80, 0x0e, 0xf0, 0xd8, 0x13, 0x00, 0x00, 0x64, 0xc0, 0x0f, 0xf0, 0xd8, 0x13, 0x00, 0x00, 0x65,
  0x40, 0x0f, 0xf0, 0xd8, 0x13, 0x00, 0x00, 0x66, 0xc0, 0x0e, 0xf0, 0xd8, 0x13, 0x00, 0x00, 0x67,
  0x40, 0x0e, 0xf0, 0xd8, 0x13, 0x00, 0x00, 0x68, 0x00, 0x0e, 0xf0, 0xd8, 0x13, 0x00, 0x00, 0x69,
  0x47, 0xfc, 0x89, 0xbf, 0x90, 0xca, 0xca, 0x30, 0x90, 0xc8, 0xc8, 0x30, 0x17, 0xfc, 0x89, 0xbf,
  0x12, 0x01, 0x87, 0xbf, 0xe4, 0xcb, 0xe2, 0xc8, 0x90, 0xd0, 0x68, 0x65, 0xe2, 0xc9, 0xe2, 0xc8,
  0x90, 0xba, 0x5c, 0x90, 0x80, 0x0f, 0xf0, 0xd8, 0x13, 0x00, 0x00, 0x64, 0x17, 0xfc, 0x89, 0xbf,
  0x90, 0xd2, 0xd2, 0x30, 0x07, 0xfc, 0x89, 0xbf, 0xec, 0xbb, 0xe2, 0xc8, 0x90, 0xc8, 0x64, 0x5d,
  0x52, 0x01, 0x87, 0xbf, 0xe1, 0xd3, 0xcc, 0x11, 0x00, 0x0f, 0xf0, 0xd8, 0x13, 0x00, 0x00, 0x69,
  0xe4, 0xc9, 0xe2, 0xc8, 0x90, 0xce, 0x64, 0xe7, 0x90, 0xcc, 0xd4, 0x30, 0xe1, 0xd1, 0xcc, 0x10,
  0xe2, 0xc9, 0xc6, 0xc8, 0xe3, 0xd5, 0x64, 0x67, 0x07, 0xfc, 0x89, 0xbf, 0x90, 0xd2, 0xd2, 0x30,
  0x01, 0x00, 0x87, 0xbf, 0xe3, 0xd3, 0xca, 0x11, 0x80, 0x10, 0xf0, 0xd8, 0x13, 0x00, 0x00, 0x68,
  0xc0, 0x11, 0xf0, 0xd8, 0x13, 0x00, 0x00, 0x69, 0x40, 0x11, 0xf0, 0xd8, 0x13, 0x00, 0x00, 0x6a,
  0xc0, 0x10, 0xf0, 0xd8, 0x13, 0x00, 0x00, 0x6b, 0x40, 0x10, 0xf0, 0xd8, 0x13, 0x00, 0x00, 0x6c,
  0x00, 0x10, 0xf0, 0xd8, 0x13, 0x00, 0x00, 0x6d, 0x47, 0xfc, 0x89, 0xbf, 0x90, 0xd2, 0xd2, 0x30,
  0x90, 0xd0, 0xd0, 0x30, 0x17, 0xfc, 0x89, 0xbf, 0x12, 0x01, 0x87, 0xbf, 0xe0, 0xd3, 0xe2, 0xc8,
  0x90, 0xd8, 0x6c, 0x69, 0xde, 0xd1, 0x3e, 0x11, 0x80, 0x11, 0xf0, 0xd8, 0x13, 0x00, 0x00, 0x68,
  0x17, 0xfc, 0x89, 0xbf, 0x90, 0xda, 0xda, 0x30, 0xc1, 0x00, 0x87, 0xbf, 0xdd, 0xdb, 0x22, 0x11,
  0x00, 0x11, 0xf0, 0xd8, 0x13, 0x00, 0x00, 0x6d, 0x17, 0xfc, 0x89, 0xbf, 0x90, 0xd0, 0xd0, 0x30,
  0xe0, 0xd1, 0x40, 0x11, 0x90, 0xd6, 0xd0, 0x30, 0x07, 0xfc, 0x89, 0xbf, 0x90, 0xda, 0xda, 0x30,
  0x90, 0xd4, 0xdc, 0x30, 0xdd, 0xd9, 0xd4, 0x10, 0x93, 0x01, 0x87, 0xbf, 0xde, 0xd1, 0xc6, 0xc8,
  0xdf, 0xdb, 0x92, 0x6b, 0xdf, 0xdd, 0xd0, 0x10, 0x80, 0x12, 0xf0, 0xd8, 0x13, 0x00, 0x00, 0x6c,
  0xc0, 0x13, 0xf0, 0xd8, 0x13, 0x00, 0x00, 0x6d, 0x40, 0x13, 0xf0, 0xd8, 0x13, 0x00, 0x00, 0x6e,
  0xc0, 0x12, 0xf0, 0xd8, 0x13, 0x00, 0x00, 0x6f, 0x40, 0x12, 0xf0, 0xd8, 0x13, 0x00, 0x00, 0x70,
  0x20, 0x00, 0x5d, 0xdc, 0x00, 0x00, 0x7c, 0x78, 0x00, 0x12, 0xf0, 0xd8, 0x13, 0x00, 0x00, 0x71,
  0x57, 0xfc, 0x89, 0xbf, 0x90, 0xd8, 0xd8, 0x30, 0x37, 0xfc, 0x89, 0xbf, 0x90, 0xdc, 0xe4, 0x30,
  0x17, 0xfc, 0x89, 0xbf, 0x90, 0xe0, 0xe0, 0x30, 0xf7, 0x03, 0x89, 0xbf, 0x79, 0xd9, 0x60, 0x11,
  0x80, 0x13, 0xf0, 0xd8, 0x13, 0x00, 0x00, 0x6c, 0x17, 0xfc, 0x89, 0xbf, 0x78, 0xe1, 0xe2, 0xc8,
  0x90, 0xe2, 0x70, 0x6e, 0xc1, 0x00, 0x87, 0xbf, 0x78, 0xe3, 0x5e, 0x11, 0x00, 0x13, 0xf0, 0xd8,
  0x13, 0x00, 0x00, 0x71, 0x17, 0xfc, 0x89, 0xbf, 0x90, 0xd8, 0xd8, 0x30, 0x7b, 0xd9, 0x64, 0x11,
  0x90, 0xde, 0xd8, 0x30, 0x07, 0xfc, 0x89, 0xbf, 0x90, 0xe2, 0xe2, 0x30, 0x12, 0x01, 0x87, 0xbf,
  0x79, 0xd9, 0xde, 0x10, 0x7a, 0xe3, 0x62, 0x11, 0x7a, 0xe5, 0xd8, 0x10, 0x80, 0x14, 0xf0, 0xd8,
  0x13, 0x00, 0x00, 0x70, 0xc0, 0x15, 0xf0, 0xd8, 0x13, 0x00, 0x00, 0x71, 0x40, 0x15, 0xf0, 0xd8,
  0x13, 0x00, 0x00, 0x72, 0xc0, 0x14, 0xf0, 0xd8, 0x13, 0x00, 0x00, 0x73, 0x40, 0x14, 0xf0, 0xd8,
  0x13, 0x00, 0x00, 0x74, 0x00, 0x14, 0xf0, 0xd8, 0x13, 0x00, 0x00, 0x75, 0x57, 0xfc, 0x89, 0xbf,
  0x90, 0xe0, 0xe0, 0x30, 0x37, 0xfc, 0x89, 0xbf, 0x90, 0xe4, 0xf0, 0x30, 0x90, 0xda, 0xda, 0x30,
  0x17, 0xfc, 0x89, 0xbf, 0x01, 0x00, 0x87, 0xbf, 0x7b, 0xdb, 0xe2, 0xc8, 0x90, 0xe8, 0x74, 0x6d,
  0x10, 0x00, 0x5d, 0xdc, 0x00, 0x00, 0x7c, 0x79, 0xf7, 0x03, 0x89, 0xbf, 0x7a, 0xe1, 0x6c, 0x11,
  0x80, 0x15, 0xf0, 0xd8, 0x13, 0x00, 0x00, 0x70, 0x17, 0xfc, 0x89, 0xbf, 0x79, 0xe9, 0xe2, 0xc8,
  0x90, 0xea, 0x74, 0x72, 0xc1, 0x00, 0x87, 0xbf, 0x79, 0xeb, 0x68, 0x11, 0x00, 0x15, 0xf0, 0xd8,
  0x13, 0x00, 0x00, 0x75, 0x17, 0xfc, 0x89, 0xbf, 0x90, 0xe0, 0xe0, 0x30, 0x7c, 0xe1, 0xe2, 0xc8,
  0x90, 0xe6, 0x70, 0xb9, 0x07, 0xfc, 0x89, 0xbf, 0x90, 0xea, 0xea, 0x30, 0x01, 0x00, 0x87, 0xbf,
  0x7a, 0xe1, 0xc6, 0xc8, 0x7b, 0xeb, 0xb8, 0x73, 0x7b, 0xf1, 0xe0, 0x10, 0x80, 0x16, 0xf0, 0xd8,
  0x13, 0x00, 0x00, 0x74, 0xc0, 0x17, 0xf0, 0xd8, 0x13, 0x00, 0x00, 0x75, 0x40, 0x17, 0xf0, 0xd8,
  0x13, 0x00, 0x00, 0x78, 0xc0, 0x16, 0xf0, 0xd8, 0x13, 0x00, 0x00, 0x79, 0x40, 0x16, 0xf0, 0xd8,
  0x13, 0x00, 0x00, 0x7a, 0x00, 0x00, 0x5d, 0xdc, 0x00, 0x00, 0x7c, 0x7d, 0x00, 0x16, 0xf0, 0xd8,
  0x13, 0x00, 0x00, 0x7b, 0x57, 0xfc, 0x89, 0xbf, 0x90, 0xe8, 0xe8, 0x30, 0x47, 0xfc, 0x89, 0xbf,
  0x90, 0xea, 0xea, 0x30, 0x37, 0xfc, 0x89, 0xbf, 0x90, 0xf0, 0xf0, 0x30, 0x90, 0xe2, 0xe2, 0x30,
  0x01, 0x00, 0x87, 0xbf, 0x7c, 0xe3, 0xe2, 0x10, 0xf7, 0x03, 0x89, 0xbf, 0x7e, 0xe9, 0x7a, 0x11,
  0x80, 0x17, 0xf0, 0xd8, 0x13, 0x00, 0x00, 0x74, 0x17, 0xfc, 0x89, 0xbf, 0x90, 0xf6, 0xf6, 0x30,
  0x80, 0xeb, 0xea, 0x10, 0xc2, 0x00, 0x87, 0xbf, 0x7d, 0xf7, 0x7e, 0x11, 0x00, 0x17, 0xf0, 0xd8,
  0x13, 0x00, 0x00, 0x7b, 0x17, 0xfc, 0x89, 0xbf, 0x90, 0xe8, 0xe8, 0x30, 0x80, 0xe9, 0xe2, 0xc8,
  0x90, 0xf2, 0x74, 0xd5, 0x07, 0xfc, 0x89, 0xbf, 0x91, 0x00, 0x87, 0xbf, 0x7e, 0xe9, 0xe2, 0xc8,
  0x90, 0xf6, 0x7a, 0x7c, 0x7f, 0xf7, 0x7c, 0x11, 0x7f, 0xf1, 0xe8, 0x10, 0x80, 0x18, 0xf0, 0xd8,
  0x13, 0x00, 0x00, 0x78, 0xc0, 0x19, 0xf0, 0xd8, 0x13, 0x00, 0x00, 0x7b, 0x40, 0x19, 0xf0, 0xd8,
  0x13, 0x00, 0x00, 0x7e, 0xc0, 0x18, 0xf0, 0xd8, 0x13, 0x00, 0x00, 0x7f, 0x40, 0x18, 0xf0, 0xd8,
  0x13, 0x00, 0x00, 0x80, 0x30, 0x03, 0x5d, 0xdc, 0x00, 0x00, 0x7c, 0xa1, 0x47, 0xfc, 0x89, 0xbf,
  0x90, 0xf0, 0xf0, 0x30, 0x37, 0xfc, 0x89, 0xbf, 0x90, 0xf6, 0xf6, 0x30, 0x27, 0xfc, 0x89, 0xbf,
  0x90, 0xfc, 0xfc, 0x30, 0x17, 0xfc, 0x89, 0xbf, 0x90, 0xfe, 0xfe, 0x30, 0x07, 0xfc, 0x89, 0xbf,
  0x90, 0x00, 0x01, 0x31, 0xf7, 0x03, 0x89, 0xbf, 0xa3, 0xfd, 0xfc, 0x10, 0x90, 0xf4, 0xf2, 0x30,
  0xa2, 0xf1, 0x32, 0x11, 0xa2, 0xff, 0x44, 0x11, 0x80, 0x19, 0xf0, 0xd8, 0x13, 0x00, 0x00, 0x78,
  0xa1, 0x01, 0x3d, 0x11, 0x7d, 0xf3, 0xf4, 0x10, 0x00, 0x18, 0xf0, 0xd8, 0x13, 0x00, 0x00, 0x79,
  0xa4, 0xf7, 0x00, 0x11, 0x04, 0x00, 0x17, 0xd4, 0x99, 0x33, 0x03, 0x00, 0x03, 0x00, 0x17, 0xd4,
  0x9e, 0x3d, 0x03, 0x00, 0x17, 0xfc, 0x89, 0xbf, 0x90, 0xf0, 0xf0, 0x30, 0x07, 0xfc, 0x89, 0xbf,
  0x90, 0xf2, 0xf2, 0x30, 0x01, 0x00, 0x87, 0xbf, 0xa1, 0xf3, 0xfa, 0x10, 0x00, 0x19, 0xf0, 0xd8,
  0x13, 0x00, 0x00, 0x79, 0x00, 0x1a, 0xf0, 0xd8, 0x13, 0x00, 0x00, 0x7b, 0xc0, 0x1b, 0xf0, 0xd8,
  0x13, 0x00, 0x00, 0x7f, 0x40, 0x1b, 0xf0, 0xd8, 0x13, 0x00, 0x00, 0x9b, 0xc0, 0x1a, 0xf0, 0xd8,
  0x13, 0x00, 0x00, 0x9c, 0x40, 0x1a, 0xf0, 0xd8, 0x13, 0x00, 0x00, 0xa1, 0x20, 0x03, 0x5d, 0xdc,
  0x00, 0x00, 0x7c, 0xa6, 0x27, 0xfc, 0x89, 0xbf, 0x90, 0x36, 0x37, 0x31, 0x17, 0xfc, 0x89, 0xbf,
  0x90, 0x38, 0x39, 0x31, 0xa4, 0xf1, 0xe2, 0xc8, 0x90, 0xf2, 0x9a, 0x79, 0x90, 0xfe, 0x48, 0x31,
  0x90, 0xf6, 0xf6, 0x30, 0x07, 0xfc, 0x89, 0xbf, 0x03, 0x00, 0x87, 0xbf, 0xa3, 0x35, 0xe3, 0xc8,
  0x90, 0x42, 0xa1, 0x78, 0x80, 0x1a, 0xf0, 0xd8, 0x13, 0x00, 0x00, 0x9a, 0x80, 0x1b, 0xf0, 0xd8,
  0x13, 0x00, 0x00, 0xa3, 0x17, 0xfc, 0x89, 0xbf, 0x90, 0x34, 0x3b, 0x31, 0x07, 0xfc, 0x89, 0xbf,
  0x90, 0x46, 0x47, 0x31, 0xf7, 0x03, 0x89, 0xbf, 0x02, 0x00, 0x87, 0xbf, 0xa7, 0x3b, 0x3b, 0x11,
  0xa7, 0x39, 0x4f, 0x11, 0xa9, 0x49, 0x39, 0x11, 0xa6, 0xf7, 0x34, 0x11, 0x00, 0x1b, 0xf0, 0xd8,
  0x13, 0x00, 0x00, 0x7b, 0xa9, 0x47, 0xc7, 0xc8, 0xa6, 0x43, 0xa7, 0x7f, 0xa8, 0x37, 0x37, 0x11,
  0x07, 0xfc, 0x89, 0xbf, 0x90, 0xf6, 0xf6, 0x30, 0x01, 0x00, 0x87, 0xbf, 0xa8, 0xf7, 0xf6, 0x10,
  0x80, 0x1c, 0xf0, 0xd8, 0x13, 0x00, 0x00, 0xa1, 0xc0, 0x1d, 0xf0, 0xd8, 0x13, 0x00, 0x00, 0xa4,
  0x40, 0x1d, 0xf0, 0xd8, 0x13, 0x00, 0x00, 0xa5, 0xc0, 0x1c, 0xf0, 0xd8, 0x13, 0x00, 0x00, 0xa8,
  0x40, 0x1c, 0xf0, 0xd8, 0x13, 0x00, 0x00, 0xa9, 0x10, 0x03, 0x5d, 0xdc, 0x00, 0x00, 0x7c, 0xc1,
  0x00, 0x1c, 0xf0, 0xd8, 0x13, 0x00, 0x00, 0xa3, 0x47, 0xfc, 0x89, 0xbf, 0x90, 0x48, 0x49, 0x31,
  0x27, 0xfc, 0x89, 0xbf, 0x90, 0x50, 0x51, 0x31, 0x17, 0xfc, 0x89, 0xbf, 0x90, 0x52, 0x53, 0x31,
  0x07, 0xfc, 0x89, 0xbf, 0x90, 0x46, 0x55, 0x31, 0x00, 0x1d, 0xf0, 0xd8, 0x13, 0x00, 0x00, 0xa3,
  0x07, 0xfc, 0x89, 0xbf, 0x90, 0x46, 0x57, 0x31, 0xf7, 0x03, 0x89, 0xbf, 0x91, 0x00, 0x87, 0xbf,
  0xc3, 0x57, 0xe3, 0xc8, 0x90, 0x42, 0xa1, 0xac, 0xc2, 0x43, 0x47, 0x11, 0x80, 0x1d, 0xf0, 0xd8,
  0x13, 0x00, 0x00, 0xa1, 0xc1, 0x55, 0xe3, 0xc8, 0x90, 0x4a, 0xab, 0xae, 0xc2, 0x51, 0xc7, 0xc8,
  0xc1, 0x53, 0xa9, 0xaa, 0xc4, 0x49, 0x4b, 0x11, 0x07, 0xfc, 0x89, 0xbf, 0x90, 0x42, 0x43, 0x31,
  0x01, 0x00, 0x87, 0xbf, 0xc4, 0x43, 0x5b, 0x11, 0xc3, 0x57, 0x43, 0x11, 0x00, 0x1e, 0xf0, 0xd8,
  0x13, 0x00, 0x00, 0xa4, 0x80, 0x1e, 0xf0, 0xd8, 0x13, 0x00, 0x00, 0xa8, 0x00, 0x1f, 0xf0, 0xd8,
  0x13, 0x00, 0x00, 0xab, 0x80, 0x1f, 0xf0, 0xd8, 0x13, 0x00, 0x00, 0xba, 0xc0, 0x1f, 0xf0, 0xd8,
  0x13, 0x00, 0x00, 0xc1, 0x40, 0x1f, 0xf0, 0xd8, 0x13, 0x00, 0x00, 0xc2, 0xc0, 0x1e, 0xf0, 0xd8,
  0x13, 0x00, 0x00, 0xc3, 0x40, 0x1e, 0xf0, 0xd8, 0x13, 0x00, 0x00, 0x13, 0x77, 0xfc, 0x89, 0xbf,
  0x90, 0x48, 0x49, 0x31, 0x67, 0xfc, 0x89, 0xbf, 0x90, 0x50, 0x51, 0x31, 0x57, 0xfc, 0x89, 0xbf,
  0x90, 0x56, 0x57, 0x31, 0x37, 0xfc, 0x89, 0xbf, 0x90, 0x82, 0x83, 0x31, 0xd9, 0x49, 0x6f, 0x11,
  0x17, 0xfc, 0x89, 0xbf, 0xda, 0x51, 0xe3, 0xc8, 0x90, 0x86, 0xa9, 0xb5, 0xdb, 0x57, 0xe3, 0xc8,
  0x90, 0x74, 0xa5, 0xb3, 0x07, 0xfc, 0x89, 0xbf, 0x90, 0x26, 0x26, 0x30, 0x93, 0x01, 0x87, 0xbf,
  0xda, 0x51, 0xe3, 0xc8, 0x90, 0x84, 0xc3, 0xab, 0xdc, 0x49, 0x75, 0x11, 0xdc, 0x83, 0x49, 0x11,
  0x90, 0xee, 0x83, 0x33, 0x14, 0x01, 0x87, 0xbf, 0xd9, 0x27, 0xc6, 0xc8, 0xdb, 0x85, 0x13, 0xa8,
  0x81, 0x82, 0x83, 0x37, 0x91, 0x00, 0x87, 0xbf, 0xc1, 0x00, 0x55, 0xd6, 0xf7, 0x83, 0xff, 0x03,
  0xff, 0x7f, 0x00, 0x00, 0xff, 0x82, 0x83, 0x37, 0x00, 0x00, 0xff, 0xff, 0x91, 0x00, 0x87, 0xbf,
  0xff, 0x82, 0x83, 0x03, 0x00, 0x00, 0xff, 0x7f, 0x47, 0x83, 0x83, 0x11, 0x21, 0x01, 0x87, 0xbf,
  0xc2, 0x00, 0x10, 0xd6, 0xc1, 0x21, 0x05, 0x02, 0xc1, 0x83, 0x2f, 0x7c, 0xc2, 0x00, 0x55, 0xd6,
  0xc1, 0x85, 0xff, 0x03, 0xff, 0x7f, 0x00, 0x00, 0x90, 0xec, 0x83, 0x33, 0x12, 0x01, 0x87, 0xbf,
  0x90, 0x84, 0x85, 0x33, 0x81, 0x82, 0x83, 0x37, 0x91, 0x00, 0x87, 0xbf, 0xc1, 0x00, 0x55, 0xd6,
  0xf6, 0x83, 0xff, 0x03, 0xff, 0x7f, 0x00, 0x00, 0xff, 0x82, 0x83, 0x37, 0x00, 0x00, 0xff, 0xff,
  0x91, 0x00, 0x87, 0xbf, 0xc1, 0x00, 0x01, 0xd5, 0xff, 0x82, 0x03, 0x00, 0x00, 0x00, 0xff, 0x7f,
  0x48, 0x83, 0x83, 0x11, 0x21, 0x01, 0x87, 0xbf, 0xc3, 0x00, 0x10, 0xd6, 0xc1, 0x21, 0x05, 0x02,
  0x00, 0x00, 0x17, 0xd4, 0xc1, 0x83, 0x03, 0x00, 0xc3, 0x00, 0x55, 0xd6, 0xc1, 0x87, 0xff, 0x03,
  0xff, 0x7f, 0x00, 0x00, 0x90, 0x0e, 0x83, 0x33, 0x12, 0x01, 0x87, 0xbf, 0x90, 0x86, 0x87, 0x33,
  0x81, 0x82, 0x83, 0x37, 0x91, 0x00, 0x87, 0xbf, 0xc1, 0x00, 0x55, 0xd6, 0x87, 0x83, 0xff, 0x03,
  0xff, 0x7f, 0x00, 0x00, 0xff, 0x82, 0x83, 0x37, 0x00, 0x00, 0xff, 0xff, 0x91, 0x00, 0x87, 0xbf,
  0x87, 0x00, 0x01, 0xd5, 0xff, 0x82, 0x07, 0x00, 0x00, 0x00, 0xff, 0x7f, 0x49, 0x0f, 0x0f, 0x11,
  0x21, 0x01, 0x87, 0xbf, 0xc1, 0x00, 0x10, 0xd6, 0x87, 0x21, 0x05, 0x02, 0x01, 0x00, 0x17, 0xd4,
  0x87, 0x0f, 0x03, 0x00, 0xc1, 0x00, 0x55, 0xd6, 0x87, 0x83, 0xff, 0x03, 0xff, 0x7f, 0x00, 0x00,
  0x90, 0x10, 0x0f, 0x33, 0x12, 0x01, 0x87, 0xbf, 0x90, 0x82, 0x83, 0x33, 0x81, 0x0e, 0x0f, 0x37,
  0x12, 0x01, 0x87, 0xbf, 0xc1, 0x00, 0x01, 0xd5, 0xff, 0x82, 0x07, 0x00, 0xff, 0x7f, 0x00, 0x00,
  0x87, 0x00, 0x55, 0xd6, 0x88, 0x0f, 0xff, 0x03, 0xff, 0x7f, 0x00, 0x00, 0x01, 0x00, 0x17, 0xd4,
  0x90, 0x21, 0x03, 0x00, 0x92, 0x00, 0x87, 0xbf, 0xff, 0x0e, 0x0f, 0x37, 0x00, 0x00, 0xff, 0xff,
  0x87, 0x00, 0x01, 0xd5, 0xff, 0x0e, 0x0b, 0x00, 0x00, 0x00, 0xff, 0x7f, 0x91, 0x00, 0x87, 0xbf,
  0x46, 0x0f, 0x0f, 0x11, 0x88, 0x00, 0x10, 0xd6, 0x87, 0x21, 0x05, 0x02, 0x02, 0x00, 0x17, 0xd4,
  0x87, 0x0f, 0x03, 0x00, 0x92, 0x00, 0x87, 0xbf, 0x88, 0x00, 0x55, 0xd6, 0x87, 0x11, 0xff, 0x03,
  0xff, 0x7f, 0x00, 0x00, 0x90, 0x10, 0x11, 0x33, 0x01, 0x00, 0x87, 0xbf, 0x87, 0x00, 0x01, 0xd5,
  0xff, 0x10, 0x0b, 0x00, 0xff, 0x7f, 0x00, 0x00, 0xff, 0x84, 0x11, 0x03, 0xff, 0x7f, 0x00, 0x00,
  0xc2, 0x00, 0x01, 0xd5, 0xff, 0x86, 0x03, 0x00, 0xff, 0x7f, 0x00, 0x00, 0xf5, 0xeb, 0x2f, 0x7c,
  0x00, 0x00, 0x17, 0xd4, 0x86, 0x0d, 0x03, 0x00, 0x02, 0x00, 0x17, 0xd4, 0xe5, 0xcb, 0x03, 0x00,
  0x88, 0x00, 0x44, 0xd6, 0x88, 0x0f, 0xff, 0x03, 0x00, 0x01, 0x04, 0x05, 0x87, 0x00, 0x44, 0xd6,
  0xc1, 0x85, 0xff, 0x03, 0x00, 0x01, 0x04, 0x05, 0x90, 0xea, 0x83, 0x33, 0x91, 0x00, 0x87, 0xbf,
  0x81, 0x82, 0x83, 0x37, 0xc1, 0x00, 0x55, 0xd6, 0xf5, 0x83, 0xff, 0x03, 0xff, 0x7f, 0x00, 0x00,
  0x91, 0x00, 0x87, 0xbf, 0xff, 0x82, 0x83, 0x37, 0x00, 0x00, 0xff, 0xff, 0xff, 0x82, 0x83, 0x03,
  0x00, 0x00, 0xff, 0x7f, 0x91, 0x00, 0x87, 0xbf, 0x4b, 0x83, 0x83, 0x11, 0xc2, 0x00, 0x10, 0xd6,
  0xc1, 0x21, 0x05, 0x02, 0xc1, 0x83, 0x2f, 0x7c, 0x22, 0x01, 0x87, 0xbf, 0xc2, 0x00, 0x55, 0xd6,
  0xc1, 0x85, 0xff, 0x03, 0xff, 0x7f, 0x00, 0x00, 0x90, 0x0c, 0x83, 0x33, 0x90, 0x84, 0x85, 0x33,
  0x92, 0x00, 0x87, 0xbf, 0x81, 0x82, 0x83, 0x37, 0xc1, 0x00, 0x55, 0xd6, 0x86, 0x83, 0xff, 0x03,
  0xff, 0x7f, 0x00, 0x00, 0x91, 0x00, 0x87, 0xbf, 0xff, 0x82, 0x83, 0x37, 0x00, 0x00, 0xff, 0xff,
  0x86, 0x00, 0x01, 0xd5, 0xff, 0x82, 0x03, 0x00, 0x00, 0x00, 0xff, 0x7f, 0x91, 0x00, 0x87, 0xbf,
  0x4a, 0x0d, 0x0d, 0x11, 0xc1, 0x00, 0x10, 0xd6, 0x86, 0x21, 0x05, 0x02, 0x00, 0x00, 0x17, 0xd4,
  0x86, 0x0d, 0x03, 0x00, 0x92, 0x00, 0x87, 0xbf, 0xc1, 0x00, 0x55, 0xd6, 0x86, 0x83, 0xff, 0x03,
  0xff, 0x7f, 0x00, 0x00, 0x90, 0x82, 0x83, 0x33, 0xc1, 0x01, 0x87, 0xbf, 0x86, 0x00, 0x01, 0xd5,
  0xff, 0x82, 0x03, 0x00, 0xff, 0x7f, 0x00, 0x00, 0xff, 0x84, 0x83, 0x03, 0xff, 0x7f, 0x00, 0x00,
  0x8f, 0x1f, 0x2f, 0x7c, 0x00, 0x00, 0x17, 0xd4, 0x85, 0x0b, 0x03, 0x00, 0x86, 0x00, 0x44, 0xd6,
  0xc1, 0x0d, 0xff, 0x03, 0x00, 0x01, 0x04, 0x05, 0x90, 0x1e, 0x83, 0x33, 0x91, 0x00, 0x87, 0xbf,
  0x81, 0x82, 0x83, 0x37, 0xc1, 0x00, 0x55, 0xd6, 0x8f, 0x83, 0xff, 0x03, 0xff, 0x7f, 0x00, 0x00,
  0x91, 0x00, 0x87, 0xbf, 0xff, 0x82, 0x83, 0x37, 0x00, 0x00, 0xff, 0xff, 0xff, 0x82, 0x1f, 0x03,
  0x00, 0x00, 0xff, 0x7f, 0x91, 0x00, 0x87, 0xbf, 0x53, 0x1f, 0x1f, 0x11, 0xc1, 0x00, 0x10, 0xd6,
  0x8f, 0x21, 0x05, 0x02, 0x8f, 0x1f, 0x2f, 0x7c, 0x22, 0x01, 0x87, 0xbf, 0xc1, 0x00, 0x55, 0xd6,
  0x8f, 0x83, 0xff, 0x03, 0xff, 0x7f, 0x00, 0x00, 0x90, 0x0a, 0x1f, 0x33, 0x90, 0x82, 0x83, 0x33,
  0x92, 0x00, 0x87, 0xbf, 0x81, 0x1e, 0x1f, 0x37, 0x8f, 0x00, 0x55, 0xd6, 0x85, 0x1f, 0xff, 0x03,
  0xff, 0x7f, 0x00, 0x00, 0x91, 0x00, 0x87, 0xbf, 0xff, 0x1e, 0x1f, 0x37, 0x00, 0x00, 0xff, 0xff,
  0x85, 0x00, 0x01, 0xd5, 0xff, 0x1e, 0x03, 0x00, 0x00, 0x00, 0xff, 0x7f, 0x91, 0x00, 0x87, 0xbf,
  0x4c, 0x0b, 0x0b, 0x11, 0x8f, 0x00, 0x10, 0xd6, 0x85, 0x21, 0x05, 0x02, 0x00, 0x00, 0x17, 0xd4,
  0x85, 0x0b, 0x03, 0x00, 0x92, 0x00, 0x87, 0xbf, 0x8f, 0x00, 0x55, 0xd6, 0x85, 0x1f, 0xff, 0x03,
  0xff, 0x7f, 0x00, 0x00, 0x90, 0x1e, 0x1f, 0x33, 0xc1, 0x01, 0x87, 0xbf, 0x85, 0x00, 0x01, 0xd5,
  0xff, 0x1e, 0x03, 0x00, 0xff, 0x7f, 0x00, 0x00, 0xff, 0x82, 0x1f, 0x03, 0xff, 0x7f, 0x00, 0x00,
  0x8e, 0x1d, 0x2f, 0x7c, 0x00, 0x00, 0x17, 0xd4, 0x84, 0x09, 0x03, 0x00, 0x85, 0x00, 0x44, 0xd6,
  0x8f, 0x0b, 0xff, 0x03, 0x00, 0x01, 0x04, 0x05, 0x90, 0x1c, 0x1f, 0x33, 0x91, 0x00, 0x87, 0xbf,
  0x81, 0x1e, 0x1f, 0x37, 0x8f, 0x00, 0x55, 0xd6, 0x8e, 0x1f, 0xff, 0x03, 0xff, 0x7f, 0x00, 0x00,
  0x91, 0x00, 0x87, 0xbf, 0xff, 0x1e, 0x1f, 0x37, 0x00, 0x00, 0xff, 0xff, 0xff, 0x1e, 0x1d, 0x03,
  0x00, 0x00, 0xff, 0x7f, 0x91, 0x00, 0x87, 0xbf, 0x55, 0x1d, 0x1d, 0x11, 0x8f, 0x00, 0x10, 0xd6,
  0x8e, 0x21, 0x05, 0x02, 0x8e, 0x1d, 0x2f, 0x7c, 0x22, 0x01, 0x87, 0xbf, 0x8f, 0x00, 0x55, 0xd6,
  0x8e, 0x1f, 0xff, 0x03, 0xff, 0x7f, 0x00, 0x00, 0x90, 0x08, 0x1d, 0x33, 0x90, 0x1e, 0x1f, 0x33,
  0x92, 0x00, 0x87, 0xbf, 0x81, 0x1c, 0x1d, 0x37, 0x8e, 0x00, 0x55, 0xd6, 0x84, 0x1d, 0xff, 0x03,
  0xff, 0x7f, 0x00, 0x00, 0x91, 0x00, 0x87, 0xbf, 0xff, 0x1c, 0x1d, 0x37, 0x00, 0x00, 0xff, 0xff,
  0x84, 0x00, 0x01, 0xd5, 0xff, 0x1c, 0x03, 0x00, 0x00, 0x00, 0xff, 0x7f, 0x91, 0x00, 0x87, 0xbf,
  0x54, 0x09, 0x09, 0x11, 0x8e, 0x00, 0x10, 0xd6, 0x84, 0x21, 0x05, 0x02, 0x00, 0x00, 0x17, 0xd4,
  0x84, 0x09, 0x03, 0x00, 0x92, 0x00, 0x87, 0xbf, 0x8e, 0x00, 0x55, 0xd6, 0x84, 0x1d, 0xff, 0x03,
  0xff, 0x7f, 0x00, 0x00, 0x90, 0x1c, 0x1d, 0x33, 0xc1, 0x01, 0x87, 0xbf, 0x84, 0x00, 0x01, 0xd5,
  0xff, 0x1c, 0x03, 0x00, 0xff, 0x7f, 0x00, 0x00, 0xff, 0x1e, 0x1d, 0x03, 0xff, 0x7f, 0x00, 0x00,
  0x8d, 0x1b, 0x2f, 0x7c, 0x00, 0x00, 0x17, 0xd4, 0x83, 0x07, 0x03, 0x00, 0x84, 0x00, 0x44, 0xd6,
  0x8e, 0x09, 0xff, 0x03, 0x00, 0x01, 0x04, 0x05, 0x90, 0x1a, 0x1d, 0x33, 0x91, 0x00, 0x87, 0xbf,
  0x81, 0x1c, 0x1d, 0x37, 0x8e, 0x00, 0x55, 0xd6, 0x8d, 0x1d, 0xff, 0x03, 0xff, 0x7f, 0x00, 0x00,
  0x91, 0x00, 0x87, 0xbf, 0xff, 0x1c, 0x1d, 0x37, 0x00, 0x00, 0xff, 0xff, 0xff, 0x1c, 0x1b, 0x03,
  0x00, 0x00, 0xff, 0x7f, 0x91, 0x00, 0x87, 0xbf, 0x57, 0x1b, 0x1b, 0x11, 0x8e, 0x00, 0x10, 0xd6,
  0x8d, 0x21, 0x05, 0x02, 0x8d, 0x1b, 0x2f, 0x7c, 0x22, 0x01, 0x87, 0xbf, 0x8e, 0x00, 0x55, 0xd6,
  0x8d, 0x1d, 0xff, 0x03, 0xff, 0x7f, 0x00, 0x00, 0x90, 0x06, 0x1b, 0x33, 0x90, 0x1c, 0x1d, 0x33,
  0x92, 0x00, 0x87, 0xbf, 0x81, 0x1a, 0x1b, 0x37, 0x8d, 0x00, 0x55, 0xd6, 0x83, 0x1b, 0xff, 0x03,
  0xff, 0x7f, 0x00, 0x00, 0x91, 0x00, 0x87, 0xbf, 0xff, 0x1a, 0x1b, 0x37, 0x00, 0x00, 0xff, 0xff,
  0x83, 0x00, 0x01, 0xd5, 0xff, 0x1a, 0x03, 0x00, 0x00, 0x00, 0xff, 0x7f, 0x91, 0x00, 0x87, 0xbf,
  0x56, 0x07, 0x07, 0x11, 0x8d, 0x00, 0x10, 0xd6, 0x83, 0x21, 0x05, 0x02, 0x00, 0x00, 0x17, 0xd4,
  0x83, 0x07, 0x03, 0x00, 0x92, 0x00, 0x87, 0xbf, 0x8d, 0x00, 0x55, 0xd6, 0x83, 0x1b, 0xff, 0x03,
  0xff, 0x7f, 0x00, 0x00, 0x90, 0x1a, 0x1b, 0x33, 0xc1, 0x01, 0x87, 0xbf, 0x83, 0x00, 0x01, 0xd5,
  0xff, 0x1a, 0x03, 0x00, 0xff, 0x7f, 0x00, 0x00, 0xff, 0x1c, 0x1b, 0x03, 0xff, 0x7f, 0x00, 0x00,
  0x8a, 0x15, 0x2f, 0x7c, 0x00, 0x00, 0x17, 0xd4, 0x82, 0x05, 0x03, 0x00, 0x83, 0x00, 0x44, 0xd6,
  0x8d, 0x07, 0xff, 0x03, 0x00, 0x01, 0x04, 0x05, 0x90, 0x14, 0x1b, 0x33, 0x91, 0x00, 0x87, 0xbf,
  0x81, 0x1a, 0x1b, 0x37, 0x8d, 0x00, 0x55, 0xd6, 0x8a, 0x1b, 0xff, 0x03, 0xff, 0x7f, 0x00, 0x00,
  0x91, 0x00, 0x87, 0xbf, 0xff, 0x1a, 0x1b, 0x37, 0x00, 0x00, 0xff, 0xff, 0xff, 0x1a, 0x15, 0x03,
  0x00, 0x00, 0xff, 0x7f, 0x91, 0x00, 0x87, 0xbf, 0x59, 0x15, 0x15, 0x11, 0x8d, 0x00, 0x10, 0xd6,
  0x8a, 0x21, 0x05, 0x02, 0x8a, 0x15, 0x2f, 0x7c, 0x22, 0x01, 0x87, 0xbf, 0x8d, 0x00, 0x55, 0xd6,
  0x8a, 0x1b, 0xff, 0x03, 0xff, 0x7f, 0x00, 0x00, 0x90, 0x04, 0x15, 0x33, 0x90, 0x1a, 0x1b, 0x33,
  0x92, 0x00, 0x87, 0xbf, 0x81, 0x14, 0x15, 0x37, 0x8a, 0x00, 0x55, 0xd6, 0x82, 0x15, 0xff, 0x03,
  0xff, 0x7f, 0x00, 0x00, 0x91, 0x00, 0x87, 0xbf, 0xff, 0x14, 0x15, 0x37, 0x00, 0x00, 0xff, 0xff,
  0x82, 0x00, 0x01, 0xd5, 0xff, 0x14, 0x03, 0x00, 0x00, 0x00, 0xff, 0x7f, 0x91, 0x00, 0x87, 0xbf,
  0x58, 0x05, 0x05, 0x11, 0x8a, 0x00, 0x10, 0xd6, 0x82, 0x21, 0x05, 0x02, 0x00, 0x00, 0x17, 0xd4,
  0x82, 0x05, 0x03, 0x00, 0x92, 0x00, 0x87, 0xbf, 0x8a, 0x00, 0x55, 0xd6, 0x82, 0x15, 0xff, 0x03,
  0xff, 0x7f, 0x00, 0x00, 0x90, 0x14, 0x15, 0x33, 0xc1, 0x01, 0x87, 0xbf, 0x82, 0x00, 0x01, 0xd5,
  0xff, 0x14, 0x03, 0x00, 0xff, 0x7f, 0x00, 0x00, 0xff, 0x1a, 0x15, 0x03, 0xff, 0x7f, 0x00, 0x00,
  0x89, 0x13, 0x2f, 0x7c, 0x00, 0x00, 0x17, 0xd4, 0x81, 0x03, 0x03, 0x00, 0x82, 0x00, 0x44, 0xd6,
  0x8a, 0x05, 0xff, 0x03, 0x00, 0x01, 0x04, 0x05, 0x90, 0x12, 0x15, 0x33, 0x91, 0x00, 0x87, 0xbf,
  0x81, 0x14, 0x15, 0x37, 0x8a, 0x00, 0x55, 0xd6, 0x89, 0x15, 0xff, 0x03, 0xff, 0x7f, 0x00, 0x00,
  0x91, 0x00, 0x87, 0xbf, 0xff, 0x14, 0x15, 0x37, 0x00, 0x00, 0xff, 0xff, 0xff, 0x14, 0x13, 0x03,
  0x00, 0x00, 0xff, 0x7f, 0x91, 0x00, 0x87, 0xbf, 0x5b, 0x13, 0x13, 0x11, 0x8a, 0x00, 0x10, 0xd6,
  0x89, 0x21, 0x05, 0x02, 0x89, 0x13, 0x2f, 0x7c, 0x22, 0x01, 0x87, 0xbf, 0x8a, 0x00, 0x55, 0xd6,
  0x89, 0x15, 0xff, 0x03, 0xff, 0x7f, 0x00, 0x00, 0x90, 0x02, 0x13, 0x33, 0x90, 0x14, 0x15, 0x33,
  0x92, 0x00, 0x87, 0xbf, 0x81, 0x12, 0x13, 0x37, 0x89, 0x00, 0x55, 0xd6, 0x81, 0x13, 0xff, 0x03,
  0xff, 0x7f, 0x00, 0x00, 0x91, 0x00, 0x87, 0xbf, 0xff, 0x12, 0x13, 0x37, 0x00, 0x00, 0xff, 0xff,
  0x81, 0x00, 0x01, 0xd5, 0xff, 0x12, 0x03, 0x00, 0x00, 0x00, 0xff, 0x7f, 0x91, 0x00, 0x87, 0xbf,
  0x5a, 0x03, 0x03, 0x11, 0x89, 0x00, 0x10, 0xd6, 0x81, 0x21, 0x05, 0x02, 0x00, 0x00, 0x17, 0xd4,
  0x81, 0x03, 0x03, 0x00, 0x92, 0x00, 0x87, 0xbf, 0x89, 0x00, 0x55, 0xd6, 0x81, 0x13, 0xff, 0x03,
  0xff, 0x7f, 0x00, 0x00, 0x90, 0x12, 0x13, 0x33, 0xc1, 0x01, 0x87, 0xbf, 0x81, 0x00, 0x01, 0xd5,
  0xff, 0x12, 0x03, 0x00, 0xff, 0x7f, 0x00, 0x00, 0xff, 0x14, 0x13, 0x03, 0xff, 0x7f, 0x00, 0x00,
  0xe7, 0xcf, 0x2f, 0x7c, 0x00, 0x00, 0x17, 0xd4, 0xe6, 0xcd, 0x03, 0x00, 0x81, 0x00, 0x44, 0xd6,
  0x89, 0x03, 0xff, 0x03, 0x00, 0x01, 0x04, 0x05, 0x90, 0xce, 0x13, 0x33, 0x91, 0x00, 0x87, 0xbf,
  0x81, 0x12, 0x13, 0x37, 0x89, 0x00, 0x55, 0xd6, 0xe7, 0x13, 0xff, 0x03, 0xff, 0x7f, 0x00, 0x00,
  0x91, 0x00, 0x87, 0xbf, 0xff, 0x12, 0x13, 0x37, 0x00, 0x00, 0xff, 0xff, 0xff, 0x12, 0x13, 0x03,
  0x00, 0x00, 0xff, 0x7f, 0x91, 0x00, 0x87, 0xbf, 0x37, 0x13, 0x13, 0x11, 0x8a, 0x00, 0x10, 0xd6,
  0x89, 0x21, 0x05, 0x02, 0x89, 0x13, 0x2f, 0x7c, 0x22, 0x01, 0x87, 0xbf, 0x8a, 0x00, 0x55, 0xd6,
  0x89, 0x15, 0xff, 0x03, 0xff, 0x7f, 0x00, 0x00, 0x90, 0xcc, 0x13, 0x33, 0x90, 0x14, 0x15, 0x33,
  0x91, 0x00, 0x87, 0xbf, 0xff, 0x14, 0x65, 0xca, 0x81, 0x12, 0x89, 0x8a, 0xff, 0x7f, 0x00, 0x00,
  0x89, 0x00, 0x55, 0xd6, 0xe6, 0x13, 0xff, 0x03, 0xff, 0x7f, 0x00, 0x00, 0xe9, 0xd3, 0x2f, 0x7c,
  0x92, 0x00, 0x87, 0xbf, 0xff, 0x12, 0x13, 0x37, 0x00, 0x00, 0xff, 0xff, 0x89, 0x00, 0x01, 0xd5,
  0xff, 0x12, 0x03, 0x00, 0x00, 0x00, 0xff, 0x7f, 0x91, 0x00, 0x87, 0xbf, 0x38, 0x13, 0x13, 0x11,
  0x8d, 0x00, 0x10, 0xd6, 0x89, 0x21, 0x05, 0x02, 0x00, 0x00, 0x17, 0xd4, 0x89, 0x13, 0x03, 0x00,
  0x22, 0x01, 0x87, 0xbf, 0x8d, 0x00, 0x55, 0xd6, 0x89, 0x1b, 0xff, 0x03, 0xff, 0x7f, 0x00, 0x00,
  0x90, 0x20, 0x13, 0x33, 0x90, 0x1a, 0x1b, 0x33, 0x12, 0x01, 0x87, 0xbf, 0x81, 0x12, 0x13, 0x37,
  0x8d, 0x00, 0x01, 0xd5, 0xff, 0x1a, 0x03, 0x00, 0xff, 0x7f, 0x00, 0x00, 0x22, 0x01, 0x87, 0xbf,
  0x89, 0x00, 0x55, 0xd6, 0x90, 0x13, 0xff, 0x03, 0xff, 0x7f, 0x00, 0x00, 0x00, 0x00, 0x17, 0xd4,
  0xc0, 0x81, 0x03, 0x00, 0xff, 0x12, 0x13, 0x37, 0x00, 0x00, 0xff, 0xff, 0x91, 0x00, 0x87, 0xbf,
  0x89, 0x00, 0x01, 0xd5, 0xff, 0x12, 0x07, 0x00, 0x00, 0x00, 0xff, 0x7f, 0x39, 0x13, 0x13, 0x11,
  0x21, 0x01, 0x87, 0xbf, 0x8e, 0x00, 0x10, 0xd6, 0x89, 0x21, 0x05, 0x02, 0x01, 0x00, 0x17, 0xd4,
  0x89, 0x13, 0x03, 0x00, 0x8e, 0x00, 0x55, 0xd6, 0x89, 0x1d, 0xff, 0x03, 0xff, 0x7f, 0x00, 0x00,
  0x90, 0xca, 0x13, 0x33, 0x12, 0x01, 0x87, 0xbf, 0x90, 0x1c, 0x1d, 0x33, 0x81, 0x12, 0x13, 0x37,
  0x12, 0x01, 0x87, 0xbf, 0x8e, 0x00, 0x01, 0xd5, 0xff, 0x1c, 0x07, 0x00, 0xff, 0x7f, 0x00, 0x00,
  0x89, 0x00, 0x55, 0xd6, 0xe5, 0x13, 0xff, 0x03, 0xff, 0x7f, 0x00, 0x00, 0x01, 0x00, 0x17, 0xd4,
  0xbd, 0x7b, 0x03, 0x00, 0x92, 0x00, 0x87, 0xbf, 0xff, 0x12, 0x13, 0x37, 0x00, 0x00, 0xff, 0xff,
  0x89, 0x00, 0x01, 0xd5, 0xff, 0x12, 0x0b, 0x00, 0x00, 0x00, 0xff, 0x7f, 0x91, 0x00, 0x87, 0xbf,
  0x36, 0x13, 0x13, 0x11, 0x8f, 0x00, 0x10, 0xd6, 0x89, 0x21, 0x05, 0x02, 0x02, 0x00, 0x17, 0xd4,
  0x89, 0x13, 0x03, 0x00, 0x92, 0x00, 0x87, 0xbf, 0x8f, 0x00, 0x55, 0xd6, 0x89, 0x1f, 0xff, 0x03,
  0xff, 0x7f, 0x00, 0x00, 0x90, 0x1e, 0x1f, 0x33, 0xb1, 0x01, 0x87, 0xbf, 0x89, 0x00, 0x01, 0xd5,
  0xff, 0x1e, 0x0b, 0x00, 0xff, 0x7f, 0x00, 0x00, 0x8f, 0x00, 0x44, 0xd6, 0x8e, 0x1b, 0xff, 0x03,
  0x00, 0x01, 0x04, 0x05, 0x02, 0x00, 0x17, 0xd4, 0xbe, 0x7d, 0x03, 0x00, 0x90, 0x00, 0x44, 0xd6,
  0x8a, 0x13, 0xff, 0x03, 0x00, 0x01, 0x04, 0x05, 0x90, 0xd2, 0x13, 0x33, 0x91, 0x00, 0x87, 0xbf,
  0x81, 0x12, 0x13, 0x37, 0x89, 0x00, 0x55, 0xd6, 0xe9, 0x13, 0xff, 0x03, 0xff, 0x7f, 0x00, 0x00,
  0x91, 0x00, 0x87, 0xbf, 0xff, 0x12, 0x13, 0x37, 0x00, 0x00, 0xff, 0xff, 0xff, 0x12, 0x13, 0x03,
  0x00, 0x00, 0xff, 0x7f, 0x91, 0x00, 0x87, 0xbf, 0x3b, 0x13, 0x13, 0x11, 0x8a, 0x00, 0x10, 0xd6,
  0x89, 0x21, 0x05, 0x02, 0x89, 0x13, 0x2f, 0x7c, 0x22, 0x01, 0x87, 0xbf, 0x8a, 0x00, 0x55, 0xd6,
  0x89, 0x15, 0xff, 0x03, 0xff, 0x7f, 0x00, 0x00, 0x90, 0x80, 0x13, 0x33, 0x90, 0x14, 0x15, 0x33,
  0x91, 0x00, 0x87, 0xbf, 0xff, 0x14, 0x65, 0xca, 0x81, 0x12, 0x89, 0x8a, 0xff, 0x7f, 0x00, 0x00,
  0x89, 0x00, 0x55, 0xd6, 0xc0, 0x13, 0xff, 0x03, 0xff, 0x7f, 0x00, 0x00, 0xbc, 0x79, 0x2f, 0x7c,
  0x92, 0x00, 0x87, 0xbf, 0xff, 0x12, 0x13, 0x37, 0x00, 0x00, 0xff, 0xff, 0x89, 0x00, 0x01, 0xd5,
  0xff, 0x12, 0x03, 0x00, 0x00, 0x00, 0xff, 0x7f, 0x91, 0x00, 0x87, 0xbf, 0x3a, 0x13, 0x13, 0x11,
  0x8d, 0x00, 0x10, 0xd6, 0x89, 0x21, 0x05, 0x02, 0x00, 0x00, 0x17, 0xd4, 0x89, 0x13, 0x03, 0x00,
  0x92, 0x00, 0x87, 0xbf, 0x8d, 0x00, 0x55, 0xd6, 0x89, 0x1b, 0xff, 0x03, 0xff, 0x7f, 0x00, 0x00,
  0x90, 0x1a, 0x1b, 0x33, 0x21, 0x01, 0x87, 0xbf, 0x89, 0x00, 0x01, 0xd5, 0xff, 0x1a, 0x03, 0x00,
  0xff, 0x7f, 0x00, 0x00, 0x00, 0x00, 0x17, 0xd4, 0xbb, 0x77, 0x03, 0x00, 0x8e, 0x00, 0x44, 0xd6,
  0x8a, 0x13, 0xff, 0x03, 0x00, 0x01, 0x04, 0x05, 0x90, 0x78, 0x13, 0x33, 0x91, 0x00, 0x87, 0xbf,
  0x81, 0x12, 0x13, 0x37, 0x89, 0x00, 0x55, 0xd6, 0xbc, 0x13, 0xff, 0x03, 0xff, 0x7f, 0x00, 0x00,
  0x91, 0x00, 0x87, 0xbf, 0xff, 0x12, 0x13, 0x37, 0x00, 0x00, 0xff, 0xff, 0xff, 0x12, 0x13, 0x03,
  0x00, 0x00, 0xff, 0x7f, 0x91, 0x00, 0x87, 0xbf, 0x3d, 0x13, 0x13, 0x11, 0x8a, 0x00, 0x10, 0xd6,
  0x89, 0x21, 0x05, 0x02, 0x89, 0x13, 0x2f, 0x7c, 0x22, 0x01, 0x87, 0xbf, 0x8a, 0x00, 0x55, 0xd6,
  0x89, 0x15, 0xff, 0x03, 0xff, 0x7f, 0x00, 0x00, 0x90, 0x76, 0x13, 0x33, 0x90, 0x14, 0x15, 0x33,
  0x91, 0x00, 0x87, 0xbf, 0xff, 0x14, 0x65, 0xca, 0x81, 0x12, 0x89, 0x8a, 0xff, 0x7f, 0x00, 0x00,
  0x89, 0x00, 0x55, 0xd6, 0xbb, 0x13, 0xff, 0x03, 0xff, 0x7f, 0x00, 0x00, 0x98, 0x31, 0x2f, 0x7c,
  0x92, 0x00, 0x87, 0xbf, 0xff, 0x12, 0x13, 0x37, 0x00, 0x00, 0xff, 0xff, 0x89, 0x00, 0x01, 0xd5,
  0xff, 0x12, 0x03, 0x00, 0x00, 0x00, 0xff, 0x7f, 0x91, 0x00, 0x87, 0xbf, 0x3c, 0x13, 0x13, 0x11,
  0x8d, 0x00, 0x10, 0xd6, 0x89, 0x21, 0x05, 0x02, 0x00, 0x00, 0x17, 0xd4, 0x89, 0x13, 0x03, 0x00,
  0x92, 0x00, 0x87, 0xbf, 0x8d, 0x00, 0x55, 0xd6, 0x89, 0x1b, 0xff, 0x03, 0xff, 0x7f, 0x00, 0x00,
  0x90, 0x1a, 0x1b, 0x33, 0x21, 0x01, 0x87, 0xbf, 0x89, 0x00, 0x01, 0xd5, 0xff, 0x1a, 0x03, 0x00,
  0xff, 0x7f, 0x00, 0x00, 0x00, 0x00, 0x17, 0xd4, 0x8c, 0x19, 0x03, 0x00, 0x8d, 0x00, 0x44, 0xd6,
  0x8a, 0x13, 0xff, 0x03, 0x00, 0x01, 0x04, 0x05, 0x90, 0x30, 0x13, 0x33, 0x91, 0x00, 0x87, 0xbf,
  0x81, 0x12, 0x13, 0x37, 0x89, 0x00, 0x55, 0xd6, 0x98, 0x13, 0xff, 0x03, 0xff, 0x7f, 0x00, 0x00,
  0x91, 0x00, 0x87, 0xbf, 0xff, 0x12, 0x13, 0x37, 0x00, 0x00, 0xff, 0xff, 0xff, 0x12, 0x13, 0x03,
  0x00, 0x00, 0xff, 0x7f, 0x91, 0x00, 0x87, 0xbf, 0x3f, 0x13, 0x13, 0x11, 0x8a, 0x00, 0x10, 0xd6,
  0x89, 0x21, 0x05, 0x02, 0x89, 0x13, 0x2f, 0x7c, 0x22, 0x01, 0x87, 0xbf, 0x8a, 0x00, 0x55, 0xd6,
  0x89, 0x15, 0xff, 0x03, 0xff, 0x7f, 0x00, 0x00, 0x90, 0x18, 0x13, 0x33, 0x90, 0x14, 0x15, 0x33,
  0x91, 0x00, 0x87, 0xbf, 0xff, 0x14, 0x65, 0xca, 0x81, 0x12, 0x89, 0x8a, 0xff, 0x7f, 0x00, 0x00,
  0x89, 0x00, 0x55, 0xd6, 0x8c, 0x13, 0xff, 0x03, 0xff, 0x7f, 0x00, 0x00, 0x97, 0x2f, 0x2f, 0x7c,
  0x92, 0x00, 0x87, 0xbf, 0xff, 0x12, 0x13, 0x37, 0x00, 0x00, 0xff, 0xff, 0x89, 0x00, 0x01, 0xd5,
  0xff, 0x12, 0x03, 0x00, 0x00, 0x00, 0xff, 0x7f, 0x91, 0x00, 0x87, 0xbf, 0x3e, 0x13, 0x13, 0x11,
  0x8c, 0x00, 0x10, 0xd6, 0x89, 0x21, 0x05, 0x02, 0x00, 0x00, 0x17, 0xd4, 0x89, 0x13, 0x03, 0x00,
  0x92, 0x00, 0x87, 0xbf, 0x8c, 0x00, 0x55, 0xd6, 0x89, 0x19, 0xff, 0x03, 0xff, 0x7f, 0x00, 0x00,
  0x90, 0x18, 0x19, 0x33, 0x21, 0x01, 0x87, 0xbf, 0x89, 0x00, 0x01, 0xd5, 0xff, 0x18, 0x03, 0x00,
  0xff, 0x7f, 0x00, 0x00, 0x00, 0x00, 0x17, 0xd4, 0x8b, 0x17, 0x03, 0x00, 0x8c, 0x00, 0x44, 0xd6,
  0x8a, 0x13, 0xff, 0x03, 0x00, 0x01, 0x04, 0x05, 0x90, 0x2e, 0x13, 0x33, 0x91, 0x00, 0x87, 0xbf,
  0x81, 0x12, 0x13, 0x37, 0x89, 0x00, 0x55, 0xd6, 0x97, 0x13, 0xff, 0x03, 0xff, 0x7f, 0x00, 0x00,
  0x91, 0x00, 0x87, 0xbf, 0xff, 0x12, 0x13, 0x37, 0x00, 0x00, 0xff, 0xff, 0xff, 0x12, 0x13, 0x03,
  0x00, 0x00, 0xff, 0x7f, 0x91, 0x00, 0x87, 0xbf, 0x41, 0x13, 0x13, 0x11, 0x8a, 0x00, 0x10, 0xd6,
  0x89, 0x21, 0x05, 0x02, 0x89, 0x13, 0x2f, 0x7c, 0x22, 0x01, 0x87, 0xbf, 0x8a, 0x00, 0x55, 0xd6,
  0x89, 0x15, 0xff, 0x03, 0xff, 0x7f, 0x00, 0x00, 0x90, 0x16, 0x13, 0x33, 0x90, 0x14, 0x15, 0x33,
  0x91, 0x00, 0x87, 0xbf, 0xff, 0x14, 0x65, 0xca, 0x81, 0x12, 0x89, 0x8a, 0xff, 0x7f, 0x00, 0x00,
  0x89, 0x00, 0x55, 0xd6, 0x8b, 0x13, 0xff, 0x03, 0xff, 0x7f, 0x00, 0x00, 0x96, 0x2d, 0x2f, 0x7c,
  0x92, 0x00, 0x87, 0xbf, 0xff, 0x12, 0x13, 0x37, 0x00, 0x00, 0xff, 0xff, 0x89, 0x00, 0x01, 0xd5,
  0xff, 0x12, 0x03, 0x00, 0x00, 0x00, 0xff, 0x7f, 0x91, 0x00, 0x87, 0xbf, 0x40, 0x13, 0x13, 0x11,
  0x8b, 0x00, 0x10, 0xd6, 0x89, 0x21, 0x05, 0x02, 0x00, 0x00, 0x17, 0xd4, 0x89, 0x13, 0x03, 0x00,
  0x92, 0x00, 0x87, 0xbf, 0x8b, 0x00, 0x55, 0xd6, 0x89, 0x17, 0xff, 0x03, 0xff, 0x7f, 0x00, 0x00,
  0x90, 0x16, 0x17, 0x33, 0x21, 0x01, 0x87, 0xbf, 0x89, 0x00, 0x01, 0xd5, 0xff, 0x16, 0x03, 0x00,
  0xff, 0x7f, 0x00, 0x00, 0x00, 0x00, 0x17, 0xd4, 0x95, 0x2b, 0x03, 0x00, 0x8b, 0x00, 0x44, 0xd6,
  0x8a, 0x13, 0xff, 0x03, 0x00, 0x01, 0x04, 0x05, 0x90, 0x2c, 0x13, 0x33, 0x91, 0x00, 0x87, 0xbf,
  0x81, 0x12, 0x13, 0x37, 0x89, 0x00, 0x55, 0xd6, 0x96, 0x13, 0xff, 0x03, 0xff, 0x7f, 0x00, 0x00,
  0x91, 0x00, 0x87, 0xbf, 0xff, 0x12, 0x13, 0x37, 0x00, 0x00, 0xff, 0xff, 0xff, 0x12, 0x13, 0x03,
  0x00, 0x00, 0xff, 0x7f, 0x91, 0x00, 0x87, 0xbf, 0x43, 0x13, 0x13, 0x11, 0x8a, 0x00, 0x10, 0xd6,
  0x89, 0x21, 0x05, 0x02, 0x89, 0x13, 0x2f, 0x7c, 0x22, 0x01, 0x87, 0xbf, 0x8a, 0x00, 0x55, 0xd6,
  0x89, 0x15, 0xff, 0x03, 0xff, 0x7f, 0x00, 0x00, 0x90, 0x2a, 0x13, 0x33, 0x90, 0x14, 0x15, 0x33,
  0x91, 0x00, 0x87, 0xbf, 0xff, 0x14, 0x65, 0xca, 0x81, 0x12, 0x89, 0x8a, 0xff, 0x7f, 0x00, 0x00,
  0x89, 0x00, 0x55, 0xd6, 0x95, 0x13, 0xff, 0x03, 0xff, 0x7f, 0x00, 0x00, 0x94, 0x29, 0x2f, 0x7c,
  0x92, 0x00, 0x87, 0xbf, 0xff, 0x12, 0x13, 0x37, 0x00, 0x00, 0xff, 0xff, 0x89, 0x00, 0x01, 0xd5,
  0xff, 0x12, 0x03, 0x00, 0x00, 0x00, 0xff, 0x7f, 0x91, 0x00, 0x87, 0xbf, 0x42, 0x13, 0x13, 0x11,
  0x95, 0x00, 0x10, 0xd6, 0x89, 0x21, 0x05, 0x02, 0x00, 0x00, 0x17, 0xd4, 0x89, 0x13, 0x03, 0x00,
  0x92, 0x00, 0x87, 0xbf, 0x95, 0x00, 0x55, 0xd6, 0x89, 0x2b, 0xff, 0x03, 0xff, 0x7f, 0x00, 0x00,
  0x90, 0x2a, 0x2b, 0x33, 0x21, 0x01, 0x87, 0xbf, 0x89, 0x00, 0x01, 0xd5, 0xff, 0x2a, 0x03, 0x00,
  0xff, 0x7f, 0x00, 0x00, 0x00, 0x00, 0x17, 0xd4, 0x93, 0x27, 0x03, 0x00, 0x8a, 0x00, 0x44, 0xd6,
  0x8a, 0x13, 0xff, 0x03, 0x00, 0x01, 0x04, 0x05, 0x90, 0x28, 0x13, 0x33, 0x91, 0x00, 0x87, 0xbf,
  0x81, 0x12, 0x13, 0x37, 0x89, 0x00, 0x55, 0xd6, 0x94, 0x13, 0xff, 0x03, 0xff, 0x7f, 0x00, 0x00,
  0x91, 0x00, 0x87, 0xbf, 0xff, 0x12, 0x13, 0x37, 0x00, 0x00, 0xff, 0xff, 0xff, 0x12, 0x13, 0x03,
  0x00, 0x00, 0xff, 0x7f, 0x91, 0x00, 0x87, 0xbf, 0x45, 0x13, 0x13, 0x11, 0x94, 0x00, 0x10, 0xd6,
  0x89, 0x21, 0x05, 0x02, 0x89, 0x13, 0x2f, 0x7c, 0x22, 0x01, 0x87, 0xbf, 0x94, 0x00, 0x55, 0xd6,
  0x89, 0x29, 0xff, 0x03, 0xff, 0x7f, 0x00, 0x00, 0x90, 0x26, 0x13, 0x33, 0x90, 0x28, 0x29, 0x33,
  0x92, 0x00, 0x87, 0xbf, 0x81, 0x12, 0x13, 0x37, 0x89, 0x00, 0x55, 0xd6, 0x93, 0x13, 0xff, 0x03,
  0xff, 0x7f, 0x00, 0x00, 0x91, 0x00, 0x87, 0xbf, 0xff, 0x12, 0x13, 0x37, 0x00, 0x00, 0xff, 0xff,
  0x89, 0x00, 0x01, 0xd5, 0xff, 0x12, 0x03, 0x00, 0x00, 0x00, 0xff, 0x7f, 0x91, 0x00, 0x87, 0xbf,
  0x44, 0x13, 0x13, 0x11, 0x93, 0x00, 0x10, 0xd6, 0x89, 0x21, 0x05, 0x02, 0x00, 0x00, 0x17, 0xd4,
  0x89, 0x13, 0x03, 0x00, 0x92, 0x00, 0x87, 0xbf, 0x93, 0x00, 0x55, 0xd6, 0x89, 0x27, 0xff, 0x03,
  0xff, 0x7f, 0x00, 0x00, 0x90, 0x26, 0x27, 0x33, 0xc1, 0x01, 0x87, 0xbf, 0x89, 0x00, 0x01, 0xd5,
  0xff, 0x26, 0x03, 0x00, 0xff, 0x7f, 0x00, 0x00, 0xff, 0x28, 0x27, 0x03, 0xff, 0x7f, 0x00, 0x00,
  0xd5, 0xab, 0x2f, 0x7c, 0x00, 0x00, 0x17, 0xd4, 0xbf, 0x7f, 0x03, 0x00, 0x89, 0x00, 0x44, 0xd6,
  0x93, 0x13, 0xff, 0x03, 0x00, 0x01, 0x04, 0x05, 0x90, 0xaa, 0x27, 0x33, 0x91, 0x00, 0x87, 0xbf,
  0x81, 0x26, 0x27, 0x37, 0x93, 0x00, 0x55, 0xd6, 0xd5, 0x27, 0xff, 0x03, 0xff, 0x7f, 0x00, 0x00,
  0x91, 0x00, 0x87, 0xbf, 0xff, 0x26, 0x27, 0x37, 0x00, 0x00, 0xff, 0xff, 0xff, 0x26, 0x27, 0x03,
  0x00, 0x00, 0xff, 0x7f, 0x91, 0x00, 0x87, 0xbf, 0x27, 0x27, 0x27, 0x11, 0x94, 0x00, 0x10, 0xd6,
  0x93, 0x21, 0x05, 0x02, 0x93, 0x27, 0x2f, 0x7c, 0x22, 0x01, 0x87, 0xbf, 0x94, 0x00, 0x55, 0xd6,
  0x93, 0x29, 0xff, 0x03, 0xff, 0x7f, 0x00, 0x00, 0x90, 0x7e, 0x27, 0x33, 0x90, 0x28, 0x29, 0x33,
  0x91, 0x00, 0x87, 0xbf, 0xff, 0x28, 0x65, 0xca, 0x81, 0x26, 0x93, 0x94, 0xff, 0x7f, 0x00, 0x00,
  0x93, 0x00, 0x55, 0xd6, 0xbf, 0x27, 0xff, 0x03, 0xff, 0x7f, 0x00, 0x00, 0xb9, 0x73, 0x2f, 0x7c,
  0x92, 0x00, 0x87, 0xbf, 0xff, 0x26, 0x27, 0x37, 0x00, 0x00, 0xff, 0xff, 0x93, 0x00, 0x01, 0xd5,
  0xff, 0x26, 0x03, 0x00, 0x00, 0x00, 0xff, 0x7f, 0x91, 0x00, 0x87, 0xbf, 0x28, 0x27, 0x27, 0x11,
  0x95, 0x00, 0x10, 0xd6, 0x93, 0x21, 0x05, 0x02, 0x00, 0x00, 0x17, 0xd4, 0x93, 0x27, 0x03, 0x00,
  0x22, 0x01, 0x87, 0xbf, 0x95, 0x00, 0x55, 0xd6, 0x93, 0x2b, 0xff, 0x03, 0xff, 0x7f, 0x00, 0x00,
  0x90, 0x7a, 0x27, 0x33, 0x90, 0x2a, 0x2b, 0x33, 0x12, 0x01, 0x87, 0xbf, 0x81, 0x26, 0x27, 0x37,
  0x95, 0x00, 0x01, 0xd5, 0xff, 0x2a, 0x03, 0x00, 0xff, 0x7f, 0x00, 0x00, 0x22, 0x01, 0x87, 0xbf,
  0x93, 0x00, 0x55, 0xd6, 0xbd, 0x27, 0xff, 0x03, 0xff, 0x7f, 0x00, 0x00, 0x00, 0x00, 0x17, 0xd4,
  0xb8, 0x71, 0x03, 0x00, 0xff, 0x26, 0x27, 0x37, 0x00, 0x00, 0xff, 0xff, 0x91, 0x00, 0x87, 0xbf,
  0x93, 0x00, 0x01, 0xd5, 0xff, 0x26, 0x07, 0x00, 0x00, 0x00, 0xff, 0x7f, 0x29, 0x27, 0x27, 0x11,
  0x21, 0x01, 0x87, 0xbf, 0x96, 0x00, 0x10, 0xd6, 0x93, 0x21, 0x05, 0x02, 0x01, 0x00, 0x17, 0xd4,
  0x93, 0x27, 0x03, 0x00, 0x96, 0x00, 0x55, 0xd6, 0x93, 0x2d, 0xff, 0x03, 0xff, 0x7f, 0x00, 0x00,
  0x90, 0x7c, 0x27, 0x33, 0x12, 0x01, 0x87, 0xbf, 0x90, 0x2c, 0x2d, 0x33, 0x81, 0x26, 0x27, 0x37,
  0x12, 0x01, 0x87, 0xbf, 0x96, 0x00, 0x01, 0xd5, 0xff, 0x2c, 0x07, 0x00, 0xff, 0x7f, 0x00, 0x00,
  0x93, 0x00, 0x55, 0xd6, 0xbe, 0x27, 0xff, 0x03, 0xff, 0x7f, 0x00, 0x00, 0x01, 0x00, 0x17, 0xd4,
  0xb5, 0x6b, 0x03, 0x00, 0x92, 0x00, 0x87, 0xbf, 0xff, 0x26, 0x27, 0x37, 0x00, 0x00, 0xff, 0xff,
  0x93, 0x00, 0x01, 0xd5, 0xff, 0x26, 0x0b, 0x00, 0x00, 0x00, 0xff, 0x7f, 0x91, 0x00, 0x87, 0xbf,
  0x26, 0x27, 0x27, 0x11, 0x97, 0x00, 0x10, 0xd6, 0x93, 0x21, 0x05, 0x02, 0x02, 0x00, 0x17, 0xd4,
  0x93, 0x27, 0x03, 0x00, 0x92, 0x00, 0x87, 0xbf, 0x97, 0x00, 0x55, 0xd6, 0x93, 0x2f, 0xff, 0x03,
  0xff, 0x7f, 0x00, 0x00, 0x90, 0x2e, 0x2f, 0x33, 0xb1, 0x01, 0x87, 0xbf, 0x93, 0x00, 0x01, 0xd5,
  0xff, 0x2e, 0x0b, 0x00, 0xff, 0x7f, 0x00, 0x00, 0x97, 0x00, 0x44, 0xd6, 0x96, 0x2b, 0xff, 0x03,
  0x00, 0x01, 0x04, 0x05, 0x02, 0x00, 0x17, 0xd4, 0xb3, 0x67, 0x03, 0x00, 0x98, 0x00, 0x44, 0xd6,
  0x94, 0x27, 0xff, 0x03, 0x00, 0x01, 0x04, 0x05, 0x90, 0x72, 0x27, 0x33, 0x91, 0x00, 0x87, 0xbf,
  0x81, 0x26, 0x27, 0x37, 0x93, 0x00, 0x55, 0xd6, 0xb9, 0x27, 0xff, 0x03, 0xff, 0x7f, 0x00, 0x00,
  0x91, 0x00, 0x87, 0xbf, 0xff, 0x26, 0x27, 0x37, 0x00, 0x00, 0xff, 0xff, 0xff, 0x26, 0x27, 0x03,
  0x00, 0x00, 0xff, 0x7f, 0x91, 0x00, 0x87, 0xbf, 0x2b, 0x27, 0x27, 0x11, 0x94, 0x00, 0x10, 0xd6,
  0x93, 0x21, 0x05, 0x02, 0x93, 0x27, 0x2f, 0x7c, 0x22, 0x01, 0x87, 0xbf, 0x94, 0x00, 0x55, 0xd6,
  0x93, 0x29, 0xff, 0x03, 0xff, 0x7f, 0x00, 0x00, 0x90, 0x70, 0x27, 0x33, 0x90, 0x28, 0x29, 0x33,
  0x91, 0x00, 0x87, 0xbf, 0xff, 0x28, 0x65, 0xca, 0x81, 0x26, 0x93, 0x94, 0xff, 0x7f, 0x00, 0x00,
  0x93, 0x00, 0x55, 0xd6, 0xb8, 0x27, 0xff, 0x03, 0xff, 0x7f, 0x00, 0x00, 0xb6, 0x6d, 0x2f, 0x7c,
  0x92, 0x00, 0x87, 0xbf, 0xff, 0x26, 0x27, 0x37, 0x00, 0x00, 0xff, 0xff, 0x93, 0x00, 0x01, 0xd5,
  0xff, 0x26, 0x03, 0x00, 0x00, 0x00, 0xff, 0x7f, 0x91, 0x00, 0x87, 0xbf, 0x2a, 0x27, 0x27, 0x11,
  0x95, 0x00, 0x10, 0xd6, 0x93, 0x21, 0x05, 0x02, 0x00, 0x00, 0x17, 0xd4, 0x93, 0x27, 0x03, 0x00,
  0x92, 0x00, 0x87, 0xbf, 0x95, 0x00, 0x55, 0xd6, 0x93, 0x2b, 0xff, 0x03, 0xff, 0x7f, 0x00, 0x00,
  0x90, 0x2a, 0x2b, 0x33, 0x21, 0x01, 0x87, 0xbf, 0x93, 0x00, 0x01, 0xd5, 0xff, 0x2a, 0x03, 0x00,
  0xff, 0x7f, 0x00, 0x00, 0x00, 0x00, 0x17, 0xd4, 0xb4, 0x69, 0x03, 0x00, 0x96, 0x00, 0x44, 0xd6,
  0x94, 0x27, 0xff, 0x03, 0x00, 0x01, 0x04, 0x05, 0x90, 0x6c, 0x27, 0x33, 0x91, 0x00, 0x87, 0xbf,
  0x81, 0x26, 0x27, 0x37, 0x93, 0x00, 0x55, 0xd6, 0xb6, 0x27, 0xff, 0x03, 0xff, 0x7f, 0x00, 0x00,
  0x91, 0x00, 0x87, 0xbf, 0xff, 0x26, 0x27, 0x37, 0x00, 0x00, 0xff, 0xff, 0xff, 0x26, 0x27, 0x03,
  0x00, 0x00, 0xff, 0x7f, 0x91, 0x00, 0x87, 0xbf, 0x2d, 0x27, 0x27, 0x11, 0x94, 0x00, 0x10, 0xd6,
  0x93, 0x21, 0x05, 0x02, 0x93, 0x27, 0x2f, 0x7c, 0x22, 0x01, 0x87, 0xbf, 0x94, 0x00, 0x55, 0xd6,
  0x93, 0x29, 0xff, 0x03, 0xff, 0x7f, 0x00, 0x00, 0x90, 0x68, 0x27, 0x33, 0x90, 0x28, 0x29, 0x33,
  0x91, 0x00, 0x87, 0xbf, 0xff, 0x28, 0x65, 0xca, 0x81, 0x26, 0x93, 0x94, 0xff, 0x7f, 0x00, 0x00,
  0x93, 0x00, 0x55, 0xd6, 0xb4, 0x27, 0xff, 0x03, 0xff, 0x7f, 0x00, 0x00, 0xb2, 0x65, 0x2f, 0x7c,
  0x92, 0x00, 0x87, 0xbf, 0xff, 0x26, 0x27, 0x37, 0x00, 0x00, 0xff, 0xff, 0x93, 0x00, 0x01, 0xd5,
  0xff, 0x26, 0x03, 0x00, 0x00, 0x00, 0xff, 0x7f, 0x91, 0x00, 0x87, 0xbf, 0x2c, 0x27, 0x27, 0x11,
  0x95, 0x00, 0x10, 0xd6, 0x93, 0x21, 0x05, 0x02, 0x00, 0x00, 0x17, 0xd4, 0x93, 0x27, 0x03, 0x00,
  0x92, 0x00, 0x87, 0xbf, 0x95, 0x00, 0x55, 0xd6, 0x93, 0x2b, 0xff, 0x03, 0xff, 0x7f, 0x00, 0x00,
  0x90, 0x2a, 0x2b, 0x33, 0x21, 0x01, 0x87, 0xbf, 0x93, 0x00, 0x01, 0xd5, 0xff, 0x2a, 0x03, 0x00,
  0xff, 0x7f, 0x00, 0x00, 0x00, 0x00, 0x17, 0xd4, 0xb1, 0x63, 0x03, 0x00, 0x95, 0x00, 0x44, 0xd6,
  0x94, 0x27, 0xff, 0x03, 0x00, 0x01, 0x04, 0x05, 0x90, 0x64, 0x27, 0x33, 0x91, 0x00, 0x87, 0xbf,
  0x81, 0x26, 0x27, 0x37, 0x93, 0x00, 0x55, 0xd6, 0xb2, 0x27, 0xff, 0x03, 0xff, 0x7f, 0x00, 0x00,
  0x91, 0x00, 0x87, 0xbf, 0xff, 0x26, 0x27, 0x37, 0x00, 0x00, 0xff, 0xff, 0xff, 0x26, 0x27, 0x03,
  0x00, 0x00, 0xff, 0x7f, 0x91, 0x00, 0x87, 0xbf, 0x2f, 0x27, 0x27, 0x11, 0x94, 0x00, 0x10, 0xd6,
  0x93, 0x21, 0x05, 0x02, 0x93, 0x27, 0x2f, 0x7c, 0x22, 0x01, 0x87, 0xbf, 0x94, 0x00, 0x55, 0xd6,
  0x93, 0x29, 0xff, 0x03, 0xff, 0x7f, 0x00, 0x00, 0x90, 0x62, 0x27, 0x33, 0x90, 0x28, 0x29, 0x33,
  0x91, 0x00, 0x87, 0xbf, 0xff, 0x28, 0x65, 0xca, 0x81, 0x26, 0x93, 0x94, 0xff, 0x7f, 0x00, 0x00,
  0x93, 0x00, 0x55, 0xd6, 0xb1, 0x27, 0xff, 0x03, 0xff, 0x7f, 0x00, 0x00, 0xb0, 0x61, 0x2f, 0x7c,
  0x92, 0x00, 0x87, 0xbf, 0xff, 0x26, 0x27, 0x37, 0x00, 0x00, 0xff, 0xff, 0x93, 0x00, 0x01, 0xd5,
  0xff, 0x26, 0x03, 0x00, 0x00, 0x00, 0xff, 0x7f, 0x91, 0x00, 0x87, 0xbf, 0x2e, 0x27, 0x27, 0x11,
  0xb1, 0x00, 0x10, 0xd6, 0x93, 0x21, 0x05, 0x02, 0x00, 0x00, 0x17, 0xd4, 0x93, 0x27, 0x03, 0x00,
  0x92, 0x00, 0x87, 0xbf, 0xb1, 0x00, 0x55, 0xd6, 0x93, 0x63, 0xff, 0x03, 0xff, 0x7f, 0x00, 0x00,
  0x90, 0x62, 0x63, 0x33, 0x21, 0x01, 0x87, 0xbf, 0x93, 0x00, 0x01, 0xd5, 0xff, 0x62, 0x03, 0x00,
  0xff, 0x7f, 0x00, 0x00, 0x00, 0x00, 0x17, 0xd4, 0xaf, 0x5f, 0x03, 0x00, 0x94, 0x00, 0x44, 0xd6,
  0x94, 0x27, 0xff, 0x03, 0x00, 0x01, 0x04, 0x05, 0x90, 0x60, 0x27, 0x33, 0x91, 0x00, 0x87, 0xbf,
  0x81, 0x26, 0x27, 0x37, 0x93, 0x00, 0x55, 0xd6, 0xb0, 0x27, 0xff, 0x03, 0xff, 0x7f, 0x00, 0x00,
  0x91, 0x00, 0x87, 0xbf, 0xff, 0x26, 0x27, 0x37, 0x00, 0x00, 0xff, 0xff, 0xff, 0x26, 0x27, 0x03,
  0x00, 0x00, 0xff, 0x7f, 0x91, 0x00, 0x87, 0xbf, 0x31, 0x27, 0x27, 0x11, 0xb0, 0x00, 0x10, 0xd6,
  0x93, 0x21, 0x05, 0x02, 0x93, 0x27, 0x2f, 0x7c, 0x22, 0x01, 0x87, 0xbf, 0xb0, 0x00, 0x55, 0xd6,
  0x93, 0x61, 0xff, 0x03, 0xff, 0x7f, 0x00, 0x00, 0x90, 0x5e, 0x27, 0x33, 0x90, 0x60, 0x61, 0x33,
  0x92, 0x00, 0x87, 0xbf, 0x81, 0x26, 0x27, 0x37, 0x93, 0x00, 0x55, 0xd6, 0xaf, 0x27, 0xff, 0x03,
  0xff, 0x7f, 0x00, 0x00, 0x91, 0x00, 0x87, 0xbf, 0xff, 0x26, 0x27, 0x37, 0x00, 0x00, 0xff, 0xff,
  0x93, 0x00, 0x01, 0xd5, 0xff, 0x26, 0x03, 0x00, 0x00, 0x00, 0xff, 0x7f, 0x91, 0x00, 0x87, 0xbf,
  0x30, 0x27, 0x27, 0x11, 0xaf, 0x00, 0x10, 0xd6, 0x93, 0x21, 0x05, 0x02, 0x00, 0x00, 0x17, 0xd4,
  0x93, 0x27, 0x03, 0x00, 0x92, 0x00, 0x87, 0xbf, 0xaf, 0x00, 0x55, 0xd6, 0x93, 0x5f, 0xff, 0x03,
  0xff, 0x7f, 0x00, 0x00, 0x90, 0x5e, 0x5f, 0x33, 0xc1, 0x01, 0x87, 0xbf, 0x93, 0x00, 0x01, 0xd5,
  0xff, 0x5e, 0x03, 0x00, 0xff, 0x7f, 0x00, 0x00, 0xff, 0x60, 0x5f, 0x03, 0xff, 0x7f, 0x00, 0x00,
  0xa0, 0x41, 0x2f, 0x7c, 0x00, 0x00, 0x17, 0xd4, 0x92, 0x25, 0x03, 0x00, 0x93, 0x00, 0x44, 0xd6,
  0xaf, 0x27, 0xff, 0x03, 0x00, 0x01, 0x04, 0x05, 0x90, 0x40, 0x5f, 0x33, 0x91, 0x00, 0x87, 0xbf,
  0x81, 0x5e, 0x5f, 0x37, 0xaf, 0x00, 0x55, 0xd6, 0xa0, 0x5f, 0xff, 0x03, 0xff, 0x7f, 0x00, 0x00,
  0x91, 0x00, 0x87, 0xbf, 0xff, 0x5e, 0x5f, 0x37, 0x00, 0x00, 0xff, 0xff, 0xff, 0x5e, 0x41, 0x03,
  0x00, 0x00, 0xff, 0x7f, 0x91, 0x00, 0x87, 0xbf, 0x33, 0x41, 0x41, 0x11, 0xaf, 0x00, 0x10, 0xd6,
  0xa0, 0x21, 0x05, 0x02, 0xa0, 0x41, 0x2f, 0x7c, 0x22, 0x01, 0x87, 0xbf, 0xaf, 0x00, 0x55, 0xd6,
  0xa0, 0x5f, 0xff, 0x03, 0xff, 0x7f, 0x00, 0x00, 0x90, 0x24, 0x41, 0x33, 0x90, 0x5e, 0x5f, 0x33,
  0x92, 0x00, 0x87, 0xbf, 0x81, 0x40, 0x41, 0x37, 0xa0, 0x00, 0x55, 0xd6, 0x92, 0x41, 0xff, 0x03,
  0xff, 0x7f, 0x00, 0x00, 0x91, 0x00, 0x87, 0xbf, 0xff, 0x40, 0x41, 0x37, 0x00, 0x00, 0xff, 0xff,
  0x92, 0x00, 0x01, 0xd5, 0xff, 0x40, 0x03, 0x00, 0x00, 0x00, 0xff, 0x7f, 0x91, 0x00, 0x87, 0xbf,
  0x32, 0x25, 0x25, 0x11, 0xa0, 0x00, 0x10, 0xd6, 0x92, 0x21, 0x05, 0x02, 0x00, 0x00, 0x17, 0xd4,
  0x92, 0x25, 0x03, 0x00, 0x92, 0x00, 0x87, 0xbf, 0xa0, 0x00, 0x55, 0xd6, 0x92, 0x41, 0xff, 0x03,
  0xff, 0x7f, 0x00, 0x00, 0x90, 0x40, 0x41, 0x33, 0xc1, 0x01, 0x87, 0xbf, 0x92, 0x00, 0x01, 0xd5,
  0xff, 0x40, 0x03, 0x00, 0xff, 0x7f, 0x00, 0x00, 0xff, 0x5e, 0x41, 0x03, 0xff, 0x7f, 0x00, 0x00,
  0x9f, 0x3f, 0x2f, 0x7c, 0x00, 0x00, 0x17, 0xd4, 0x91, 0x23, 0x03, 0x00, 0x92, 0x00, 0x44, 0xd6,
  0xa0, 0x25, 0xff, 0x03, 0x00, 0x01, 0x04, 0x05, 0x90, 0x3e, 0x41, 0x33, 0x91, 0x00, 0x87, 0xbf,
  0x81, 0x40, 0x41, 0x37, 0xa0, 0x00, 0x55, 0xd6, 0x9f, 0x41, 0xff, 0x03, 0xff, 0x7f, 0x00, 0x00,
  0x91, 0x00, 0x87, 0xbf, 0xff, 0x40, 0x41, 0x37, 0x00, 0x00, 0xff, 0xff, 0xff, 0x40, 0x3f, 0x03,
  0x00, 0x00, 0xff, 0x7f, 0x91, 0x00, 0x87, 0xbf, 0x35, 0x3f, 0x3f, 0x11, 0xa0, 0x00, 0x10, 0xd6,
  0x9f, 0x21, 0x05, 0x02, 0x9f, 0x3f, 0x2f, 0x7c, 0x22, 0x01, 0x87, 0xbf, 0xa0, 0x00, 0x55, 0xd6,
  0x9f, 0x41, 0xff, 0x03, 0xff, 0x7f, 0x00, 0x00, 0x90, 0x22, 0x3f, 0x33, 0x90, 0x40, 0x41, 0x33,
  0x92, 0x00, 0x87, 0xbf, 0x81, 0x3e, 0x3f, 0x37, 0x9f, 0x00, 0x55, 0xd6, 0x91, 0x3f, 0xff, 0x03,
  0xff, 0x7f, 0x00, 0x00, 0x91, 0x00, 0x87, 0xbf, 0xff, 0x3e, 0x3f, 0x37, 0x00, 0x00, 0xff, 0xff,
  0x91, 0x00, 0x01, 0xd5, 0xff, 0x3e, 0x03, 0x00, 0x00, 0x00, 0xff, 0x7f, 0x91, 0x00, 0x87, 0xbf,
  0x34, 0x23, 0x23, 0x11, 0x9f, 0x00, 0x10, 0xd6, 0x91, 0x21, 0x05, 0x02, 0x00, 0x00, 0x17, 0xd4,
  0x91, 0x23, 0x03, 0x00, 0x92, 0x00, 0x87, 0xbf, 0x9f, 0x00, 0x55, 0xd6, 0x91, 0x3f, 0xff, 0x03,
  0xff, 0x7f, 0x00, 0x00, 0x90, 0x3e, 0x3f, 0x33, 0xc1, 0x01, 0x87, 0xbf, 0x91, 0x00, 0x01, 0xd5,
  0xff, 0x3e, 0x03, 0x00, 0xff, 0x7f, 0x00, 0x00, 0xff, 0x40, 0x3f, 0x03, 0xff, 0x7f, 0x00, 0x00,
  0xba, 0x75, 0x2f, 0x7c, 0x00, 0x00, 0x17, 0xd4, 0xb7, 0x6f, 0x03, 0x00, 0x91, 0x00, 0x44, 0xd6,
  0x9f, 0x23, 0xff, 0x03, 0x00, 0x01, 0x04, 0x05, 0x90, 0x74, 0x3f, 0x33, 0x91, 0x00, 0x87, 0xbf,
  0x81, 0x3e, 0x3f, 0x37, 0x9f, 0x00, 0x55, 0xd6, 0xba, 0x3f, 0xff, 0x03, 0xff, 0x7f, 0x00, 0x00,
  0x91, 0x00, 0x87, 0xbf, 0xff, 0x3e, 0x3f, 0x37, 0x00, 0x00, 0xff, 0xff, 0xff, 0x3e, 0x3f, 0x03,
  0x00, 0x00, 0xff, 0x7f, 0x91, 0x00, 0x87, 0xbf, 0x17, 0x3f, 0x3f, 0x11, 0xa0, 0x00, 0x10, 0xd6,
  0x9f, 0x21, 0x05, 0x02, 0x9f, 0x3f, 0x2f, 0x7c, 0x22, 0x01, 0x87, 0xbf, 0xa0, 0x00, 0x55, 0xd6,
  0x9f, 0x41, 0xff, 0x03, 0xff, 0x7f, 0x00, 0x00, 0x90, 0x6e, 0x3f, 0x33, 0x90, 0x40, 0x41, 0x33,
  0x91, 0x00, 0x87, 0xbf, 0xff, 0x40, 0x65, 0xca, 0x81, 0x3e, 0x9f, 0xa0, 0xff, 0x7f, 0x00, 0x00,
  0x9f, 0x00, 0x55, 0xd6, 0xb7, 0x3f, 0xff, 0x03, 0xff, 0x7f, 0x00, 0x00, 0xae, 0x5d, 0x2f, 0x7c,
  0x92, 0x00, 0x87, 0xbf, 0xff, 0x3e, 0x3f, 0x37, 0x00, 0x00, 0xff, 0xff, 0x9f, 0x00, 0x01, 0xd5,
  0xff, 0x3e, 0x03, 0x00, 0x00, 0x00, 0xff, 0x7f, 0x91, 0x00, 0x87, 0xbf, 0x18, 0x3f, 0x3f, 0x11,
  0xaf, 0x00, 0x10, 0xd6, 0x9f, 0x21, 0x05, 0x02, 0x00, 0x00, 0x17, 0xd4, 0x9f, 0x3f, 0x03, 0x00,
  0x22, 0x01, 0x87, 0xbf, 0xaf, 0x00, 0x55, 0xd6, 0x9f, 0x5f, 0xff, 0x03, 0xff, 0x7f, 0x00, 0x00,
  0x90, 0x6a, 0x3f, 0x33, 0x90, 0x5e, 0x5f, 0x33, 0x12, 0x01, 0x87, 0xbf, 0x81, 0x3e, 0x3f, 0x37,
  0xaf, 0x00, 0x01, 0xd5, 0xff, 0x5e, 0x03, 0x00, 0xff, 0x7f, 0x00, 0x00, 0x22, 0x01, 0x87, 0xbf,
  0x9f, 0x00, 0x55, 0xd6, 0xb5, 0x3f, 0xff, 0x03, 0xff, 0x7f, 0x00, 0x00, 0x00, 0x00, 0x17, 0xd4,
  0xac, 0x59, 0x03, 0x00, 0xff, 0x3e, 0x3f, 0x37, 0x00, 0x00, 0xff, 0xff, 0x91, 0x00, 0x87, 0xbf,
  0x9f, 0x00, 0x01, 0xd5, 0xff, 0x3e, 0x07, 0x00, 0x00, 0x00, 0xff, 0x7f, 0x19, 0x3f, 0x3f, 0x11,
  0x21, 0x01, 0x87, 0xbf, 0xb0, 0x00, 0x10, 0xd6, 0x9f, 0x21, 0x05, 0x02, 0x01, 0x00, 0x17, 0xd4,
  0x9f, 0x3f, 0x03, 0x00, 0xb0, 0x00, 0x55, 0xd6, 0x9f, 0x61, 0xff, 0x03, 0xff, 0x7f, 0x00, 0x00,
  0x90, 0x66, 0x3f, 0x33, 0x12, 0x01, 0x87, 0xbf, 0x90, 0x60, 0x61, 0x33, 0x81, 0x3e, 0x3f, 0x37,
  0x12, 0x01, 0x87, 0xbf, 0xb0, 0x00, 0x01, 0xd5, 0xff, 0x60, 0x07, 0x00, 0xff, 0x7f, 0x00, 0x00,
  0x9f, 0x00, 0x55, 0xd6, 0xb3, 0x3f, 0xff, 0x03, 0xff, 0x7f, 0x00, 0x00, 0x01, 0x00, 0x17, 0xd4,
  0xad, 0x5b, 0x03, 0x00, 0x92, 0x00, 0x87, 0xbf, 0xff, 0x3e, 0x3f, 0x37, 0x00, 0x00, 0xff, 0xff,
  0x9f, 0x00, 0x01, 0xd5, 0xff, 0x3e, 0x0b, 0x00, 0x00, 0x00, 0xff, 0x7f, 0x91, 0x00, 0x87, 0xbf,
  0x16, 0x3f, 0x3f, 0x11, 0xb1, 0x00, 0x10, 0xd6, 0x9f, 0x21, 0x05, 0x02, 0x02, 0x00, 0x17, 0xd4,
  0x9f, 0x3f, 0x03, 0x00, 0x92, 0x00, 0x87, 0xbf, 0xb1, 0x00, 0x55, 0xd6, 0x9f, 0x63, 0xff, 0x03,
  0xff, 0x7f, 0x00, 0x00, 0x90, 0x62, 0x63, 0x33, 0x21, 0x01, 0x87, 0xbf, 0x9f, 0x00, 0x01, 0xd5,
  0xff, 0x62, 0x0b, 0x00, 0xff, 0x7f, 0x00, 0x00, 0x02, 0x00, 0x17, 0xd4, 0x15, 0x2b, 0x02, 0x00,
  0xa0, 0x00, 0x44, 0xd6, 0xa0, 0x3f, 0xff, 0x03, 0x00, 0x01, 0x04, 0x05, 0x9f, 0x00, 0x44, 0xd6,
  0xb0, 0x5f, 0xff, 0x03, 0x00, 0x01, 0x04, 0x05, 0x90, 0x5c, 0x5f, 0x33, 0x91, 0x00, 0x87, 0xbf,
  0x81, 0x5e, 0x5f, 0x37, 0xaf, 0x00, 0x55, 0xd6, 0xae, 0x5f, 0xff, 0x03, 0xff, 0x7f, 0x00, 0x00,
  0x90, 0x58, 0x5d, 0x33, 0x12, 0x01, 0x87, 0xbf, 0xff, 0x5e, 0x5f, 0x37, 0x00, 0x00, 0xff, 0xff,
  0x81, 0x5c, 0x5d, 0x37, 0x21, 0x01, 0x87, 0xbf, 0xae, 0x00, 0x55, 0xd6, 0xac, 0x5d, 0xff, 0x03,
  0xff, 0x7f, 0x00, 0x00, 0x90, 0x5a, 0x59, 0x33, 0xff, 0x5c, 0x5d, 0x37, 0x00, 0x00, 0xff, 0xff,
  0x92, 0x00, 0x87, 0xbf, 0x81, 0x58, 0x59, 0x37, 0xac, 0x00, 0x55, 0xd6, 0xad, 0x59, 0xff, 0x03,
  0xff, 0x7f, 0x00, 0x00, 0x90, 0x2a, 0x5a, 0x33, 0x12, 0x01, 0x87, 0xbf, 0xff, 0x58, 0x59, 0x37,
  0x00, 0x00, 0xff, 0xff, 0x81, 0x5a, 0x5b, 0x37, 0x91, 0x00, 0x87, 0xbf, 0xad, 0x00, 0x55, 0xd6,
  0x15, 0x5b, 0xff, 0x03, 0xff, 0x7f, 0x00, 0x00, 0xff, 0x5a, 0x5b, 0x37, 0x00, 0x00, 0xff, 0xff,
  0x21, 0x01, 0x87, 0xbf, 0x15, 0x00, 0x01, 0xd5, 0xff, 0x5a, 0x0b, 0x00, 0x00, 0x00, 0xff, 0x7f,
  0x02, 0x00, 0x17, 0xd4, 0x14, 0x29, 0x02, 0x00, 0x5b, 0x2b, 0xb6, 0x10, 0x90, 0x28, 0x2a, 0x32,
  0x91, 0x00, 0x87, 0xbf, 0x81, 0x2a, 0x2a, 0x36, 0x15, 0x00, 0x55, 0xd6, 0x14, 0x2b, 0xfe, 0x03,
  0xff, 0x7f, 0x00, 0x00, 0x91, 0x00, 0x87, 0xbf, 0xff, 0x2a, 0x2a, 0x36, 0x00, 0x00, 0xff, 0xff,
  0x14, 0x00, 0x01, 0xd5, 0xff, 0x2a, 0x0a, 0x00, 0x00, 0x00, 0xff, 0x7f, 0x02, 0x00, 0x17, 0xd4,
  0x0a, 0x15, 0x02, 0x00, 0xa2, 0x00, 0x87, 0xbf, 0x5a, 0x29, 0xb4, 0x10, 0x90, 0x14, 0x28, 0x32,
  0x81, 0x28, 0x28, 0x36, 0x91, 0x00, 0x87, 0xbf, 0x14, 0x00, 0x55, 0xd6, 0x0a, 0x29, 0xfe, 0x03,
  0xff, 0x7f, 0x00, 0x00, 0xff, 0x28, 0x28, 0x36, 0x00, 0x00, 0xff, 0xff, 0x21, 0x01, 0x87, 0xbf,
  0x0a, 0x00, 0x01, 0xd5, 0xff, 0x28, 0x0a, 0x00, 0x00, 0x00, 0xff, 0x7f, 0x02, 0x00, 0x17, 0xd4,
  0x09, 0x13, 0x02, 0x00, 0x59, 0x15, 0xb2, 0x10, 0x90, 0x12, 0x14, 0x32, 0x91, 0x00, 0x87, 0xbf,
  0x81, 0x14, 0x14, 0x36, 0x0a, 0x00, 0x55, 0xd6, 0x09, 0x15, 0xfe, 0x03, 0xff, 0x7f, 0x00, 0x00,
  0x91, 0x00, 0x87, 0xbf, 0xff, 0x14, 0x14, 0x36, 0x00, 0x00, 0xff, 0xff, 0x09, 0x00, 0x01, 0xd5,
  0xff, 0x14, 0x0a, 0x00, 0x00, 0x00, 0xff, 0x7f, 0x02, 0x00, 0x17, 0xd4, 0x0c, 0x19, 0x02, 0x00,
  0xa2, 0x00, 0x87, 0xbf, 0x58, 0x13, 0xb0, 0x10, 0x90, 0x18, 0x12, 0x32, 0x81, 0x12, 0x12, 0x36,
  0x91, 0x00, 0x87, 0xbf, 0x09, 0x00, 0x55, 0xd6, 0x0c, 0x13, 0xfe, 0x03, 0xff, 0x7f, 0x00, 0x00,
  0xff, 0x12, 0x12, 0x36, 0x00, 0x00, 0xff, 0xff, 0x21, 0x01, 0x87, 0xbf, 0x09, 0x00, 0x01, 0xd5,
  0xff, 0x12, 0x0a, 0x00, 0x00, 0x00, 0xff, 0x7f, 0x02, 0x00, 0x17, 0xd4, 0x0b, 0x17, 0x02, 0x00,
  0x57, 0x13, 0xae, 0x10, 0x90, 0x16, 0x12, 0x32, 0x91, 0x00, 0x87, 0xbf, 0x81, 0x12, 0x12, 0x36,
  0x09, 0x00, 0x55, 0xd6, 0x0b, 0x13, 0xfe, 0x03, 0xff, 0x7f, 0x00, 0x00, 0x91, 0x00, 0x87, 0xbf,
  0xff, 0x12, 0x12, 0x36, 0x00, 0x00, 0xff, 0xff, 0x09, 0x00, 0x01, 0xd5, 0xff, 0x12, 0x0a, 0x00,
  0x00, 0x00, 0xff, 0x7f, 0x02, 0x00, 0x17, 0xd4, 0x06, 0x0d, 0x02, 0x00, 0xa2, 0x00, 0x87, 0xbf,
  0x56, 0x13, 0xac, 0x10, 0x90, 0x0c, 0x12, 0x32, 0x81, 0x12, 0x12, 0x36, 0x91, 0x00, 0x87, 0xbf,
  0x09, 0x00, 0x55, 0xd6, 0x06, 0x13, 0xfe, 0x03, 0xff, 0x7f, 0x00, 0x00, 0xff, 0x12, 0x12, 0x36,
  0x00, 0x00, 0xff, 0xff, 0x21, 0x01, 0x87, 0xbf, 0x06, 0x00, 0x01, 0xd5, 0xff, 0x12, 0x0a, 0x00,
  0x00, 0x00, 0xff, 0x7f, 0x02, 0x00, 0x17, 0xd4, 0x05, 0x0b, 0x02, 0x00, 0x55, 0x0d, 0xaa, 0x10,
  0x90, 0x0a, 0x0c, 0x32, 0x91, 0x00, 0x87, 0xbf, 0x81, 0x0c, 0x0c, 0x36, 0x06, 0x00, 0x55, 0xd6,
  0x05, 0x0d, 0xfe, 0x03, 0xff, 0x7f, 0x00, 0x00, 0x91, 0x00, 0x87, 0xbf, 0xff, 0x0c, 0x0c, 0x36,
  0x00, 0x00, 0xff, 0xff, 0x05, 0x00, 0x01, 0xd5, 0xff, 0x0c, 0x0a, 0x00, 0x00, 0x00, 0xff, 0x7f,
  0x02, 0x00, 0x17, 0xd4, 0x08, 0x11, 0x02, 0x00, 0xa2, 0x00, 0x87, 0xbf, 0x54, 0x0b, 0xa8, 0x10,
  0x90, 0x10, 0x0a, 0x32, 0x81, 0x0a, 0x0a, 0x36, 0x91, 0x00, 0x87, 0xbf, 0x05, 0x00, 0x55, 0xd6,
  0x08, 0x0b, 0xfe, 0x03, 0xff, 0x7f, 0x00, 0x00, 0xff, 0x0a, 0x0a, 0x36, 0x00, 0x00, 0xff, 0xff,
  0x21, 0x01, 0x87, 0xbf, 0x05, 0x00, 0x01, 0xd5, 0xff, 0x0a, 0x0a, 0x00, 0x00, 0x00, 0xff, 0x7f,
  0x02, 0x00, 0x17, 0xd4, 0x07, 0x0f, 0x02, 0x00, 0x53, 0x0b, 0xa6, 0x10, 0x90, 0x0e, 0x0a, 0x32,
  0x91, 0x00, 0x87, 0xbf, 0x81, 0x0a, 0x0a, 0x36, 0x05, 0x00, 0x55, 0xd6, 0x07, 0x0b, 0xfe, 0x03,
  0xff, 0x7f, 0x00, 0x00, 0x90, 0xfc, 0x0e, 0x32, 0x12, 0x01, 0x87, 0xbf, 0xff, 0x0a, 0x0a, 0x36,
  0x00, 0x00, 0xff, 0xff, 0x81, 0x0e, 0x0e, 0x36, 0xa2, 0x01, 0x87, 0xbf, 0x05, 0x00, 0x01, 0xd5,
  0xff, 0x0a, 0x0a, 0x00, 0x00, 0x00, 0xff, 0x7f, 0x02, 0x00, 0x17, 0xd4, 0x02, 0x05, 0x02, 0x00,
  0x07, 0x00, 0x55, 0xd6, 0x7e, 0x0f, 0xfe, 0x03, 0xff, 0x7f, 0x00, 0x00, 0xa3, 0x01, 0x87, 0xbf,
  0x4c, 0x0b, 0x98, 0x10, 0x90, 0x04, 0x0a, 0x32, 0xff, 0x0e, 0x0e, 0x36, 0x00, 0x00, 0xff, 0xff,
  0x92, 0x00, 0x87, 0xbf, 0x81, 0x0a, 0x0a, 0x36, 0x05, 0x00, 0x55, 0xd6, 0x02, 0x0b, 0xfe, 0x03,
  0xff, 0x7f, 0x00, 0x00, 0x91, 0x00, 0x87, 0xbf, 0xff, 0x0a, 0x0a, 0x36, 0x00, 0x00, 0xff, 0xff,
  0x02, 0x00, 0x01, 0xd5, 0xff, 0x0a, 0x0a, 0x00, 0x00, 0x00, 0xff, 0x7f, 0x02, 0x00, 0x17, 0xd4,
  0x01, 0x03, 0x02, 0x00, 0x90, 0x32, 0x0b, 0x32, 0xa3, 0x01, 0x87, 0xbf, 0x4b, 0x05, 0x96, 0x10,
  0x90, 0x02, 0x04, 0x32, 0x81, 0x0a, 0x0a, 0x36, 0x12, 0x01, 0x87, 0xbf, 0x81, 0x04, 0x04, 0x36,
  0x05, 0x00, 0x55, 0xd6, 0x99, 0x0b, 0xfe, 0x03, 0xff, 0x7f, 0x00, 0x00, 0x12, 0x01, 0x87, 0xbf,
  0x02, 0x00, 0x55, 0xd6, 0x01, 0x05, 0xfe, 0x03, 0xff, 0x7f, 0x00, 0x00, 0xff, 0x0a, 0x0a, 0x36,
  0x00, 0x00, 0xff, 0xff, 0x12, 0x01, 0x87, 0xbf, 0xff, 0x04, 0x04, 0x36, 0x00, 0x00, 0xff, 0xff,
  0x05, 0x00, 0x01, 0xd5, 0xff, 0x0a, 0x12, 0x00, 0x00, 0x00, 0xff, 0x7f, 0x04, 0x00, 0x17, 0xd4,
  0x79, 0xf3, 0x02, 0x00, 0xb3, 0x01, 0x87, 0xbf, 0x01, 0x00, 0x01, 0xd5, 0xff, 0x04, 0x0a, 0x00,
  0x00, 0x00, 0xff, 0x7f, 0x02, 0x00, 0x17, 0xd4, 0x4e, 0x9d, 0x02, 0x00, 0x90, 0x3c, 0x05, 0x32,
  0x4a, 0x03, 0x94, 0x10, 0x90, 0x9c, 0x02, 0x32, 0x13, 0x01, 0x87, 0xbf, 0x81, 0x04, 0x04, 0x36,
  0x81, 0x02, 0x02, 0x36, 0x12, 0x01, 0x87, 0xbf, 0x02, 0x00, 0x55, 0xd6, 0x9e, 0x05, 0xfe, 0x03,
  0xff, 0x7f, 0x00, 0x00, 0x01, 0x00, 0x55, 0xd6, 0x4e, 0x03, 0xfe, 0x03, 0xff, 0x7f, 0x00, 0x00,
  0xa2, 0x01, 0x87, 0xbf, 0xff, 0x04, 0x04, 0x36, 0x00, 0x00, 0xff, 0xff, 0x90, 0x26, 0x9c, 0x32,
  0xff, 0x02, 0x02, 0x36, 0x00, 0x00, 0xff, 0xff, 0x23, 0x02, 0x87, 0xbf, 0x02, 0x00, 0x01, 0xd5,
  0xff, 0x04, 0x0e, 0x00, 0x00, 0x00, 0xff, 0x7f, 0x03, 0x00, 0x17, 0xd4, 0x7e, 0xfd, 0x02, 0x00,
  0x81, 0x9c, 0x9c, 0x36, 0x04, 0x00, 0x87, 0xbf, 0x01, 0x00, 0x01, 0xd5, 0xff, 0x02, 0x0a, 0x00,
  0x00, 0x00, 0xff, 0x7f, 0x02, 0x00, 0x17, 0xd4, 0x4d, 0x9b, 0x02, 0x00, 0x24, 0x05, 0x04, 0x10,
  0x07, 0x00, 0x01, 0xd5, 0xff, 0x0e, 0x0e, 0x00, 0x00, 0x00, 0xff, 0x7f, 0x03, 0x00, 0x17, 0xd4,
  0xa6, 0x4d, 0x03, 0x00, 0x49, 0x03, 0x92, 0x10, 0x90, 0x9a, 0x02, 0x32, 0x4e, 0x00, 0x55, 0xd6,
  0x13, 0x9d, 0xfe, 0x03, 0xff, 0x7f, 0x00, 0x00, 0x22, 0x0f, 0x0e, 0x10, 0x93, 0x00, 0x87, 0xbf,
  0x81, 0x02, 0x02, 0x36, 0x01, 0x00, 0x55, 0xd6, 0x4d, 0x03, 0xfe, 0x03, 0xff, 0x7f, 0x00, 0x00,
  0x90, 0x48, 0x9b, 0x32, 0x12, 0x01, 0x87, 0xbf, 0xff, 0x02, 0x02, 0x36, 0x00, 0x00, 0xff, 0xff,
  0x81, 0x9a, 0x9a, 0x36, 0xa2, 0x01, 0x87, 0xbf, 0x01, 0x00, 0x01, 0xd5, 0xff, 0x02, 0x0a, 0x00,
  0x00, 0x00, 0xff, 0x7f, 0x02, 0x00, 0x17, 0xd4, 0x04, 0x09, 0x02, 0x00, 0x4d, 0x00, 0x55, 0xd6,
  0xa4, 0x9b, 0xfe, 0x03, 0xff, 0x7f, 0x00, 0x00, 0xa3, 0x00, 0x87, 0xbf, 0x48, 0x03, 0x90, 0x10,
  0x90, 0x08, 0x02, 0x32, 0x81, 0x02, 0x02, 0x36, 0x91, 0x00, 0x87, 0xbf, 0x01, 0x00, 0x55, 0xd6,
  0x04, 0x03, 0xfe, 0x03, 0xff, 0x7f, 0x00, 0x00, 0xff, 0x02, 0x02, 0x36, 0x00, 0x00, 0xff, 0xff,
  0x21, 0x01, 0x87, 0xbf, 0x01, 0x00, 0x01, 0xd5, 0xff, 0x02, 0x0a, 0x00, 0x00, 0x00, 0xff, 0x7f,
  0x02, 0x00, 0x17, 0xd4, 0x03, 0x07, 0x02, 0x00, 0x47, 0x03, 0x8e, 0x10, 0x90, 0x06, 0x02, 0x32,
  0x91, 0x00, 0x87, 0xbf, 0x81, 0x02, 0x02, 0x36, 0x01, 0x00, 0x55, 0xd6, 0x03, 0x03, 0xfe, 0x03,
  0xff, 0x7f, 0x00, 0x00, 0x91, 0x00, 0x87, 0xbf, 0xff, 0x02, 0x02, 0x36, 0x00, 0x00, 0xff, 0xff,
  0x01, 0x00, 0x01, 0xd5, 0xff, 0x02, 0x0a, 0x00, 0x00, 0x00, 0xff, 0x7f, 0x02, 0x00, 0x17, 0xd4,
  0x52, 0xa5, 0x02, 0x00, 0xa2, 0x00, 0x87, 0xbf, 0x46, 0x03, 0x8c, 0x10, 0x90, 0xa4, 0x02, 0x32,
  0x81, 0x02, 0x02, 0x36, 0x91, 0x00, 0x87, 0xbf, 0x01, 0x00, 0x55, 0xd6, 0x52, 0x03, 0xfe, 0x03,
  0xff, 0x7f, 0x00, 0x00, 0xff, 0x02, 0x02, 0x36, 0x00, 0x00, 0xff, 0xff, 0x21, 0x01, 0x87, 0xbf,
  0x01, 0x00, 0x01, 0xd5, 0xff, 0x02, 0x0a, 0x00, 0x00, 0x00, 0xff, 0x7f, 0x02, 0x00, 0x17, 0xd4,
  0x51, 0xa3, 0x02, 0x00, 0x45, 0x03, 0x12, 0x10, 0x90, 0xa2, 0x02, 0x32, 0x45, 0x00, 0x01, 0xd5,
  0xff, 0x58, 0x07, 0x00, 0x00, 0x00, 0xff, 0x7f, 0x01, 0x00, 0x17, 0xd4, 0xab, 0x57, 0x03, 0x00,
  0x93, 0x01, 0x87, 0xbf, 0x81, 0x02, 0x02, 0x36, 0x1b, 0x8b, 0x8a, 0x10, 0x92, 0x00, 0x87, 0xbf,
  0x01, 0x00, 0x55, 0xd6, 0x51, 0x03, 0xfe, 0x03, 0xff, 0x7f, 0x00, 0x00, 0xff, 0x02, 0x02, 0x36,
  0x00, 0x00, 0xff, 0xff, 0x21, 0x01, 0x87, 0xbf, 0x01, 0x00, 0x01, 0xd5, 0xff, 0x02, 0x0a, 0x00,
  0x00, 0x00, 0xff, 0x7f, 0x02, 0x00, 0x17, 0xd4, 0x50, 0xa1, 0x02, 0x00, 0x44, 0x03, 0x14, 0x10,
  0x90, 0xa0, 0x02, 0x32, 0x90, 0x56, 0x89, 0x32, 0x12, 0x01, 0x87, 0xbf, 0x81, 0x02, 0x02, 0x36,
  0x81, 0x88, 0x88, 0x36, 0x12, 0x01, 0x87, 0xbf, 0x01, 0x00, 0x55, 0xd6, 0x50, 0x03, 0xfe, 0x03,
  0xff, 0x7f, 0x00, 0x00, 0x44, 0x00, 0x55, 0xd6, 0xab, 0x89, 0xfe, 0x03, 0xff, 0x7f, 0x00, 0x00,
  0x50, 0x00, 0x10, 0xd6, 0x45, 0x21, 0x05, 0x02, 0x93, 0x01, 0x87, 0xbf, 0xff, 0x02, 0x02, 0x36,
  0x00, 0x00, 0xff, 0xff, 0xff, 0x88, 0x88, 0x36, 0x00, 0x00, 0xff, 0xff, 0xa2, 0x01, 0x87, 0xbf,
  0x01, 0x00, 0x01, 0xd5, 0xff, 0x02, 0x0a, 0x00, 0x00, 0x00, 0xff, 0x7f, 0x02, 0x00, 0x17, 0xd4,
  0x4f, 0x9f, 0x02, 0x00, 0x44, 0x00, 0x01, 0xd5, 0xff, 0x88, 0x06, 0x00, 0x00, 0x00, 0xff, 0x7f,
  0x03, 0x00, 0x87, 0xbf, 0x43, 0x03, 0x18, 0x10, 0x90, 0x9e, 0x02, 0x32, 0xff, 0x5e, 0x87, 0x02,
  0x00, 0x00, 0xff, 0x7f, 0xa5, 0x4b, 0x2f, 0x7c, 0x19, 0x89, 0x32, 0x10, 0x44, 0x00, 0x55, 0xd6,
  0x45, 0xa1, 0xfe, 0x03, 0xff, 0x7f, 0x00, 0x00, 0x81, 0x02, 0x02, 0x36, 0x1c, 0x87, 0x86, 0x10,
  0x93, 0x01, 0x87, 0xbf, 0x90, 0x88, 0x88, 0x32, 0x01, 0x00, 0x55, 0xd6, 0x4f, 0x03, 0xfe, 0x03,
  0xff, 0x7f, 0x00, 0x00, 0x4f, 0x00, 0x01, 0xd5, 0xff, 0x5c, 0x03, 0x00, 0x00, 0x00, 0xff, 0x7f,
  0x80, 0x00, 0x80, 0xbe, 0x19, 0x01, 0x87, 0xbf, 0x00, 0x00, 0x81, 0xbe, 0xff, 0x02, 0x02, 0x36,
  0x00, 0x00, 0xff, 0xff, 0x02, 0x00, 0x87, 0xbf, 0x1a, 0x9f, 0x9e, 0x10, 0x00, 0x00, 0x85, 0xbe,
  0x00, 0x00, 0x86, 0xbe, 0x00, 0x00, 0x87, 0xbe, 0x01, 0x00, 0x01, 0xd5, 0xff, 0x02, 0x0a, 0x00,
  0x00, 0x00, 0xff, 0x7f, 0x02, 0x00, 0x17, 0xd4, 0x5f, 0xbf, 0x02, 0x00, 0x32, 0x01, 0x87, 0xbf,
  0x42, 0x03, 0x2a, 0x10, 0x90, 0xbe, 0x02, 0x32, 0x90, 0x46, 0x85, 0x32, 0x81, 0x02, 0x02, 0x36,
  0x12, 0x01, 0x87, 0xbf, 0x81, 0x84, 0x84, 0x36, 0x01, 0x00, 0x55, 0xd6, 0x5f, 0x03, 0xfe, 0x03,
  0xff, 0x7f, 0x00, 0x00, 0x12, 0x01, 0x87, 0xbf, 0x42, 0x00, 0x55, 0xd6, 0xa3, 0x85, 0xfe, 0x03,
  0xff, 0x7f, 0x00, 0x00, 0xff, 0x02, 0x02, 0x36, 0x00, 0x00, 0xff, 0xff, 0x12, 0x01, 0x87, 0xbf,
  0xff, 0x84, 0x84, 0x36, 0x00, 0x00, 0xff, 0xff, 0x01, 0x00, 0x01, 0xd5, 0xff, 0x02, 0x0a, 0x00,
  0x00, 0x00, 0xff, 0x7f, 0x02, 0x00, 0x17, 0xd4, 0x5e, 0xbd, 0x02, 0x00, 0xa2, 0x00, 0x87, 0xbf,
  0x41, 0x03, 0x82, 0x10, 0x90, 0xbc, 0x02, 0x32, 0x81, 0x02, 0x02, 0x36, 0x91, 0x00, 0x87, 0xbf,
  0x01, 0x00, 0x55, 0xd6, 0x5e, 0x03, 0xfe, 0x03, 0xff, 0x7f, 0x00, 0x00, 0xff, 0x02, 0x02, 0x36,
  0x00, 0x00, 0xff, 0xff, 0x21, 0x01, 0x87, 0xbf, 0x01, 0x00, 0x01, 0xd5, 0xff, 0x02, 0x0a, 0x00,
  0x00, 0x00, 0xff, 0x7f, 0x02, 0x00, 0x17, 0xd4, 0x5d, 0xbb, 0x02, 0x00, 0x40, 0x03, 0x80, 0x10,
  0x90, 0xba, 0x02, 0x32, 0x91, 0x00, 0x87, 0xbf, 0x81, 0x02, 0x02, 0x36, 0x01, 0x00, 0x55, 0xd6,
  0x5d, 0x03, 0xfe, 0x03, 0xff, 0x7f, 0x00, 0x00, 0x91, 0x00, 0x87, 0xbf, 0xff, 0x02, 0x02, 0x36,
  0x00, 0x00, 0xff, 0xff, 0x01, 0x00, 0x01, 0xd5, 0xff, 0x02, 0x0a, 0x00, 0x00, 0x00, 0xff, 0x7f,
  0x02, 0x00, 0x17, 0xd4, 0x5c, 0xb9, 0x02, 0x00, 0xa2, 0x00, 0x87, 0xbf, 0x3f, 0x03, 0x7e, 0x10,
  0x90, 0xb8, 0x02, 0x32, 0x81, 0x02, 0x02, 0x36, 0x91, 0x00, 0x87, 0xbf, 0x01, 0x00, 0x55, 0xd6,
  0x5c, 0x03, 0xfe, 0x03, 0xff, 0x7f, 0x00, 0x00, 0xff, 0x02, 0x02, 0x36, 0x00, 0x00, 0xff, 0xff,
  0x21, 0x01, 0x87, 0xbf, 0x01, 0x00, 0x01, 0xd5, 0xff, 0x02, 0x0a, 0x00, 0x00, 0x00, 0xff, 0x7f,
  0x02, 0x00, 0x17, 0xd4, 0x63, 0xc7, 0x02, 0x00, 0x3e, 0x03, 0x7c, 0x10, 0x90, 0xc6, 0x02, 0x32,
  0x91, 0x00, 0x87, 0xbf, 0x81, 0x02, 0x02, 0x36, 0x01, 0x00, 0x55, 0xd6, 0x63, 0x03, 0xfe, 0x03,
  0xff, 0x7f, 0x00, 0x00, 0x91, 0x00, 0x87, 0xbf, 0xff, 0x02, 0x02, 0x36, 0x00, 0x00, 0xff, 0xff,
  0x01, 0x00, 0x01, 0xd5, 0xff, 0x02, 0x0a, 0x00, 0x00, 0x00, 0xff, 0x7f, 0x02, 0x00, 0x17, 0xd4,
  0x62, 0xc5, 0x02, 0x00, 0xa2, 0x00, 0x87, 0xbf, 0x3d, 0x03, 0x7a, 0x10, 0x90, 0xc4, 0x02, 0x32,
  0x81, 0x02, 0x02, 0x36, 0x91, 0x00, 0x87, 0xbf, 0x01, 0x00, 0x55, 0xd6, 0x62, 0x03, 0xfe, 0x03,
  0xff, 0x7f, 0x00, 0x00, 0xff, 0x02, 0x02, 0x36, 0x00, 0x00, 0xff, 0xff, 0x21, 0x01, 0x87, 0xbf,
  0x01, 0x00, 0x01, 0xd5, 0xff, 0x02, 0x0a, 0x00, 0x00, 0x00, 0xff, 0x7f, 0x02, 0x00, 0x17, 0xd4,
  0x61, 0xc3, 0x02, 0x00, 0x3c, 0x03, 0x78, 0x10, 0x90, 0xc2, 0x02, 0x32, 0x91, 0x00, 0x87, 0xbf,
  0x81, 0x02, 0x02, 0x36, 0x01, 0x00, 0x55, 0xd6, 0x61, 0x03, 0xfe, 0x03, 0xff, 0x7f, 0x00, 0x00,
  0x91, 0x00, 0x87, 0xbf, 0xff, 0x02, 0x02, 0x36, 0x00, 0x00, 0xff, 0xff, 0x01, 0x00, 0x01, 0xd5,
  0xff, 0x02, 0x0a, 0x00, 0x00, 0x00, 0xff, 0x7f, 0x02, 0x00, 0x17, 0xd4, 0x60, 0xc1, 0x02, 0x00,
  0xa2, 0x00, 0x87, 0xbf, 0x3b, 0x03, 0x76, 0x10, 0x90, 0xc0, 0x02, 0x32, 0x81, 0x02, 0x02, 0x36,
  0x91, 0x00, 0x87, 0xbf, 0x01, 0x00, 0x55, 0xd6, 0x60, 0x03, 0xfe, 0x03, 0xff, 0x7f, 0x00, 0x00,
  0xff, 0x02, 0x02, 0x36, 0x00, 0x00, 0xff, 0xff, 0x21, 0x01, 0x87, 0xbf, 0x01, 0x00, 0x01, 0xd5,
  0xff, 0x02, 0x0a, 0x00, 0x00, 0x00, 0xff, 0x7f, 0x02, 0x00, 0x17, 0xd4, 0x67, 0xcf, 0x02, 0x00,
  0x3a, 0x03, 0x74, 0x10, 0x90, 0xce, 0x02, 0x32, 0x91, 0x00, 0x87, 0xbf, 0x81, 0x02, 0x02, 0x36,
  0x01, 0x00, 0x55, 0xd6, 0x67, 0x03, 0xfe, 0x03, 0xff, 0x7f, 0x00, 0x00, 0x91, 0x00, 0x87, 0xbf,
  0xff, 0x02, 0x02, 0x36, 0x00, 0x00, 0xff, 0xff, 0x01, 0x00, 0x01, 0xd5, 0xff, 0x02, 0x0a, 0x00,
  0x00, 0x00, 0xff, 0x7f, 0x02, 0x00, 0x17, 0xd4, 0x66, 0xcd, 0x02, 0x00, 0xa2, 0x00, 0x87, 0xbf,
  0x39, 0x03, 0x72, 0x10, 0x90, 0xcc, 0x02, 0x32, 0x81, 0x02, 0x02, 0x36, 0x91, 0x00, 0x87, 0xbf,
  0x01, 0x00, 0x55, 0xd6, 0x66, 0x03, 0xfe, 0x03, 0xff, 0x7f, 0x00, 0x00, 0xff, 0x02, 0x02, 0x36,
  0x00, 0x00, 0xff, 0xff, 0x21, 0x01, 0x87, 0xbf, 0x01, 0x00, 0x01, 0xd5, 0xff, 0x02, 0x0a, 0x00,
  0x00, 0x00, 0xff, 0x7f, 0x02, 0x00, 0x17, 0xd4, 0x65, 0xcb, 0x02, 0x00, 0x38, 0x03, 0x70, 0x10,
  0x90, 0xca, 0x02, 0x32, 0x91, 0x00, 0x87, 0xbf, 0x81, 0x02, 0x02, 0x36, 0x01, 0x00, 0x55, 0xd6,
  0x65, 0x03, 0xfe, 0x03, 0xff, 0x7f, 0x00, 0x00, 0x91, 0x00, 0x87, 0xbf, 0xff, 0x02, 0x02, 0x36,
  0x00, 0x00, 0xff, 0xff, 0x01, 0x00, 0x01, 0xd5, 0xff, 0x02, 0x0a, 0x00, 0x00, 0x00, 0xff, 0x7f,
  0x02, 0x00, 0x17, 0xd4, 0x64, 0xc9, 0x02, 0x00, 0xa2, 0x00, 0x87, 0xbf, 0x37, 0x03, 0x6e, 0x10,
  0x90, 0xc8, 0x02, 0x32, 0x81, 0x02, 0x02, 0x36, 0x91, 0x00, 0x87, 0xbf, 0x01, 0x00, 0x55, 0xd6,
  0x64, 0x03, 0xfe, 0x03, 0xff, 0x7f, 0x00, 0x00, 0xff, 0x02, 0x02, 0x36, 0x00, 0x00, 0xff, 0xff,
  0x21, 0x01, 0x87, 0xbf, 0x01, 0x00, 0x01, 0xd5, 0xff, 0x02, 0x0a, 0x00, 0x00, 0x00, 0xff, 0x7f,
  0x02, 0x00, 0x17, 0xd4, 0x6b, 0xd7, 0x02, 0x00, 0x36, 0x03, 0x6c, 0x10, 0x90, 0xd6, 0x02, 0x32,
  0x91, 0x00, 0x87, 0xbf, 0x81, 0x02, 0x02, 0x36, 0x01, 0x00, 0x55, 0xd6, 0x6b, 0x03, 0xfe, 0x03,
  0xff, 0x7f, 0x00, 0x00, 0x91, 0x00, 0x87, 0xbf, 0xff, 0x02, 0x02, 0x36, 0x00, 0x00, 0xff, 0xff,
  0x01, 0x00, 0x01, 0xd5, 0xff, 0x02, 0x0a, 0x00, 0x00, 0x00, 0xff, 0x7f, 0x02, 0x00, 0x17, 0xd4,
  0x6a, 0xd5, 0x02, 0x00, 0x32, 0x01, 0x87, 0xbf, 0x35, 0x03, 0x06, 0x10, 0x90, 0xd4, 0x02, 0x32,
  0x90, 0x52, 0x6b, 0x32, 0x81, 0x02, 0x02, 0x36, 0x12, 0x01, 0x87, 0xbf, 0x81, 0x6a, 0x6a, 0x36,
  0x01, 0x00, 0x55, 0xd6, 0x6a, 0x03, 0xfe, 0x03, 0xff, 0x7f, 0x00, 0x00, 0x12, 0x01, 0x87, 0xbf,
  0x35, 0x00, 0x55, 0xd6, 0xa9, 0x6b, 0xfe, 0x03, 0xff, 0x7f, 0x00, 0x00, 0xff, 0x02, 0x02, 0x36,
  0x00, 0x00, 0xff, 0xff, 0x12, 0x01, 0x87, 0xbf, 0xff, 0x6a, 0x6a, 0x36, 0x00, 0x00, 0xff, 0xff,
  0x01, 0x00, 0x01, 0xd5, 0xff, 0x02, 0x0a, 0x00, 0x00, 0x00, 0xff, 0x7f, 0x02, 0x00, 0x17, 0xd4,
  0x69, 0xd3, 0x02, 0x00, 0x32, 0x01, 0x87, 0xbf, 0x34, 0x03, 0x08, 0x10, 0x90, 0xd2, 0x02, 0x32,
  0x90, 0xfe, 0x68, 0x32, 0x81, 0x02, 0x02, 0x36, 0x12, 0x01, 0x87, 0xbf, 0x81, 0x68, 0x68, 0x36,
  0x01, 0x00, 0x55, 0xd6, 0x69, 0x03, 0xfe, 0x03, 0xff, 0x7f, 0x00, 0x00, 0x12, 0x01, 0x87, 0xbf,
  0x34, 0x00, 0x55, 0xd6, 0x7f, 0x69, 0xfe, 0x03, 0xff, 0x7f, 0x00, 0x00, 0xff, 0x02, 0x02, 0x36,
  0x00, 0x00, 0xff, 0xff, 0x12, 0x01, 0x87, 0xbf, 0xff, 0x68, 0x68, 0x36, 0x00, 0x00, 0xff, 0xff,
  0x01, 0x00, 0x01, 0xd5, 0xff, 0x02, 0x0a, 0x00, 0x00, 0x00, 0xff, 0x7f, 0x02, 0x00, 0x17, 0xd4,
  0x68, 0xd1, 0x02, 0x00, 0x32, 0x01, 0x87, 0xbf, 0x33, 0x03, 0x0c, 0x10, 0x90, 0xd0, 0x02, 0x32,
  0x90, 0x36, 0x67, 0x32, 0x81, 0x02, 0x02, 0x36, 0x12, 0x01, 0x87, 0xbf, 0x81, 0x66, 0x66, 0x36,
  0x01, 0x00, 0x55, 0xd6, 0x68, 0x03, 0xfe, 0x03, 0xff, 0x7f, 0x00, 0x00, 0x12, 0x01, 0x87, 0xbf,
  0x33, 0x00, 0x55, 0xd6, 0x9b, 0x67, 0xfe, 0x03, 0xff, 0x7f, 0x00, 0x00, 0xff, 0x02, 0x02, 0x36,
  0x00, 0x00, 0xff, 0xff, 0x12, 0x01, 0x87, 0xbf, 0xff, 0x66, 0x66, 0x36, 0x00, 0x00, 0xff, 0xff,
  0x01, 0x00, 0x01, 0xd5, 0xff, 0x02, 0x0a, 0x00, 0x00, 0x00, 0xff, 0x7f, 0x02, 0x00, 0x17, 0xd4,
  0x6f, 0xdf, 0x02, 0x00, 0x32, 0x01, 0x87, 0xbf, 0x32, 0x03, 0x10, 0x10, 0x90, 0xde, 0x02, 0x32,
  0x90, 0x3a, 0x65, 0x32, 0x81, 0x02, 0x02, 0x36, 0x12, 0x01, 0x87, 0xbf, 0x81, 0x64, 0x64, 0x36,
  0x01, 0x00, 0x55, 0xd6, 0x6f, 0x03, 0xfe, 0x03, 0xff, 0x7f, 0x00, 0x00, 0x12, 0x01, 0x87, 0xbf,
  0x32, 0x00, 0x55, 0xd6, 0x9d, 0x65, 0xfe, 0x03, 0xff, 0x7f, 0x00, 0x00, 0xff, 0x02, 0x02, 0x36,
  0x00, 0x00, 0xff, 0xff, 0x12, 0x01, 0x87, 0xbf, 0xff, 0x64, 0x64, 0x36, 0x00, 0x00, 0xff, 0xff,
  0x01, 0x00, 0x01, 0xd5, 0xff, 0x02, 0x0a, 0x00, 0x00, 0x00, 0xff, 0x7f, 0x02, 0x00, 0x17, 0xd4,
  0x6e, 0xdd, 0x02, 0x00, 0x32, 0x01, 0x87, 0xbf, 0x31, 0x03, 0x16, 0x10, 0x90, 0xdc, 0x02, 0x32,
  0x90, 0x4c, 0x63, 0x32, 0x81, 0x02, 0x02, 0x36, 0x12, 0x01, 0x87, 0xbf, 0x81, 0x62, 0x62, 0x36,
  0x01, 0x00, 0x55, 0xd6, 0x6e, 0x03, 0xfe, 0x03, 0xff, 0x7f, 0x00, 0x00, 0x12, 0x01, 0x87, 0xbf,
  0x31, 0x00, 0x55, 0xd6, 0xa6, 0x63, 0xfe, 0x03, 0xff, 0x7f, 0x00, 0x00, 0xff, 0x02, 0x02, 0x36,
  0x00, 0x00, 0xff, 0xff, 0x12, 0x01, 0x87, 0xbf, 0xff, 0x62, 0x62, 0x36, 0x00, 0x00, 0xff, 0xff,
  0x01, 0x00, 0x01, 0xd5, 0xff, 0x02, 0x0a, 0x00, 0x00, 0x00, 0xff, 0x7f, 0x02, 0x00, 0x17, 0xd4,
  0x6d, 0xdb, 0x02, 0x00, 0x23, 0x02, 0x87, 0xbf, 0x31, 0x00, 0x01, 0xd5, 0xff, 0x62, 0x0e, 0x00,
  0x00, 0x00, 0xff, 0x7f, 0x03, 0x00, 0x17, 0xd4, 0x9b, 0x37, 0x03, 0x00, 0x30, 0x03, 0x28, 0x10,
  0x90, 0xda, 0x02, 0x32, 0x25, 0x0b, 0x60, 0x10, 0x90, 0xfa, 0x0a, 0x32, 0x33, 0x00, 0x01, 0xd5,
  0xff, 0x66, 0x0e, 0x00, 0x00, 0x00, 0xff, 0x7f, 0x03, 0x00, 0x17, 0xd4, 0xa9, 0x53, 0x03, 0x00,
  0x81, 0x02, 0x02, 0x36, 0x94, 0x01, 0x87, 0xbf, 0x81, 0x0a, 0x0a, 0x36, 0x35, 0x00, 0x01, 0xd5,
  0xff, 0x6a, 0x0e, 0x00, 0x00, 0x00, 0xff, 0x7f, 0xa3, 0x01, 0x87, 0xbf, 0x01, 0x00, 0x55, 0xd6,
  0x6d, 0x03, 0xfe, 0x03, 0xff, 0x7f, 0x00, 0x00, 0x00, 0x00, 0x83, 0xbe, 0x05, 0x00, 0x55, 0xd6,
  0x7d, 0x0b, 0xfe, 0x03, 0xff, 0x7f, 0x00, 0x00, 0x93, 0x01, 0x87, 0xbf, 0x1c, 0x6b, 0x38, 0x10,
  0xff, 0x02, 0x02, 0x36, 0x00, 0x00, 0xff, 0xff, 0x90, 0x42, 0x6b, 0x32, 0x94, 0x01, 0x87, 0xbf,
  0xff, 0x0a, 0x0a, 0x36, 0x00, 0x00, 0xff, 0xff, 0x01, 0x00, 0x01, 0xd5, 0xff, 0x02, 0x0a, 0x00,
  0x00, 0x00, 0xff, 0x7f, 0x02, 0x00, 0x17, 0xd4, 0x6c, 0xd9, 0x02, 0x00, 0x94, 0x01, 0x87, 0xbf,
  0x81, 0x6a, 0x6a, 0x36, 0x2f, 0x03, 0x5e, 0x10, 0x90, 0xd8, 0x02, 0x32, 0x13, 0x01, 0x87, 0xbf,
  0x35, 0x00, 0x55, 0xd6, 0xa1, 0x6b, 0xfe, 0x03, 0xff, 0x7f, 0x00, 0x00, 0x81, 0x02, 0x02, 0x36,
  0x12, 0x01, 0x87, 0xbf, 0xff, 0x6a, 0x6a, 0x36, 0x00, 0x00, 0xff, 0xff, 0x01, 0x00, 0x55, 0xd6,
  0x6c, 0x03, 0xfe, 0x03, 0xff, 0x7f, 0x00, 0x00, 0x91, 0x00, 0x87, 0xbf, 0xff, 0x02, 0x02, 0x36,
  0x00, 0x00, 0xff, 0xff, 0x01, 0x00, 0x01, 0xd5, 0xff, 0x02, 0x0a, 0x00, 0x00, 0x00, 0xff, 0x7f,
  0x02, 0x00, 0x17, 0xd4, 0x73, 0xe7, 0x02, 0x00, 0xa2, 0x00, 0x87, 0xbf, 0x2e, 0x03, 0x5c, 0x10,
  0x90, 0xe6, 0x02, 0x32, 0x81, 0x02, 0x02, 0x36, 0x91, 0x00, 0x87, 0xbf, 0x01, 0x00, 0x55, 0xd6,
  0x73, 0x03, 0xfe, 0x03, 0xff, 0x7f, 0x00, 0x00, 0xff, 0x02, 0x02, 0x36, 0x00, 0x00, 0xff, 0xff,
  0x21, 0x01, 0x87, 0xbf, 0x01, 0x00, 0x01, 0xd5, 0xff, 0x02, 0x0a, 0x00, 0x00, 0x00, 0xff, 0x7f,
  0x02, 0x00, 0x17, 0xd4, 0x72, 0xe5, 0x02, 0x00, 0x2d, 0x03, 0x5a, 0x10, 0x90, 0xe4, 0x02, 0x32,
  0x91, 0x00, 0x87, 0xbf, 0x81, 0x02, 0x02, 0x36, 0x01, 0x00, 0x55, 0xd6, 0x72, 0x03, 0xfe, 0x03,
  0xff, 0x7f, 0x00, 0x00, 0x91, 0x00, 0x87, 0xbf, 0xff, 0x02, 0x02, 0x36, 0x00, 0x00, 0xff, 0xff,
  0x01, 0x00, 0x01, 0xd5, 0xff, 0x02, 0x0a, 0x00, 0x00, 0x00, 0xff, 0x7f, 0x02, 0x00, 0x17, 0xd4,
  0x71, 0xe3, 0x02, 0x00, 0xa2, 0x00, 0x87, 0xbf, 0x2c, 0x03, 0x58, 0x10, 0x90, 0xe2, 0x02, 0x32,
  0x81, 0x02, 0x02, 0x36, 0x91, 0x00, 0x87, 0xbf, 0x01, 0x00, 0x55, 0xd6, 0x71, 0x03, 0xfe, 0x03,
  0xff, 0x7f, 0x00, 0x00, 0xff, 0x02, 0x02, 0x36, 0x00, 0x00, 0xff, 0xff, 0x21, 0x01, 0x87, 0xbf,
  0x01, 0x00, 0x01, 0xd5, 0xff, 0x02, 0x0a, 0x00, 0x00, 0x00, 0xff, 0x7f, 0x02, 0x00, 0x17, 0xd4,
  0x70, 0xe1, 0x02, 0x00, 0x2b, 0x03, 0x56, 0x10, 0x90, 0xe0, 0x02, 0x32, 0x91, 0x00, 0x87, 0xbf,
  0x81, 0x02, 0x02, 0x36, 0x01, 0x00, 0x55, 0xd6, 0x70, 0x03, 0xfe, 0x03, 0xff, 0x7f, 0x00, 0x00,
  0x91, 0x00, 0x87, 0xbf, 0xff, 0x02, 0x02, 0x36, 0x00, 0x00, 0xff, 0xff, 0x01, 0x00, 0x01, 0xd5,
  0xff, 0x02, 0x0a, 0x00, 0x00, 0x00, 0xff, 0x7f, 0x02, 0x00, 0x17, 0xd4, 0x7c, 0xf9, 0x02, 0x00,
  0xa2, 0x00, 0x87, 0xbf, 0x2a, 0x03, 0x54, 0x10, 0x90, 0xf8, 0x02, 0x32, 0x81, 0x02, 0x02, 0x36,
  0x91, 0x00, 0x87, 0xbf, 0x01, 0x00, 0x55, 0xd6, 0x7c, 0x03, 0xfe, 0x03, 0xff, 0x7f, 0x00, 0x00,
  0xff, 0x02, 0x02, 0x36, 0x00, 0x00, 0xff, 0xff, 0x21, 0x01, 0x87, 0xbf, 0x01, 0x00, 0x01, 0xd5,
  0xff, 0x02, 0x0a, 0x00, 0x00, 0x00, 0xff, 0x7f, 0x02, 0x00, 0x17, 0xd4, 0x7a, 0xf5, 0x02, 0x00,
  0x29, 0x03, 0x52, 0x10, 0x90, 0xf4, 0x02, 0x32, 0x91, 0x00, 0x87, 0xbf, 0x81, 0x02, 0x02, 0x36,
  0x01, 0x00, 0x55, 0xd6, 0x7a, 0x03, 0xfe, 0x03, 0xff, 0x7f, 0x00, 0x00, 0x91, 0x00, 0x87, 0xbf,
  0xff, 0x02, 0x02, 0x36, 0x00, 0x00, 0xff, 0xff, 0x01, 0x00, 0x01, 0xd5, 0xff, 0x02, 0x0a, 0x00,
  0x00, 0x00, 0xff, 0x7f, 0x02, 0x00, 0x17, 0xd4, 0x75, 0xeb, 0x02, 0x00, 0xa2, 0x00, 0x87, 0xbf,
  0x28, 0x03, 0x50, 0x10, 0x90, 0xea, 0x02, 0x32, 0x81, 0x02, 0x02, 0x36, 0x91, 0x00, 0x87, 0xbf,
  0x01, 0x00, 0x55, 0xd6, 0x75, 0x03, 0xfe, 0x03, 0xff, 0x7f, 0x00, 0x00, 0xff, 0x02, 0x02, 0x36,
  0x00, 0x00, 0xff, 0xff, 0x21, 0x01, 0x87, 0xbf, 0x01, 0x00, 0x01, 0xd5, 0xff, 0x02, 0x0a, 0x00,
  0x00, 0x00, 0xff, 0x7f, 0x02, 0x00, 0x17, 0xd4, 0x74, 0xe9, 0x02, 0x00, 0x27, 0x03, 0x4e, 0x10,
  0x90, 0xe8, 0x02, 0x32, 0x91, 0x00, 0x87, 0xbf, 0x81, 0x02, 0x02, 0x36, 0x01, 0x00, 0x55, 0xd6,
  0x74, 0x03, 0xfe, 0x03, 0xff, 0x7f, 0x00, 0x00, 0x91, 0x00, 0x87, 0xbf, 0xff, 0x02, 0x02, 0x36,
  0x00, 0x00, 0xff, 0xff, 0x01, 0x00, 0x01, 0xd5, 0xff, 0x02, 0x0a, 0x00, 0x00, 0x00, 0xff, 0x7f,
  0x02, 0x00, 0x17, 0xd4, 0xa2, 0x45, 0x03, 0x00, 0xa2, 0x00, 0x87, 0xbf, 0x26, 0x03, 0x4c, 0x10,
  0x90, 0x44, 0x03, 0x32, 0x81, 0x02, 0x02, 0x36, 0x91, 0x00, 0x87, 0xbf, 0x01, 0x00, 0x55, 0xd6,
  0xa2, 0x03, 0xfe, 0x03, 0xff, 0x7f, 0x00, 0x00, 0xff, 0x02, 0x02, 0x36, 0x00, 0x00, 0xff, 0xff,
  0x21, 0x01, 0x87, 0xbf, 0x01, 0x00, 0x01, 0xd5, 0xff, 0x02, 0x0a, 0x00, 0x00, 0x00, 0xff, 0x7f,
  0x02, 0x00, 0x17, 0xd4, 0x7d, 0xfb, 0x02, 0x00, 0x25, 0x03, 0x02, 0x10, 0x22, 0x01, 0x87, 0xbf,
  0x05, 0x00, 0x01, 0xd5, 0xff, 0x0a, 0x0a, 0x00, 0x00, 0x00, 0xff, 0x7f, 0x02, 0x00, 0x17, 0xd4,
  0x80, 0x01, 0x03, 0x00, 0x24, 0x0b, 0x4a, 0x10, 0x90, 0x00, 0x0b, 0x32, 0x90, 0xf2, 0x48, 0x32,
  0x93, 0x01, 0x87, 0xbf, 0x50, 0x00, 0x10, 0xd6, 0x25, 0x21, 0x05, 0x02, 0x81, 0x0a, 0x0a, 0x36,
  0x93, 0x01, 0x87, 0xbf, 0x81, 0x48, 0x48, 0x36, 0x50, 0x00, 0x55, 0xd6, 0x25, 0xa1, 0xfe, 0x03,
  0xff, 0x7f, 0x00, 0x00, 0x93, 0x01, 0x87, 0xbf, 0x05, 0x00, 0x55, 0xd6, 0x80, 0x0b, 0xfe, 0x03,
  0xff, 0x7f, 0x00, 0x00, 0x24, 0x00, 0x55, 0xd6, 0x79, 0x49, 0xfe, 0x03, 0xff, 0x7f, 0x00, 0x00,
  0x93, 0x01, 0x87, 0xbf, 0x90, 0xa0, 0xa0, 0x32, 0xff, 0x0a, 0x0a, 0x36, 0x00, 0x00, 0xff, 0xff,
  0x13, 0x01, 0x87, 0xbf, 0xff, 0x48, 0x48, 0x36, 0x00, 0x00, 0xff, 0xff, 0x05, 0x00, 0x01, 0xd5,
  0xff, 0x0a, 0x0a, 0x00, 0x00, 0x00, 0xff, 0x7f, 0x32, 0x02, 0x87, 0xbf, 0x24, 0x00, 0x01, 0xd5,
  0xff, 0x48, 0x12, 0x00, 0x00, 0x00, 0xff, 0x7f, 0x02, 0x00, 0x17, 0xd4, 0x78, 0xf1, 0x02, 0x00,
  0x04, 0x00, 0x17, 0xd4, 0x9d, 0x3b, 0x03, 0x00, 0x23, 0x0b, 0x0a, 0x10, 0x24, 0x02, 0x87, 0xbf,
  0x23, 0x49, 0x48, 0x10, 0x90, 0xf0, 0x46, 0x32, 0x32, 0x00, 0x01, 0xd5, 0xff, 0x64, 0x12, 0x00,
  0x00, 0x00, 0xff, 0x7f, 0x04, 0x00, 0x17, 0xd4, 0x7f, 0xff, 0x02, 0x00, 0x94, 0x01, 0x87, 0xbf,
  0x51, 0x00, 0x10, 0xd6, 0x24, 0x21, 0x05, 0x02, 0x21, 0x65, 0xe4, 0xc8, 0x81, 0x46, 0x22, 0x32,
  0x23, 0x02, 0x87, 0xbf, 0x34, 0x00, 0x01, 0xd5, 0xff, 0x68, 0x12, 0x00, 0x00, 0x00, 0xff, 0x7f,
  0x04, 0x00, 0x17, 0xd4, 0xa3, 0x47, 0x03, 0x00, 0x51, 0x00, 0x55, 0xd6, 0x24, 0xa3, 0xfe, 0x03,
  0xff, 0x7f, 0x00, 0x00, 0x14, 0x02, 0x87, 0xbf, 0x23, 0x00, 0x55, 0xd6, 0x78, 0x47, 0xfe, 0x03,
  0xff, 0x7f, 0x00, 0x00, 0x1f, 0x69, 0x68, 0x10, 0x14, 0x02, 0x87, 0xbf, 0x42, 0x00, 0x01, 0xd5,
  0xff, 0x84, 0x12, 0x00, 0x00, 0x00, 0xff, 0x7f, 0x90, 0xa2, 0xa2, 0x32, 0xa4, 0x01, 0x87, 0xbf,
  0xff, 0x46, 0x46, 0x36, 0x00, 0x00, 0xff, 0xff, 0x00, 0x00, 0x84, 0xbe, 0x1d, 0x85, 0x84, 0x10,
  0x22, 0x01, 0x87, 0xbf, 0x23, 0x00, 0x01, 0xd5, 0xff, 0x46, 0x0a, 0x00, 0x00, 0x00, 0xff, 0x7f,
  0x02, 0x00, 0x17, 0xd4, 0xa7, 0x4f, 0x03, 0x00, 0x22, 0x47, 0x46, 0x10, 0x90, 0x4e, 0x45, 0x32,
  0x91, 0x00, 0x87, 0xbf, 0x81, 0x44, 0x44, 0x36, 0x22, 0x00, 0x55, 0xd6, 0xa7, 0x45, 0xfe, 0x03,
  0xff, 0x7f, 0x00, 0x00, 0x91, 0x00, 0x87, 0xbf, 0xff, 0x44, 0x44, 0x36, 0x00, 0x00, 0xff, 0xff,
  0x22, 0x00, 0x01, 0xd5, 0xff, 0x44, 0x0a, 0x00, 0x00, 0x00, 0xff, 0x7f, 0x02, 0x00, 0x17, 0xd4,
  0x9a, 0x35, 0x03, 0x00, 0xa2, 0x00, 0x87, 0xbf, 0x21, 0x45, 0x42, 0x10, 0x90, 0x34, 0x45, 0x32,
  0x81, 0x44, 0x44, 0x36, 0x91, 0x00, 0x87, 0xbf, 0x22, 0x00, 0x55, 0xd6, 0x9a, 0x45, 0xfe, 0x03,
  0xff, 0x7f, 0x00, 0x00, 0xff, 0x44, 0x44, 0x36, 0x00, 0x00, 0xff, 0xff, 0x21, 0x01, 0x87, 0xbf,
  0x22, 0x00, 0x01, 0xd5, 0xff, 0x44, 0x0a, 0x00, 0x00, 0x00, 0xff, 0x7f, 0x02, 0x00, 0x17, 0xd4,
  0x9c, 0x39, 0x03, 0x00, 0x20, 0x45, 0x44, 0x10, 0x20, 0x63, 0x40, 0x10, 0x90, 0x38, 0x63, 0x32,
  0x91, 0x00, 0x87, 0xbf, 0x81, 0x62, 0x62, 0x36, 0x31, 0x00, 0x55, 0xd6, 0x9c, 0x63, 0xfe, 0x03,
  0xff, 0x7f, 0x00, 0x00, 0x91, 0x00, 0x87, 0xbf, 0xff, 0x62, 0x62, 0x36, 0x00, 0x00, 0xff, 0xff,
  0x31, 0x00, 0x01, 0xd5, 0xff, 0x62, 0x0a, 0x00, 0x00, 0x00, 0xff, 0x7f, 0x02, 0x00, 0x17, 0xd4,
  0x7b, 0xf7, 0x02, 0x00, 0xa2, 0x00, 0x87, 0xbf, 0x1f, 0x63, 0x3e, 0x10, 0x90, 0xf6, 0x62, 0x32,
  0x81, 0x62, 0x62, 0x36, 0x91, 0x00, 0x87, 0xbf, 0x31, 0x00, 0x55, 0xd6, 0x7b, 0x63, 0xfe, 0x03,
  0xff, 0x7f, 0x00, 0x00, 0xff, 0x62, 0x62, 0x36, 0x00, 0x00, 0xff, 0xff, 0x21, 0x01, 0x87, 0xbf,
  0x31, 0x00, 0x01, 0xd5, 0xff, 0x62, 0x0a, 0x00, 0x00, 0x00, 0xff, 0x7f, 0x02, 0x00, 0x17, 0xd4,
  0xaa, 0x55, 0x03, 0x00, 0x1e, 0x63, 0x62, 0x10, 0x1e, 0x67, 0x3c, 0x10, 0x90, 0x54, 0x67, 0x32,
  0x91, 0x00, 0x87, 0xbf, 0x81, 0x66, 0x66, 0x36, 0x33, 0x00, 0x55, 0xd6, 0xaa, 0x67, 0xfe, 0x03,
  0xff, 0x7f, 0x00, 0x00, 0x91, 0x00, 0x87, 0xbf, 0xff, 0x66, 0x66, 0x36, 0x00, 0x00, 0xff, 0xff,
  0x33, 0x00, 0x01, 0xd5, 0xff, 0x66, 0x0a, 0x00, 0x00, 0x00, 0xff, 0x7f, 0x00, 0x00, 0x82, 0xbe,
  0xa1, 0x00, 0x87, 0xbf, 0x1d, 0x67, 0x3a, 0x10, 0x90, 0x4a, 0x67, 0x32, 0x81, 0x66, 0x66, 0x36,
  0x91, 0x00, 0x87, 0xbf, 0x33, 0x00, 0x55, 0xd6, 0xa5, 0x67, 0xfe, 0x03, 0xff, 0x7f, 0x00, 0x00,
  0xff, 0x66, 0x66, 0x36, 0x00, 0x00, 0xff, 0xff, 0x21, 0x01, 0x87, 0xbf, 0xff, 0x66, 0x66, 0x02,
  0x00, 0x00, 0xff, 0x7f, 0xa1, 0x43, 0x2f, 0x7c, 0x1b, 0x67, 0x36, 0x10, 0x90, 0x50, 0x67, 0x32,
  0xff, 0x6a, 0x6a, 0x02, 0x00, 0x00, 0xff, 0x7f, 0xa8, 0x51, 0x2f, 0x7c, 0x22, 0x01, 0x87, 0xbf,
  0x1a, 0x6b, 0xe4, 0xc8, 0x81, 0x66, 0x32, 0x1a, 0x35, 0x00, 0x10, 0xd6, 0x4f, 0x21, 0x05, 0x02,
  0x33, 0x00, 0x55, 0xd6, 0xa8, 0x67, 0xfe, 0x03, 0xff, 0x7f, 0x00, 0x00, 0x12, 0x01, 0x87, 0xbf,
  0x35, 0x00, 0x55, 0xd6, 0x4f, 0x6b, 0xfe, 0x03, 0xff, 0x7f, 0x00, 0x00, 0xff, 0x66, 0x66, 0x36,
  0x00, 0x00, 0xff, 0xff, 0x12, 0x01, 0x87, 0xbf, 0x90, 0x6a, 0x6a, 0x32, 0xff, 0x66, 0x66, 0x02,
  0x00, 0x00, 0xff, 0x7f, 0xa4, 0x49, 0x2f, 0x7c, 0xb2, 0x01, 0x87, 0xbf, 0x18, 0x67, 0xe4, 0xc8,
  0xff, 0x9a, 0x32, 0x18, 0x00, 0x00, 0xff, 0xff, 0xff, 0x9c, 0x9a, 0x36, 0x00, 0x00, 0xff, 0xff,
  0x4e, 0x00, 0x10, 0xd6, 0x23, 0x21, 0x05, 0x02, 0xff, 0x66, 0x66, 0x02, 0x00, 0x00, 0xff, 0x7f,
  0x13, 0x27, 0x2e, 0x7c, 0x93, 0x01, 0x87, 0xbf, 0x4e, 0x00, 0x55, 0xd6, 0x23, 0x9d, 0xfe, 0x03,
  0xff, 0x7f, 0x00, 0x00, 0x17, 0x67, 0x26, 0x10, 0xff, 0x9a, 0x9a, 0x02, 0x00, 0x00, 0xff, 0x7f,
  0x4f, 0x9f, 0x2e, 0x7c, 0x17, 0x00, 0x10, 0xd6, 0x43, 0x21, 0x05, 0x02, 0x33, 0x00, 0x10, 0xd6,
  0x42, 0x21, 0x05, 0x02, 0x90, 0x9c, 0x9c, 0x32, 0x16, 0x9b, 0x2c, 0x10, 0xff, 0x6a, 0x6a, 0x02,
  0xff, 0x7f, 0x00, 0x00, 0x45, 0x8b, 0x2e, 0x7c, 0x17, 0x00, 0x55, 0xd6, 0x43, 0x2f, 0xfe, 0x03,
  0xff, 0x7f, 0x00, 0x00, 0x33, 0x00, 0x55, 0xd6, 0x42, 0x67, 0xfe, 0x03, 0xff, 0x7f, 0x00, 0x00,
  0x45, 0x00, 0x10, 0xd6, 0x22, 0x21, 0x05, 0x02, 0x4d, 0x00, 0x10, 0xd6, 0x32, 0x21, 0x05, 0x02,
  0xff, 0x88, 0x88, 0x02, 0xff, 0x7f, 0x00, 0x00, 0x90, 0x2e, 0x2e, 0x32, 0x43, 0x87, 0x2e, 0x7c,
  0x90, 0x66, 0x66, 0x32, 0x45, 0x00, 0x55, 0xd6, 0x22, 0x8b, 0xfe, 0x03, 0xff, 0x7f, 0x00, 0x00,
  0x9e, 0x00, 0x44, 0xd6, 0x44, 0x6b, 0xfe, 0x03, 0x00, 0x01, 0x04, 0x05, 0x35, 0x00, 0x10, 0xd6,
  0x31, 0x21, 0x05, 0x02, 0x44, 0x00, 0x10, 0xd6, 0x34, 0x21, 0x05, 0x02, 0xff, 0x2e, 0x2e, 0x02,
  0xff, 0x7f, 0x00, 0x00, 0x42, 0x85, 0x2e, 0x7c, 0x4d, 0x00, 0x55, 0xd6, 0x32, 0x9b, 0xfe, 0x03,
  0xff, 0x7f, 0x00, 0x00, 0x35, 0x00, 0x55, 0xd6, 0x31, 0x6b, 0xfe, 0x03, 0xff, 0x7f, 0x00, 0x00,
  0x44, 0x00, 0x55, 0xd6, 0x34, 0x89, 0xfe, 0x03, 0xff, 0x7f, 0x00, 0x00, 0x90, 0x8a, 0x8a, 0x32,
  0xff, 0x66, 0x66, 0x02, 0xff, 0x7f, 0x00, 0x00, 0x31, 0x63, 0x2e, 0x7c, 0x90, 0x6a, 0x6a, 0x32,
  0x90, 0x88, 0x88, 0x32, 0x90, 0x9a, 0x9a, 0x32, 0x4f, 0x00, 0x10, 0xd6, 0x30, 0x21, 0x05, 0x02,
  0x9d, 0x00, 0x44, 0xd6, 0x33, 0x2f, 0xfe, 0x03, 0x00, 0x01, 0x04, 0x05, 0xff, 0x6a, 0x62, 0x02,
  0xff, 0x7f, 0x00, 0x00, 0x34, 0x69, 0x2e, 0x7c, 0x17, 0x00, 0x10, 0xd6, 0x46, 0x21, 0x05, 0x02,
  0x4f, 0x00, 0x55, 0xd6, 0x30, 0x9f, 0xfe, 0x03, 0xff, 0x7f, 0x00, 0x00, 0x33, 0x00, 0x10, 0xd6,
  0x54, 0x21, 0x05, 0x02, 0x35, 0x00, 0x10, 0xd6, 0x56, 0x21, 0x05, 0x02, 0xff, 0x88, 0x68, 0x02,
  0xff, 0x7f, 0x00, 0x00, 0x22, 0x45, 0x2e, 0x7c, 0x90, 0x9e, 0x9e, 0x32, 0x17, 0x00, 0x55, 0xd6,
  0x46, 0x2f, 0xfe, 0x03, 0xff, 0x7f, 0x00, 0x00, 0x43, 0x00, 0x10, 0xd6, 0x5a, 0x21, 0x05, 0x02,
  0x9c, 0x00, 0x44, 0xd6, 0x34, 0x63, 0xfe, 0x03, 0x00, 0x01, 0x04, 0x05, 0xff, 0x8a, 0x44, 0x02,
  0xff, 0x7f, 0x00, 0x00, 0x32, 0x65, 0x2e, 0x7c, 0x90, 0x2e, 0x2e, 0x32, 0x31, 0x00, 0x10, 0xd6,
  0x4c, 0x21, 0x05, 0x02, 0x34, 0x00, 0x10, 0xd6, 0x55, 0x21, 0x05, 0x02, 0x42, 0x00, 0x10, 0xd6,
  0x5b, 0x21, 0x05, 0x02, 0xff, 0x9a, 0x64, 0x02, 0xff, 0x7f, 0x00, 0x00, 0x23, 0x47, 0x2e, 0x7c,
  0x45, 0x00, 0x10, 0xd6, 0x15, 0x21, 0x05, 0x02, 0x44, 0x00, 0x10, 0xd6, 0x0c, 0x21, 0x05, 0x02,
  0x04, 0x00, 0x87, 0xbf, 0x9b, 0x00, 0x44, 0xd6, 0x32, 0x45, 0xfe, 0x03, 0x00, 0x01, 0x04, 0x05,
  0xff, 0x9c, 0x46, 0x02, 0xff, 0x7f, 0x00, 0x00, 0x24, 0x49, 0x2e, 0x7c, 0x22, 0x00, 0x10, 0xd6,
  0x47, 0x21, 0x05, 0x02, 0x32, 0x00, 0x10, 0xd6, 0x53, 0x21, 0x05, 0x02, 0x45, 0x00, 0x55, 0xd6,
  0x15, 0x8b, 0xfe, 0x03, 0xff, 0x7f, 0x00, 0x00, 0x44, 0x00, 0x55, 0xd6, 0x0c, 0x89, 0xfe, 0x03,
  0xff, 0x7f, 0x00, 0x00, 0xff, 0xa2, 0x48, 0x02, 0xff, 0x7f, 0x00, 0x00, 0x25, 0x4b, 0x2e, 0x7c,
  0x22, 0x00, 0x55, 0xd6, 0x47, 0x45, 0xfe, 0x03, 0xff, 0x7f, 0x00, 0x00, 0x90, 0x8a, 0x8a, 0x32,
  0x90, 0x88, 0x88, 0x32, 0x9a, 0x00, 0x44, 0xd6, 0x24, 0x47, 0xfe, 0x03, 0x00, 0x01, 0x04, 0x05,
  0xff, 0xa0, 0x4a, 0x02, 0xff, 0x7f, 0x00, 0x00, 0x30, 0x61, 0x2e, 0x7c, 0x23, 0x00, 0x10, 0xd6,
  0x48, 0x21, 0x05, 0x02, 0x24, 0x00, 0x10, 0xd6, 0x49, 0x21, 0x05, 0x02, 0x90, 0x44, 0x44, 0x32,
  0xff, 0x9e, 0x60, 0x02, 0xff, 0x7f, 0x00, 0x00, 0x46, 0x8d, 0x2e, 0x7c, 0x23, 0x00, 0x55, 0xd6,
  0x48, 0x47, 0xfe, 0x03, 0xff, 0x7f, 0x00, 0x00, 0x24, 0x00, 0x55, 0xd6, 0x49, 0x49, 0xfe, 0x03,
  0xff, 0x7f, 0x00, 0x00, 0x46, 0x00, 0x10, 0xd6, 0x41, 0x21, 0x05, 0x02, 0x99, 0x00, 0x44, 0xd6,
  0x30, 0x4b, 0xfe, 0x03, 0x00, 0x01, 0x04, 0x05, 0xff, 0x2e, 0x2e, 0x02, 0xff, 0x7f, 0x00, 0x00,
  0x47, 0x8f, 0x2e, 0x7c, 0x25, 0x00, 0x10, 0xd6, 0x4a, 0x21, 0x05, 0x02, 0x90, 0x46, 0x46, 0x32,
  0x30, 0x00, 0x10, 0xd6, 0x4b, 0x21, 0x05, 0x02, 0x90, 0x48, 0x48, 0x32, 0xff, 0x44, 0x44, 0x02,
  0xff, 0x7f, 0x00, 0x00, 0x48, 0x91, 0x2e, 0x7c, 0x25, 0x00, 0x55, 0xd6, 0x4a, 0x4b, 0xfe, 0x03,
  0xff, 0x7f, 0x00, 0x00, 0x30, 0x00, 0x55, 0xd6, 0x4b, 0x61, 0xfe, 0x03, 0xff, 0x7f, 0x00, 0x00,
  0x46, 0x00, 0x55, 0xd6, 0x41, 0x8d, 0xfe, 0x03, 0xff, 0x7f, 0x00, 0x00, 0xa8, 0x00, 0x44, 0xd6,
  0x22, 0x2f, 0xfe, 0x03, 0x00, 0x01, 0x04, 0x05, 0xff, 0x46, 0x46, 0x02, 0xff, 0x7f, 0x00, 0x00,
  0x49, 0x93, 0x2e, 0x7c, 0x90, 0x4a, 0x4a, 0x32, 0x90, 0x60, 0x60, 0x32, 0x22, 0x00, 0x10, 0xd6,
  0x58, 0x21, 0x05, 0x02, 0x17, 0x00, 0x10, 0xd6, 0x59, 0x21, 0x05, 0x02, 0xff, 0x48, 0x48, 0x02,
  0xff, 0x7f, 0x00, 0x00, 0x4a, 0x95, 0x2e, 0x7c, 0x90, 0x8c, 0x8c, 0x32, 0x22, 0x00, 0x55, 0xd6,
  0x58, 0x45, 0xfe, 0x03, 0xff, 0x7f, 0x00, 0x00, 0x17, 0x00, 0x55, 0xd6, 0x59, 0x2f, 0xfe, 0x03,
  0xff, 0x7f, 0x00, 0x00, 0xa7, 0x00, 0x44, 0xd6, 0x24, 0x47, 0xfe, 0x03, 0x00, 0x01, 0x04, 0x05,
  0xff, 0x4a, 0x4a, 0x02, 0xff, 0x7f, 0x00, 0x00, 0x4b, 0x97, 0x2e, 0x7c, 0x23, 0x00, 0x10, 0xd6,
  0x57, 0x21, 0x05, 0x02, 0x90, 0x44, 0x44, 0x32, 0x90, 0x2e, 0x2e, 0x32, 0x24, 0x00, 0x55, 0xd6,
  0x5b, 0x85, 0xfe, 0x03, 0xff, 0x7f, 0x00, 0x00, 0xff, 0x60, 0x60, 0x02, 0xff, 0x7f, 0x00, 0x00,
  0x4c, 0x99, 0x2e, 0x7c, 0x23, 0x00, 0x55, 0xd6, 0x57, 0x47, 0xfe, 0x03, 0xff, 0x7f, 0x00, 0x00,
  0x42, 0x00, 0x10, 0xd6, 0x09, 0x21, 0x05, 0x02, 0x90, 0x48, 0x48, 0x32, 0xa6, 0x00, 0x44, 0xd6,
  0x30, 0x4b, 0xfe, 0x03, 0x00, 0x01, 0x04, 0x05, 0x30, 0x00, 0x55, 0xd6, 0x4c, 0x63, 0xfe, 0x03,
  0xff, 0x7f, 0x00, 0x00, 0x31, 0x00, 0x55, 0xd6, 0x53, 0x65, 0xfe, 0x03, 0xff, 0x7f, 0x00, 0x00,
  0x32, 0x00, 0x55, 0xd6, 0x54, 0x67, 0xfe, 0x03, 0xff, 0x7f, 0x00, 0x00, 0x33, 0x00, 0x55, 0xd6,
  0x55, 0x69, 0xfe, 0x03, 0xff, 0x7f, 0x00, 0x00, 0x34, 0x00, 0x55, 0xd6, 0x56, 0x6b, 0xfe, 0x03,
  0xff, 0x7f, 0x00, 0x00, 0x90, 0x60, 0x60, 0x32, 0x90, 0x62, 0x62, 0x32, 0x90, 0x64, 0x64, 0x32,
  0x90, 0x66, 0x66, 0x32, 0x90, 0x68, 0x68, 0x32, 0xff, 0x60, 0x60, 0x02, 0xff, 0x7f, 0x00, 0x00,
  0x53, 0xa7, 0x2e, 0x7c, 0x90, 0x46, 0x46, 0x32, 0x25, 0x00, 0x55, 0xd6, 0x5a, 0x87, 0xfe, 0x03,
  0xff, 0x7f, 0x00, 0x00, 0x35, 0x00, 0x10, 0xd6, 0x40, 0x21, 0x05, 0x02, 0x43, 0x00, 0x10, 0xd6,
  0x0a, 0x21, 0x05, 0x02, 0xff, 0x62, 0x62, 0x02, 0xff, 0x7f, 0x00, 0x00, 0x54, 0xa9, 0x2e, 0x7c,
  0x90, 0x4a, 0x4a, 0x32, 0x35, 0x00, 0x55, 0xd6, 0x40, 0x6b, 0xfe, 0x03, 0xff, 0x7f, 0x00, 0x00,
  0x43, 0x00, 0x55, 0xd6, 0x0a, 0x87, 0xfe, 0x03, 0xff, 0x7f, 0x00, 0x00, 0xa5, 0x00, 0x44, 0xd6,
  0x31, 0x61, 0xfe, 0x03, 0x00, 0x01, 0x04, 0x05, 0xff, 0x64, 0x64, 0x02, 0xff, 0x7f, 0x00, 0x00,
  0x55, 0xab, 0x2e, 0x7c, 0x30, 0x00, 0x10, 0xd6, 0x3b, 0x21, 0x05, 0x02, 0x31, 0x00, 0x10, 0xd6,
  0x3c, 0x21, 0x05, 0x02, 0x90, 0x6a, 0x6a, 0x32, 0x42, 0x00, 0x55, 0xd6, 0x09, 0x85, 0xfe, 0x03,
  0xff, 0x7f, 0x00, 0x00, 0xff, 0x66, 0x66, 0x02, 0xff, 0x7f, 0x00, 0x00, 0x56, 0xad, 0x2e, 0x7c,
  0x30, 0x00, 0x55, 0xd6, 0x3b, 0x61, 0xfe, 0x03, 0xff, 0x7f, 0x00, 0x00, 0x31, 0x00, 0x55, 0xd6,
  0x3c, 0x63, 0xfe, 0x03, 0xff, 0x7f, 0x00, 0x00, 0x04, 0x00, 0x87, 0xbf, 0xa4, 0x00, 0x44, 0xd6,
  0x33, 0x65, 0xfe, 0x03, 0x00, 0x01, 0x04, 0x05, 0xff, 0x68, 0x68, 0x02, 0xff, 0x7f, 0x00, 0x00,
  0x57, 0xaf, 0x2e, 0x7c, 0x32, 0x00, 0x10, 0xd6, 0x3d, 0x21, 0x05, 0x02, 0x90, 0x60, 0x60, 0x32,
  0x33, 0x00, 0x10, 0xd6, 0x3e, 0x21, 0x05, 0x02, 0x90, 0x62, 0x62, 0x32, 0xff, 0x46, 0x46, 0x02,
  0xff, 0x7f, 0x00, 0x00, 0x58, 0xb1, 0x2e, 0x7c, 0x32, 0x00, 0x55, 0xd6, 0x3d, 0x65, 0xfe, 0x03,
  0xff, 0x7f, 0x00, 0x00, 0x33, 0x00, 0x55, 0xd6, 0x3e, 0x67, 0xfe, 0x03, 0xff, 0x7f, 0x00, 0x00,
  0x04, 0x00, 0x87, 0xbf, 0xa3, 0x00, 0x44, 0xd6, 0x23, 0x69, 0xfe, 0x03, 0x00, 0x01, 0x04, 0x05,
  0xff, 0x44, 0x44, 0x02, 0xff, 0x7f, 0x00, 0x00, 0x59, 0xb3, 0x2e, 0x7c, 0x23, 0x00, 0x10, 0xd6,
  0x38, 0x21, 0x05, 0x02, 0x34, 0x00, 0x10, 0xd6, 0x3f, 0x21, 0x05, 0x02, 0x90, 0x64, 0x64, 0x32,
  0x90, 0x66, 0x66, 0x32, 0xff, 0x2e, 0x2e, 0x02, 0xff, 0x7f, 0x00, 0x00, 0x5a, 0xb5, 0x2e, 0x7c,
  0x23, 0x00, 0x55, 0xd6, 0x38, 0x47, 0xfe, 0x03, 0xff, 0x7f, 0x00, 0x00, 0x34, 0x00, 0x55, 0xd6,
  0x3f, 0x69, 0xfe, 0x03, 0xff, 0x7f, 0x00, 0x00, 0x04, 0x00, 0x87, 0xbf, 0xa2, 0x00, 0x44, 0xd6,
  0x17, 0x45, 0xfe, 0x03, 0x00, 0x01, 0x04, 0x05, 0x17, 0x00, 0x10, 0xd6, 0x36, 0x21, 0x05, 0x02,
  0xff, 0x4a, 0x4a, 0x02, 0xff, 0x7f, 0x00, 0x00, 0x5b, 0xb7, 0x2e, 0x7c, 0x22, 0x00, 0x10, 0xd6,
  0x37, 0x21, 0x05, 0x02, 0x90, 0x46, 0x46, 0x32, 0x17, 0x00, 0x55, 0xd6, 0x36, 0x2f, 0xfe, 0x03,
  0xff, 0x7f, 0x00, 0x00, 0x90, 0x68, 0x68, 0x32, 0xff, 0x48, 0x48, 0x02, 0xff, 0x7f, 0x00, 0x00,
  0x22, 0x00, 0x55, 0xd6, 0x37, 0x45, 0xfe, 0x03, 0xff, 0x7f, 0x00, 0x00, 0x36, 0x6d, 0x2e, 0x7c,
  0x90, 0x2e, 0x2e, 0x32, 0x90, 0x86, 0x6c, 0x32, 0xa1, 0x00, 0x44, 0xd6, 0x24, 0x4b, 0xfe, 0x03,
  0x00, 0x01, 0x04, 0x05, 0x24, 0x00, 0x10, 0xd6, 0x39, 0x21, 0x05, 0x02, 0x90, 0x44, 0x44, 0x32,
  0xff, 0x2e, 0x2e, 0x02, 0xff, 0x7f, 0x00, 0x00, 0x37, 0x6f, 0x2e, 0x7c, 0x25, 0x00, 0x10, 0xd6,
  0x3a, 0x21, 0x05, 0x02, 0x24, 0x00, 0x55, 0xd6, 0x39, 0x49, 0xfe, 0x03, 0xff, 0x7f, 0x00, 0x00,
  0x90, 0x84, 0x6e, 0x32, 0xff, 0x44, 0x44, 0x02, 0xff, 0x7f, 0x00, 0x00, 0x38, 0x71, 0x2e, 0x7c,
  0x25, 0x00, 0x55, 0xd6, 0x3a, 0x4b, 0xfe, 0x03, 0xff, 0x7f, 0x00, 0x00, 0x90, 0x48, 0x48, 0x32,
  0x04, 0x00, 0x87, 0xbf, 0xb0, 0x00, 0x44, 0xd6, 0x22, 0x2f, 0xfe, 0x03, 0x00, 0x01, 0x04, 0x05,
  0xff, 0x46, 0x46, 0x02, 0xff, 0x7f, 0x00, 0x00, 0x39, 0x73, 0x2e, 0x7c, 0x90, 0x4a, 0x4a, 0x32,
  0xff, 0x48, 0x48, 0x02, 0xff, 0x7f, 0x00, 0x00, 0x3a, 0x75, 0x2e, 0x7c, 0x12, 0x02, 0x87, 0xbf,
  0xaf, 0x00, 0x44, 0xd6, 0x24, 0x47, 0xfe, 0x03, 0x00, 0x01, 0x04, 0x05, 0xff, 0x4a, 0x4a, 0x02,
  0xff, 0x7f, 0x00, 0x00, 0x3b, 0x77, 0x2e, 0x7c, 0xff, 0x60, 0x60, 0x02, 0xff, 0x7f, 0x00, 0x00,
  0x3c, 0x79, 0x2e, 0x7c, 0x02, 0x00, 0x87, 0xbf, 0xae, 0x00, 0x44, 0xd6, 0x30, 0x4b, 0xfe, 0x03,
  0x00, 0x01, 0x04, 0x05, 0xff, 0x62, 0x2e, 0x02, 0xff, 0x7f, 0x00, 0x00, 0x3d, 0x7b, 0x2e, 0x7c,
  0x31, 0x00, 0x10, 0xd6, 0x14, 0x21, 0x05, 0x02, 0xff, 0x64, 0x44, 0x02, 0xff, 0x7f, 0x00, 0x00,
  0x3e, 0x7d, 0x2e, 0x7c, 0x23, 0x02, 0x87, 0xbf, 0x31, 0x00, 0x55, 0xd6, 0x14, 0x63, 0xfe, 0x03,
  0xff, 0x7f, 0x00, 0x00, 0x32, 0x00, 0x10, 0xd6, 0x03, 0x21, 0x05, 0x02, 0xad, 0x00, 0x44, 0xd6,
  0x22, 0x2f, 0xfe, 0x03, 0x00, 0x01, 0x04, 0x05, 0xff, 0x66, 0x46, 0x02, 0xff, 0x7f, 0x00, 0x00,
  0x3f, 0x7f, 0x2e, 0x7c, 0x17, 0x00, 0x10, 0xd6, 0x2a, 0x21, 0x05, 0x02, 0x22, 0x00, 0x10, 0xd6,
  0x2b, 0x21, 0x05, 0x02, 0x90, 0x62, 0x62, 0x32, 0x33, 0x00, 0x10, 0xd6, 0x04, 0x21, 0x05, 0x02,
  0xff, 0x68, 0x48, 0x02, 0xff, 0x7f, 0x00, 0x00, 0x40, 0x81, 0x2e, 0x7c, 0x17, 0x00, 0x55, 0xd6,
  0x2a, 0x2f, 0xfe, 0x03, 0xff, 0x7f, 0x00, 0x00, 0x22, 0x00, 0x55, 0xd6, 0x2b, 0x45, 0xfe, 0x03,
  0xff, 0x7f, 0x00, 0x00, 0x34, 0x00, 0x10, 0xd6, 0x06, 0x21, 0x05, 0x02, 0xac, 0x00, 0x44, 0xd6,
  0x24, 0x47, 0xfe, 0x03, 0x00, 0x01, 0x04, 0x05, 0xff, 0x6a, 0x4a, 0x02, 0xff, 0x7f, 0x00, 0x00,
  0x41, 0x83, 0x2e, 0x7c, 0x23, 0x00, 0x10, 0xd6, 0x2c, 0x21, 0x05, 0x02, 0x90, 0x2e, 0x2e, 0x32,
  0x24, 0x00, 0x10, 0xd6, 0x2d, 0x21, 0x05, 0x02, 0x90, 0x44, 0x44, 0x32, 0xff, 0x8c, 0x60, 0x02,
  0xff, 0x7f, 0x00, 0x00, 0x15, 0x2b, 0x2e, 0x7c, 0x23, 0x00, 0x55, 0xd6, 0x2c, 0x47, 0xfe, 0x03,
  0xff, 0x7f, 0x00, 0x00, 0x24, 0x00, 0x55, 0xd6, 0x2d, 0x49, 0xfe, 0x03, 0xff, 0x7f, 0x00, 0x00,
  0x35, 0x00, 0x10, 0xd6, 0x08, 0x21, 0x05, 0x02, 0xab, 0x00, 0x44, 0xd6, 0x30, 0x4b, 0xfe, 0x03,
  0x00, 0x01, 0x04, 0x05, 0xff, 0x8a, 0x2a, 0x02, 0xff, 0x7f, 0x00, 0x00, 0x0c, 0x19, 0x2e, 0x7c,
  0x25, 0x00, 0x10, 0xd6, 0x2e, 0x21, 0x05, 0x02, 0x90, 0x46, 0x46, 0x32, 0x30, 0x00, 0x10, 0xd6,
  0x2f, 0x21, 0x05, 0x02, 0x90, 0x48, 0x48, 0x32, 0xff, 0x88, 0x18, 0x02, 0xff, 0x7f, 0x00, 0x00,
  0x0a, 0x15, 0x2e, 0x7c, 0x25, 0x00, 0x55, 0xd6, 0x2e, 0x4b, 0xfe, 0x03, 0xff, 0x7f, 0x00, 0x00,
  0x30, 0x00, 0x55, 0xd6, 0x2f, 0x61, 0xfe, 0x03, 0xff, 0x7f, 0x00, 0x00, 0x35, 0x00, 0x55, 0xd6,
  0x08, 0x6b, 0xfe, 0x03, 0xff, 0x7f, 0x00, 0x00, 0xaa, 0x00, 0x44, 0xd6, 0x0c, 0x2b, 0xfe, 0x03,
  0x00, 0x01, 0x04, 0x05, 0xff, 0x6c, 0x14, 0x02, 0xff, 0x7f, 0x00, 0x00, 0x09, 0x13, 0x2e, 0x7c,
  0x0c, 0x00, 0x10, 0xd6, 0x28, 0x21, 0x05, 0x02, 0x15, 0x00, 0x10, 0xd6, 0x29, 0x21, 0x05, 0x02,
  0x90, 0x4a, 0x4a, 0x32, 0x36, 0x00, 0x10, 0xd6, 0x0b, 0x21, 0x05, 0x02, 0xff, 0x6e, 0x12, 0x02,
  0xff, 0x7f, 0x00, 0x00, 0x26, 0x4d, 0x2e, 0x7c, 0x0c, 0x00, 0x55, 0xd6, 0x28, 0x19, 0xfe, 0x03,
  0xff, 0x7f, 0x00, 0x00, 0x15, 0x00, 0x55, 0xd6, 0x29, 0x2b, 0xfe, 0x03, 0xff, 0x7f, 0x00, 0x00,
  0x90, 0x60, 0x60, 0x32, 0xa9, 0x00, 0x44, 0xd6, 0x09, 0x15, 0xfe, 0x03, 0x00, 0x01, 0x04, 0x05,
  0x09, 0x00, 0x10, 0xd6, 0x26, 0x21, 0x05, 0x02, 0x0a, 0x00, 0x10, 0xd6, 0x27, 0x21, 0x05, 0x02,
  0x90, 0x18, 0x18, 0x32, 0x90, 0x2a, 0x2a, 0x32, 0x36, 0x00, 0x55, 0xd6, 0x0b, 0x6d, 0xfe, 0x03,
  0xff, 0x7f, 0x00, 0x00, 0x09, 0x00, 0x55, 0xd6, 0x26, 0x13, 0xfe, 0x03, 0xff, 0x7f, 0x00, 0x00,
  0x0a, 0x00, 0x55, 0xd6, 0x27, 0x15, 0xfe, 0x03, 0xff, 0x7f, 0x00, 0x00, 0x34, 0x00, 0x55, 0xd6,
  0x06, 0x69, 0xfe, 0x03, 0xff, 0x7f, 0x00, 0x00, 0x90, 0x6a, 0x6a, 0x32, 0x90, 0x6c, 0x6c, 0x32,
  0x90, 0x12, 0x12, 0x32, 0x90, 0x14, 0x14, 0x32, 0x33, 0x00, 0x55, 0xd6, 0x04, 0x67, 0xfe, 0x03,
  0xff, 0x7f, 0x00, 0x00, 0x90, 0x68, 0x68, 0x32, 0x32, 0x00, 0x55, 0xd6, 0x03, 0x65, 0xfe, 0x03,
  0xff, 0x7f, 0x00, 0x00, 0xff, 0x12, 0x12, 0x02, 0xff, 0x7f, 0x00, 0x00, 0x27, 0x4f, 0x2e, 0x7c,
  0x90, 0x66, 0x4c, 0x32, 0x34, 0x01, 0x87, 0xbf, 0x90, 0x64, 0x4e, 0x32, 0xff, 0x14, 0x14, 0x02,
  0xff, 0x7f, 0x00, 0x00, 0x28, 0x51, 0x2e, 0x7c, 0xb8, 0x00, 0x44, 0xd6, 0x0a, 0x13, 0xfe, 0x03,
  0x00, 0x01, 0x04, 0x05, 0xff, 0x18, 0x18, 0x02, 0xff, 0x7f, 0x00, 0x00, 0x29, 0x53, 0x2e, 0x7c,
  0xff, 0x2a, 0x2a, 0x02, 0xff, 0x7f, 0x00, 0x00, 0x2a, 0x55, 0x2e, 0x7c, 0x52, 0x01, 0x87, 0xbf,
  0xb7, 0x00, 0x44, 0xd6, 0x15, 0x19, 0xfe, 0x03, 0x00, 0x01, 0x04, 0x05, 0xff, 0x2e, 0x2e, 0x02,
  0xff, 0x7f, 0x00, 0x00, 0x2b, 0x57, 0x2e, 0x7c, 0xff, 0x44, 0x44, 0x02, 0xff, 0x7f, 0x00, 0x00,
  0x2c, 0x59, 0x2e, 0x7c, 0xb6, 0x00, 0x44, 0xd6, 0x22, 0x2f, 0xfe, 0x03, 0x00, 0x01, 0x04, 0x05,
  0xff, 0x46, 0x12, 0x02, 0xff, 0x7f, 0x00, 0x00, 0x2d, 0x5b, 0x2e, 0x7c, 0x17, 0x00, 0x10, 0xd6,
  0x20, 0x21, 0x05, 0x02, 0x23, 0x00, 0x10, 0xd6, 0x02, 0x21, 0x05, 0x02, 0x22, 0x00, 0x10, 0xd6,
  0x01, 0x21, 0x05, 0x02, 0xff, 0x48, 0x14, 0x02, 0xff, 0x7f, 0x00, 0x00, 0x2e, 0x5d, 0x2e, 0x7c,
  0x17, 0x00, 0x55, 0xd6, 0x20, 0x2f, 0xfe, 0x03, 0xff, 0x7f, 0x00, 0x00, 0x24, 0x00, 0x10, 0xd6,
  0x05, 0x21, 0x05, 0x02, 0x23, 0x00, 0x55, 0xd6, 0x02, 0x47, 0xfe, 0x03, 0xff, 0x7f, 0x00, 0x00,
  0xb5, 0x00, 0x44, 0xd6, 0x0a, 0x13, 0xfe, 0x03, 0x00, 0x01, 0x04, 0x05, 0xff, 0x4a, 0x18, 0x02,
  0xff, 0x7f, 0x00, 0x00, 0x2f, 0x5f, 0x2e, 0x7c, 0x09, 0x00, 0x10, 0xd6, 0x1a, 0x21, 0x05, 0x02,
  0x0a, 0x00, 0x10, 0xd6, 0x1b, 0x21, 0x05, 0x02, 0x25, 0x00, 0x10, 0xd6, 0x07, 0x21, 0x05, 0x02,
  0x90, 0x2e, 0x2e, 0x32, 0xff, 0x60, 0x2a, 0x02, 0xff, 0x7f, 0x00, 0x00, 0x14, 0x29, 0x2e, 0x7c,
  0x09, 0x00, 0x55, 0xd6, 0x1a, 0x13, 0xfe, 0x03, 0xff, 0x7f, 0x00, 0x00, 0x0a, 0x00, 0x55, 0xd6,
  0x1b, 0x15, 0xfe, 0x03, 0xff, 0x7f, 0x00, 0x00, 0x25, 0x00, 0x55, 0xd6, 0x07, 0x4b, 0xfe, 0x03,
  0xff, 0x7f, 0x00, 0x00, 0xb4, 0x00, 0x44, 0xd6, 0x15, 0x19, 0xfe, 0x03, 0x00, 0x01, 0x04, 0x05,
  0xff, 0x62, 0x28, 0x02, 0xff, 0x7f, 0x00, 0x00, 0x0b, 0x17, 0x2e, 0x7c, 0x90, 0x12, 0x12, 0x32,
  0x0c, 0x00, 0x10, 0xd6, 0x1d, 0x21, 0x05, 0x02, 0x90, 0x14, 0x14, 0x32, 0x15, 0x00, 0x10, 0xd6,
  0x1f, 0x21, 0x05, 0x02, 0xff, 0x6c, 0x16, 0x02, 0xff, 0x7f, 0x00, 0x00, 0x08, 0x11, 0x2e, 0x7c,
  0x0c, 0x00, 0x55, 0xd6, 0x1d, 0x19, 0xfe, 0x03, 0xff, 0x7f, 0x00, 0x00, 0x24, 0x00, 0x55, 0xd6,
  0x05, 0x49, 0xfe, 0x03, 0xff, 0x7f, 0x00, 0x00, 0x15, 0x00, 0x55, 0xd6, 0x1f, 0x2b, 0xfe, 0x03,
  0xff, 0x7f, 0x00, 0x00, 0xb3, 0x00, 0x44, 0xd6, 0x0b, 0x29, 0xfe, 0x03, 0x00, 0x01, 0x04, 0x05,
  0xff, 0x6a, 0x10, 0x02, 0xff, 0x7f, 0x00, 0x00, 0x06, 0x0d, 0x2e, 0x7c, 0x0b, 0x00, 0x10, 0xd6,
  0x1c, 0x21, 0x05, 0x02, 0x14, 0x00, 0x10, 0xd6, 0x1e, 0x21, 0x05, 0x02, 0x90, 0x18, 0x18, 0x32,
  0x90, 0x2a, 0x2a, 0x32, 0xff, 0x68, 0x0c, 0x02, 0xff, 0x7f, 0x00, 0x00, 0x04, 0x09, 0x2e, 0x7c,
  0x0b, 0x00, 0x55, 0xd6, 0x1c, 0x17, 0xfe, 0x03, 0xff, 0x7f, 0x00, 0x00, 0x14, 0x00, 0x55, 0xd6,
  0x1e, 0x29, 0xfe, 0x03, 0xff, 0x7f, 0x00, 0x00, 0x90, 0x4a, 0x4a, 0x32, 0xb2, 0x00, 0x44, 0xd6,
  0x06, 0x11, 0xfe, 0x03, 0x00, 0x01, 0x04, 0x05, 0xff, 0x4c, 0x08, 0x02, 0xff, 0x7f, 0x00, 0x00,
  0x03, 0x07, 0x2e, 0x7c, 0x06, 0x00, 0x10, 0xd6, 0x18, 0x21, 0x05, 0x02, 0x08, 0x00, 0x10, 0xd6,
  0x19, 0x21, 0x05, 0x02, 0x90, 0x16, 0x16, 0x32, 0x90, 0x28, 0x28, 0x32, 0xff, 0x4e, 0x06, 0x02,
  0xff, 0x7f, 0x00, 0x00, 0x16, 0x2d, 0x2e, 0x7c, 0x06, 0x00, 0x55, 0xd6, 0x18, 0x0d, 0xfe, 0x03,
  0xff, 0x7f, 0x00, 0x00, 0x08, 0x00, 0x55, 0xd6, 0x19, 0x11, 0xfe, 0x03, 0xff, 0x7f, 0x00, 0x00,
  0x26, 0x00, 0x10, 0xd6, 0x21, 0x21, 0x05, 0x02, 0xb1, 0x00, 0x44, 0xd6, 0x03, 0x09, 0xfe, 0x03,
  0x00, 0x01, 0x04, 0x05, 0x03, 0x00, 0x10, 0xd6, 0x16, 0x21, 0x05, 0x02, 0x04, 0x00, 0x10, 0xd6,
  0x13, 0x21, 0x05, 0x02, 0x90, 0x0c, 0x0c, 0x32, 0x90, 0x10, 0x10, 0x32, 0x26, 0x00, 0x55, 0xd6,
  0x21, 0x4d, 0xfe, 0x03, 0xff, 0x7f, 0x00, 0x00, 0x03, 0x00, 0x55, 0xd6, 0x16, 0x07, 0xfe, 0x03,
  0xff, 0x7f, 0x00, 0x00, 0x04, 0x00, 0x55, 0xd6, 0x13, 0x09, 0xfe, 0x03, 0xff, 0x7f, 0x00, 0x00,
  0x90, 0x48, 0x48, 0x32, 0x22, 0x00, 0x55, 0xd6, 0x01, 0x45, 0xfe, 0x03, 0xff, 0x7f, 0x00, 0x00,
  0x90, 0x4c, 0x4c, 0x32, 0x90, 0x06, 0x06, 0x32, 0x90, 0x08, 0x08, 0x32, 0x90, 0x46, 0x46, 0x32,
  0x53, 0x01, 0x87, 0xbf, 0xff, 0x06, 0x06, 0x02, 0xff, 0x7f, 0x00, 0x00, 0x13, 0x27, 0x2e, 0x7c,
  0x90, 0x44, 0x26, 0x32, 0xff, 0x08, 0x08, 0x02, 0xff, 0x7f, 0x00, 0x00, 0x18, 0x31, 0x2e, 0x7c,
  0xc0, 0x00, 0x44, 0xd6, 0x04, 0x07, 0xfe, 0x03, 0x00, 0x01, 0x04, 0x05, 0xff, 0x0c, 0x0c, 0x02,
  0xff, 0x7f, 0x00, 0x00, 0x19, 0x33, 0x2e, 0x7c, 0xff, 0x10, 0x10, 0x02, 0xff, 0x7f, 0x00, 0x00,
  0x1a, 0x35, 0x2e, 0x7c, 0x52, 0x01, 0x87, 0xbf, 0xbf, 0x00, 0x44, 0xd6, 0x08, 0x0d, 0xfe, 0x03,
  0x00, 0x01, 0x04, 0x05, 0xff, 0x12, 0x12, 0x02, 0xff, 0x7f, 0x00, 0x00, 0x1b, 0x37, 0x2e, 0x7c,
  0xff, 0x14, 0x14, 0x02, 0xff, 0x7f, 0x00, 0x00, 0x1c, 0x39, 0x2e, 0x7c, 0xbe, 0x00, 0x44, 0xd6,
  0x0a, 0x13, 0xfe, 0x03, 0x00, 0x01, 0x04, 0x05, 0xff, 0x16, 0x16, 0x02, 0xff, 0x7f, 0x00, 0x00,
  0x1d, 0x3b, 0x2e, 0x7c, 0xff, 0x18, 0x18, 0x02, 0xff, 0x7f, 0x00, 0x00, 0x1e, 0x3d, 0x2e, 0x7c,
  0x52, 0x01, 0x87, 0xbf, 0xbd, 0x00, 0x44, 0xd6, 0x0c, 0x17, 0xfe, 0x03, 0x00, 0x01, 0x04, 0x05,
  0xff, 0x28, 0x06, 0x02, 0xff, 0x7f, 0x00, 0x00, 0x1f, 0x3f, 0x2e, 0x7c, 0xff, 0x2a, 0x08, 0x02,
  0xff, 0x7f, 0x00, 0x00, 0x20, 0x41, 0x2e, 0x7c, 0xbc, 0x00, 0x44, 0xd6, 0x04, 0x07, 0xfe, 0x03,
  0x00, 0x01, 0x04, 0x05, 0xff, 0x2e, 0x0c, 0x02, 0xff, 0x7f, 0x00, 0x00, 0x21, 0x43, 0x2e, 0x7c,
  0xff, 0x4c, 0x10, 0x02, 0xff, 0x7f, 0x00, 0x00, 0x07, 0x0f, 0x2e, 0x7c, 0x52, 0x01, 0x87, 0xbf,
  0xbb, 0x00, 0x44, 0xd6, 0x08, 0x0d, 0xfe, 0x03, 0x00, 0x01, 0x04, 0x05, 0xff, 0x4a, 0x0e, 0x02,
  0xff, 0x7f, 0x00, 0x00, 0x05, 0x0b, 0x2e, 0x7c, 0xff, 0x48, 0x0a, 0x02, 0xff, 0x7f, 0x00, 0x00,
  0x02, 0x05, 0x2e, 0x7c, 0xba, 0x00, 0x44, 0xd6, 0x05, 0x0f, 0xfe, 0x03, 0x00, 0x01, 0x04, 0x05,
  0xff, 0x46, 0x04, 0x02, 0xff, 0x7f, 0x00, 0x00, 0x01, 0x03, 0x2e, 0x7c, 0xff, 0x26, 0x02, 0x02,
  0xff, 0x7f, 0x00, 0x00, 0xc1, 0x04, 0x87, 0xbf, 0xb9, 0x00, 0x44, 0xd6, 0x01, 0x05, 0xfe, 0x03,
  0x00, 0x01, 0x04, 0x05, 0x7e, 0x00, 0x88, 0xbe, 0xc0, 0x00, 0x16, 0x38, 0x08, 0x18, 0x09, 0x8b,
  0x09, 0x00, 0xfe, 0xbe, 0x0c, 0x00, 0xa6, 0xbf, 0x7e, 0x08, 0x7e, 0x8c, 0x19, 0x20, 0x88, 0xbe,
  0x0e, 0x01, 0xa6, 0xbf, 0x7e, 0x08, 0x7e, 0x8c, 0x1a, 0x20, 0x88, 0xbe, 0xfd, 0x01, 0xa6, 0xbf,
  0x7e, 0x08, 0x7e, 0x8c, 0x1b, 0x20, 0x88, 0xbe, 0xec, 0x02, 0xa6, 0xbf, 0x00, 0x00, 0x80, 0xbf,
  0x03, 0x00, 0xb6, 0xbf, 0x00, 0x00, 0xb0, 0xbf, 0x01, 0x00, 0x85, 0xbf, 0x50, 0x02, 0x5d, 0xdc,
  0x00, 0x00, 0x7c, 0x23, 0x60, 0x02, 0x5d, 0xdc, 0x00, 0x00, 0x7c, 0x27, 0x07, 0x00, 0x10, 0xca,
  0x06, 0x00, 0x06, 0x08, 0x05, 0x00, 0x10, 0xca, 0x04, 0x00, 0x04, 0x06, 0x03, 0x00, 0x10, 0xca,
  0x02, 0x00, 0x02, 0x04, 0x01, 0x00, 0x10, 0xca, 0x00, 0x00, 0x00, 0x02, 0xf7, 0x03, 0x89, 0xbf,
  0x01, 0x00, 0x87, 0xbf, 0x13, 0x40, 0x41, 0xcc, 0xa1, 0x47, 0x06, 0x1c, 0x1b, 0x40, 0x41, 0xcc,
  0x81, 0x47, 0x06, 0x1c, 0x01, 0x00, 0x85, 0xbf, 0x70, 0x02, 0x5d, 0xdc, 0x00, 0x00, 0x7c, 0x03,
  0x80, 0x02, 0x5d, 0xdc, 0x00, 0x00, 0x7c, 0x07, 0x01, 0x6a, 0x00, 0xd7, 0x0b, 0xed, 0x02, 0x00,
  0x91, 0x00, 0x87, 0xbf, 0x02, 0x7c, 0x20, 0xd5, 0x80, 0xee, 0xaa, 0x01, 0x01, 0x00, 0x3c, 0xd7,
  0x81, 0x02, 0x02, 0x00, 0x91, 0x00, 0x87, 0xbf, 0x01, 0x6a, 0x00, 0xd7, 0x1c, 0x02, 0x02, 0x00,
  0x02, 0x7c, 0x20, 0xd5, 0x1d, 0x04, 0xaa, 0x01, 0xf7, 0x03, 0x89, 0xbf, 0x13, 0x40, 0x41, 0xcc,
  0xa9, 0x07, 0x4e, 0x1c, 0x1b, 0x40, 0x41, 0xcc, 0x89, 0x07, 0x6e, 0x1c, 0x01, 0x00, 0x85, 0xbf,
  0x90, 0x02, 0x5d, 0xdc, 0x00, 0x00, 0x7c, 0x03, 0xa0, 0x02, 0x5d, 0xdc, 0x00, 0x00, 0x7c, 0x07,
  0xf7, 0x03, 0x89, 0xbf, 0x13, 0x40, 0x41, 0xcc, 0xb1, 0x07, 0x4e, 0x1c, 0x1b, 0x40, 0x41, 0xcc,
  0x91, 0x07, 0x6e, 0x1c, 0x01, 0x00, 0x85, 0xbf, 0xb0, 0x02, 0x5d, 0xdc, 0x00, 0x00, 0x7c, 0x03,
  0xc0, 0x02, 0x5d, 0xdc, 0x00, 0x00, 0x7c, 0x07, 0xf7, 0x03, 0x89, 0xbf, 0x13, 0x40, 0x41, 0xcc,
  0xb9, 0x07, 0x4e, 0x1c, 0x1b, 0x40, 0x41, 0xcc, 0x99, 0x07, 0x6e, 0x1c, 0x92, 0x01, 0x87, 0xbf,
  0x03, 0x00, 0x10, 0xd6, 0x1a, 0x21, 0x05, 0x02, 0x04, 0x00, 0x10, 0xd6, 0x19, 0x21, 0x05, 0x02,
  0x04, 0x00, 0x87, 0xbf, 0x05, 0x00, 0x10, 0xd6, 0x18, 0x21, 0x05, 0x02, 0x1a, 0x35, 0x2e, 0x7c,
  0x06, 0x00, 0x10, 0xd6, 0x17, 0x21, 0x05, 0x02, 0x03, 0x00, 0x55, 0xd6, 0x1a, 0x07, 0xfe, 0x03,
  0xff, 0x7f, 0x00, 0x00, 0x04, 0x00, 0x55, 0xd6, 0x19, 0x09, 0xfe, 0x03, 0xff, 0x7f, 0x00, 0x00,
  0x05, 0x00, 0x55, 0xd6, 0x18, 0x0b, 0xfe, 0x03, 0xff, 0x7f, 0x00, 0x00, 0x07, 0x00, 0x10, 0xd6,
  0x16, 0x21, 0x05, 0x02, 0x06, 0x00, 0x55, 0xd6, 0x17, 0x0d, 0xfe, 0x03, 0xff, 0x7f, 0x00, 0x00,
  0x90, 0x06, 0x06, 0x32, 0x90, 0x08, 0x08, 0x32, 0x90, 0x0a, 0x0a, 0x32, 0x08, 0x00, 0x10, 0xd6,
  0x15, 0x21, 0x05, 0x02, 0x07, 0x00, 0x55, 0xd6, 0x16, 0x0f, 0xfe, 0x03, 0xff, 0x7f, 0x00, 0x00,
  0xff, 0x06, 0x12, 0x02, 0xff, 0x7f, 0x00, 0x00, 0x19, 0x33, 0x2e, 0x7c, 0x90, 0x0c, 0x0c, 0x32,
  0x0b, 0x00, 0x10, 0xd6, 0x22, 0x21, 0x05, 0x02, 0x90, 0x0e, 0x06, 0x32, 0x07, 0x00, 0x10, 0xd6,
  0x14, 0x21, 0x05, 0x02, 0xff, 0x08, 0x14, 0x02, 0xff, 0x7f, 0x00, 0x00, 0x18, 0x31, 0x2e, 0x7c,
  0x04, 0x00, 0x55, 0xd6, 0x15, 0x11, 0xfe, 0x03, 0xff, 0x7f, 0x00, 0x00, 0x1a, 0x00, 0x10, 0xd6,
  0x1c, 0x21, 0x05, 0x02, 0xff, 0x0a, 0x0a, 0x02, 0xff, 0x7f, 0x00, 0x00, 0x17, 0x2f, 0x2e, 0x7c,
  0x17, 0x00, 0x10, 0xd6, 0x1b, 0x21, 0x05, 0x02, 0xff, 0x0c, 0x0c, 0x02, 0xff, 0x7f, 0x00, 0x00,
  0x16, 0x2d, 0x2e, 0x7c, 0x03, 0x00, 0x87, 0xbf, 0x17, 0x00, 0x55, 0xd6, 0x1b, 0x2f, 0xfe, 0x03,
  0xff, 0x7f, 0x00, 0x00, 0xff, 0x06, 0x10, 0x02, 0xff, 0x7f, 0x00, 0x00, 0x90, 0x08, 0x06, 0x32,
  0x04, 0x00, 0x55, 0xd6, 0x14, 0x0f, 0xfe, 0x03, 0xff, 0x7f, 0x00, 0x00, 0x07, 0x00, 0x10, 0xd6,
  0x13, 0x21, 0x05, 0x02, 0x15, 0x2b, 0x2e, 0x7c, 0x14, 0x02, 0x87, 0xbf, 0xff, 0x06, 0x18, 0x02,
  0xff, 0x7f, 0x00, 0x00, 0x90, 0x08, 0x06, 0x32, 0x04, 0x00, 0x87, 0xbf, 0x04, 0x00, 0x55, 0xd6,
  0x13, 0x0f, 0xfe, 0x03, 0xff, 0x7f, 0x00, 0x00, 0x14, 0x29, 0x2e, 0x7c, 0x07, 0x00, 0x55, 0xd6,
  0x22, 0x17, 0xfe, 0x03, 0xff, 0x7f, 0x00, 0x00, 0x0b, 0x00, 0x10, 0xd6, 0x21, 0x21, 0x05, 0x02,
  0xff, 0x06, 0x28, 0x02, 0xff, 0x7f, 0x00, 0x00, 0x90, 0x08, 0x06, 0x32, 0x13, 0x27, 0x2e, 0x7c,
  0x90, 0x0e, 0x08, 0x32, 0x07, 0x00, 0x55, 0xd6, 0x21, 0x17, 0xfe, 0x03, 0xff, 0x7f, 0x00, 0x00,
  0x0b, 0x00, 0x10, 0xd6, 0x20, 0x21, 0x05, 0x02, 0xff, 0x06, 0x26, 0x02, 0xff, 0x7f, 0x00, 0x00,
  0x22, 0x45, 0x2e, 0x7c, 0x04, 0x00, 0x87, 0xbf, 0x90, 0x0e, 0x06, 0x32, 0x07, 0x00, 0x10, 0xd6,
  0x1f, 0x21, 0x05, 0x02, 0xff, 0x08, 0x2a, 0x02, 0xff, 0x7f, 0x00, 0x00, 0x04, 0x00, 0x55, 0xd6,
  0x20, 0x17, 0xfe, 0x03, 0xff, 0x7f, 0x00, 0x00, 0x21, 0x43, 0x2e, 0x7c, 0x0b, 0x00, 0x10, 0xd6,
  0x1e, 0x21, 0x05, 0x02, 0xff, 0x06, 0x2c, 0x02, 0xff, 0x7f, 0x00, 0x00, 0x04, 0x00, 0x87, 0xbf,
  0x90, 0x08, 0x06, 0x32, 0x20, 0x41, 0x2e, 0x7c, 0x04, 0x00, 0x55, 0xd6, 0x1f, 0x0f, 0xfe, 0x03,
  0xff, 0x7f, 0x00, 0x00, 0x07, 0x00, 0x55, 0xd6, 0x1e, 0x17, 0xfe, 0x03, 0xff, 0x7f, 0x00, 0x00,
  0x0b, 0x00, 0x10, 0xd6, 0x1d, 0x21, 0x05, 0x02, 0xff, 0x06, 0x30, 0x02, 0xff, 0x7f, 0x00, 0x00,
  0x03, 0x6a, 0x00, 0xd7, 0x00, 0xed, 0x02, 0x00, 0x90, 0x08, 0x32, 0x32, 0x04, 0x7c, 0x20, 0xd5,
  0x80, 0xee, 0xaa, 0x01, 0x90, 0x0e, 0x0e, 0x32, 0x1e, 0x3d, 0x2e, 0x7c, 0x0b, 0x00, 0x55, 0xd6,
  0x1d, 0x17, 0xfe, 0x03, 0xff, 0x7f, 0x00, 0x00, 0x14, 0x02, 0x87, 0xbf, 0x03, 0x00, 0x3c, 0xd7,
  0x81, 0x06, 0x02, 0x00, 0xff, 0x0e, 0x00, 0x02, 0xff, 0x7f, 0x00, 0x00, 0x90, 0x2e, 0x0e, 0x32,
  0x1b, 0x37, 0x2e, 0x7c, 0x17, 0x00, 0x55, 0xd6, 0x1c, 0x35, 0xfe, 0x03, 0xff, 0x7f, 0x00, 0x00,
  0x90, 0x16, 0x16, 0x32, 0x24, 0x02, 0x87, 0xbf, 0xff, 0x0e, 0x0e, 0x02, 0xff, 0x7f, 0x00, 0x00,
  0x03, 0x6a, 0x00, 0xd7, 0x1c, 0x06, 0x02, 0x00, 0x90, 0x2e, 0x2e, 0x32, 0x04, 0x7c, 0x20, 0xd5,
  0x1d, 0x08, 0xaa, 0x01, 0x1c, 0x39, 0x2e, 0x7c, 0x03, 0x00, 0x87, 0xbf, 0xff, 0x2e, 0x2e, 0x02,
  0xff, 0x7f, 0x00, 0x00, 0x1d, 0x3b, 0x2e, 0x7c, 0xff, 0x16, 0x16, 0x02, 0xff, 0x7f, 0x00, 0x00,
  0x1f, 0x3f, 0x2e, 0x7c, 0xff, 0x32, 0x32, 0x02, 0xff, 0x7f, 0x00, 0x00, 0x0f, 0x00, 0x85, 0xbf,
  0x80, 0x00, 0x66, 0xdc, 0x03, 0x07, 0x7c, 0x00, 0x04, 0x00, 0x66, 0xdc, 0x01, 0x17, 0x7c, 0x00,
  0x08, 0x00, 0x66, 0xdc, 0x01, 0x0b, 0x7c, 0x00, 0x0c, 0x00, 0x66, 0xdc, 0x01, 0x00, 0x7c, 0x00,
  0x10, 0x00, 0x66, 0xdc, 0x01, 0x19, 0x7c, 0x00, 0x14, 0x00, 0x66, 0xdc, 0x01, 0x18, 0x7c, 0x00,
  0x18, 0x00, 0x66, 0xdc, 0x01, 0x16, 0x7c, 0x00, 0x1c, 0x00, 0x66, 0xdc, 0x01, 0x15, 0x7c, 0x00,
  0x40, 0x00, 0x66, 0xdc, 0x01, 0x13, 0x7c, 0x00, 0x44, 0x00, 0x66, 0xdc, 0x01, 0x14, 0x7c, 0x00,
  0x48, 0x00, 0x66, 0xdc, 0x01, 0x0c, 0x7c, 0x00, 0x4c, 0x00, 0x66, 0xdc, 0x01, 0x08, 0x7c, 0x00,
  0x50, 0x00, 0x66, 0xdc, 0x01, 0x06, 0x7c, 0x00, 0x54, 0x00, 0x66, 0xdc, 0x01, 0x05, 0x7c, 0x00,
  0x58, 0x00, 0x66, 0xdc, 0x01, 0x0a, 0x7c, 0x00, 0x5c, 0x00, 0x66, 0xdc, 0x01, 0x09, 0x7c, 0x00,
  0x7e, 0x08, 0x7e, 0x8c, 0x19, 0x20, 0x88, 0xbe, 0xf2, 0xfe, 0xa5, 0xbf, 0x01, 0x00, 0x85, 0xbf,
  0xd0, 0x01, 0x5d, 0xdc, 0x00, 0x00, 0x7c, 0x23, 0xe0, 0x01, 0x5d, 0xdc, 0x00, 0x00, 0x7c, 0x27,
  0x00, 0x00, 0x10, 0xca, 0x01, 0x00, 0x00, 0x00, 0x02, 0x00, 0x10, 0xca, 0x03, 0x00, 0x02, 0x02,
  0x04, 0x00, 0x10, 0xca, 0x05, 0x00, 0x04, 0x04, 0x06, 0x00, 0x10, 0xca, 0x07, 0x00, 0x06, 0x06,
  0xf7, 0x03, 0x89, 0xbf, 0x01, 0x00, 0x87, 0xbf, 0x13, 0x40, 0x41, 0xcc, 0x81, 0x47, 0x02, 0x1c,
  0x1b, 0x40, 0x41, 0xcc, 0xa1, 0x47, 0x02, 0x1c, 0x01, 0x00, 0x85, 0xbf, 0xf0, 0x01, 0x5d, 0xdc,
  0x00, 0x00, 0x7c, 0x00, 0x00, 0x02, 0x5d, 0xdc, 0x00, 0x00, 0x7c, 0x04, 0xf7, 0x03, 0x89, 0xbf,
  0x13, 0x40, 0x41, 0xcc, 0x89, 0x01, 0x4e, 0x1c, 0x1b, 0x40, 0x41, 0xcc, 0xa9, 0x01, 0x6e, 0x1c,
  0x01, 0x00, 0x85, 0xbf, 0x10, 0x02, 0x5d, 0xdc, 0x00, 0x00, 0x7c, 0x00, 0x20, 0x02, 0x5d, 0xdc,
  0x00, 0x00, 0x7c, 0x04, 0xf7, 0x03, 0x89, 0xbf, 0x13, 0x40, 0x41, 0xcc, 0x91, 0x01, 0x4e, 0x1c,
  0x1b, 0x40, 0x41, 0xcc, 0xb1, 0x01, 0x6e, 0x1c, 0x01, 0x00, 0x85, 0xbf, 0x30, 0x02, 0x5d, 0xdc,
  0x00, 0x00, 0x7c, 0x00, 0x40, 0x02, 0x5d, 0xdc, 0x00, 0x00, 0x7c, 0x04, 0xf7, 0x03, 0x89, 0xbf,
  0x13, 0x40, 0x41, 0xcc, 0x99, 0x01, 0x4e, 0x1c, 0x1b, 0x40, 0x41, 0xcc, 0xb9, 0x01, 0x6e, 0x1c,
  0x92, 0x01, 0x87, 0xbf, 0x00, 0x00, 0x10, 0xd6, 0x13, 0x21, 0x05, 0x02, 0x01, 0x00, 0x10, 0xd6,
  0x14, 0x21, 0x05, 0x02, 0x04, 0x00, 0x87, 0xbf, 0x02, 0x00, 0x10, 0xd6, 0x15, 0x21, 0x05, 0x02,
  0x13, 0x27, 0x2e, 0x7c, 0x03, 0x00, 0x10, 0xd6, 0x16, 0x21, 0x05, 0x02, 0x00, 0x00, 0x55, 0xd6,
  0x13, 0x01, 0xfe, 0x03, 0xff, 0x7f, 0x00, 0x00, 0x01, 0x00, 0x55, 0xd6, 0x14, 0x03, 0xfe, 0x03,
  0xff, 0x7f, 0x00, 0x00, 0x02, 0x00, 0x55, 0xd6, 0x15, 0x05, 0xfe, 0x03, 0xff, 0x7f, 0x00, 0x00,
  0x04, 0x00, 0x10, 0xd6, 0x17, 0x21, 0x05, 0x02, 0x03, 0x00, 0x55, 0xd6, 0x16, 0x07, 0xfe, 0x03,
  0xff, 0x7f, 0x00, 0x00, 0x90, 0x00, 0x00, 0x32, 0x90, 0x02, 0x02, 0x32, 0x90, 0x04, 0x04, 0x32,
  0x05, 0x00, 0x10, 0xd6, 0x18, 0x21, 0x05, 0x02, 0x04, 0x00, 0x55, 0xd6, 0x17, 0x09, 0xfe, 0x03,
  0xff, 0x7f, 0x00, 0x00, 0xff, 0x00, 0x10, 0x02, 0xff, 0x7f, 0x00, 0x00, 0x14, 0x29, 0x2e, 0x7c,
  0x90, 0x06, 0x06, 0x32, 0x06, 0x00, 0x10, 0xd6, 0x19, 0x21, 0x05, 0x02, 0x05, 0x00, 0x55, 0xd6,
  0x18, 0x0b, 0xfe, 0x03, 0xff, 0x7f, 0x00, 0x00, 0x90, 0x08, 0x08, 0x32, 0xff, 0x02, 0x12, 0x02,
  0xff, 0x7f, 0x00, 0x00, 0x15, 0x2b, 0x2e, 0x7c, 0x07, 0x00, 0x10, 0xd6, 0x1a, 0x21, 0x05, 0x02,
  0x06, 0x00, 0x55, 0xd6, 0x19, 0x0d, 0xfe, 0x03, 0xff, 0x7f, 0x00, 0x00, 0x90, 0x0a, 0x0a, 0x32,
  0x15, 0x00, 0x10, 0xd6, 0x22, 0x21, 0x05, 0x02, 0xff, 0x04, 0x04, 0x02, 0xff, 0x7f, 0x00, 0x00,
  0x16, 0x2d, 0x2e, 0x7c, 0x90, 0x0c, 0x00, 0x32, 0x01, 0x00, 0x55, 0xd6, 0x1a, 0x0f, 0xfe, 0x03,
  0xff, 0x7f, 0x00, 0x00, 0x06, 0x00, 0x10, 0xd6, 0x1b, 0x21, 0x05, 0x02, 0x07, 0x00, 0x10, 0xd6,
  0x1c, 0x21, 0x05, 0x02, 0xff, 0x06, 0x06, 0x02, 0xff, 0x7f, 0x00, 0x00, 0x17, 0x2f, 0x2e, 0x7c,
  0xff, 0x08, 0x08, 0x02, 0xff, 0x7f, 0x00, 0x00, 0x18, 0x31, 0x2e, 0x7c, 0xff, 0x0a, 0x0a, 0x02,
  0xff, 0x7f, 0x00, 0x00, 0x19, 0x33, 0x2e, 0x7c, 0xff, 0x00, 0x14, 0x02, 0xff, 0x7f, 0x00, 0x00,
  0x90, 0x02, 0x00, 0x32, 0x01, 0x00, 0x55, 0xd6, 0x1b, 0x0d, 0xfe, 0x03, 0xff, 0x7f, 0x00, 0x00,
  0x1a, 0x35, 0x2e, 0x7c, 0x06, 0x00, 0x55, 0xd6, 0x1c, 0x0f, 0xfe, 0x03, 0xff, 0x7f, 0x00, 0x00,
  0x07, 0x00, 0x10, 0xd6, 0x1d, 0x21, 0x05, 0x02, 0xff, 0x00, 0x16, 0x02, 0xff, 0x7f, 0x00, 0x00,
  0x90, 0x02, 0x00, 0x32, 0x1b, 0x37, 0x2e, 0x7c, 0x90, 0x0c, 0x02, 0x32, 0x06, 0x00, 0x55, 0xd6,
  0x1d, 0x0f, 0xfe, 0x03, 0xff, 0x7f, 0x00, 0x00, 0x07, 0x00, 0x10, 0xd6, 0x1e, 0x21, 0x05, 0x02,
  0xff, 0x00, 0x18, 0x02, 0xff, 0x7f, 0x00, 0x00, 0x1c, 0x39, 0x2e, 0x7c, 0x04, 0x00, 0x87, 0xbf,
  0x90, 0x0c, 0x00, 0x32, 0x06, 0x00, 0x10, 0xd6, 0x1f, 0x21, 0x05, 0x02, 0xff, 0x02, 0x26, 0x02,
  0xff, 0x7f, 0x00, 0x00, 0x01, 0x00, 0x55, 0xd6, 0x1e, 0x0f, 0xfe, 0x03, 0xff, 0x7f, 0x00, 0x00,
  0x1d, 0x3b, 0x2e, 0x7c, 0x07, 0x00, 0x10, 0xd6, 0x20, 0x21, 0x05, 0x02, 0xff, 0x00, 0x28, 0x02,
  0xff, 0x7f, 0x00, 0x00, 0x04, 0x00, 0x87, 0xbf, 0x90, 0x02, 0x00, 0x32, 0x01, 0x00, 0x55, 0xd6,
  0x1f, 0x0d, 0xfe, 0x03, 0xff, 0x7f, 0x00, 0x00, 0x1e, 0x3d, 0x2e, 0x7c, 0x06, 0x00, 0x55, 0xd6,
  0x20, 0x0f, 0xfe, 0x03, 0xff, 0x7f, 0x00, 0x00, 0x07, 0x00, 0x10, 0xd6, 0x21, 0x21, 0x05, 0x02,
  0xff, 0x00, 0x2c, 0x02, 0xff, 0x7f, 0x00, 0x00, 0x90, 0x02, 0x00, 0x32, 0x1f, 0x3f, 0x2e, 0x7c,
  0x90, 0x0c, 0x02, 0x32, 0x06, 0x00, 0x55, 0xd6, 0x21, 0x0f, 0xfe, 0x03, 0xff, 0x7f, 0x00, 0x00,
  0x07, 0x00, 0x55, 0xd6, 0x22, 0x2b, 0xfe, 0x03, 0xff, 0x7f, 0x00, 0x00, 0xff, 0x00, 0x2a, 0x02,
  0xff, 0x7f, 0x00, 0x00, 0x20, 0x41, 0x2e, 0x7c, 0x14, 0x02, 0x87, 0xbf, 0x90, 0x0c, 0x0c, 0x32,
  0x90, 0x0e, 0x0e, 0x32, 0xff, 0x02, 0x2e, 0x02, 0xff, 0x7f, 0x00, 0x00, 0x68, 0x03, 0x55, 0xdc,
  0x00, 0x00, 0x7c, 0x00, 0xf7, 0x03, 0x89, 0xbf, 0x00, 0x6a, 0x00, 0xd7, 0x1c, 0x00, 0x02, 0x00,
  0x01, 0x00, 0x87, 0xbf, 0x01, 0x7c, 0x20, 0xd5, 0x1d, 0x02, 0xaa, 0x01, 0x21, 0x43, 0x2e, 0x7c,
  0xff, 0x0c, 0x0c, 0x02, 0xff, 0x7f, 0x00, 0x00, 0x22, 0x45, 0x2e, 0x7c, 0xff, 0x0e, 0x0e, 0x02,
  0xff, 0x7f, 0x00, 0x00, 0x0f, 0x00, 0x85, 0xbf, 0x80, 0x00, 0x66, 0xdc, 0x0d, 0x08, 0x7c, 0x00,
  0x04, 0x00, 0x66, 0xdc, 0x00, 0x09, 0x7c, 0x00, 0x08, 0x00, 0x66, 0xdc, 0x00, 0x02, 0x7c, 0x00,
  0x0c, 0x00, 0x66, 0xdc, 0x00, 0x03, 0x7c, 0x00, 0x10, 0x00, 0x66, 0xdc, 0x00, 0x04, 0x7c, 0x00,
  0x14, 0x00, 0x66, 0xdc, 0x00, 0x05, 0x7c, 0x00, 0x18, 0x00, 0x66, 0xdc, 0x00, 0x0a, 0x7c, 0x00,
  0x1c, 0x00, 0x66, 0xdc, 0x00, 0x0b, 0x7c, 0x00, 0x40, 0x00, 0x66, 0xdc, 0x00, 0x0c, 0x7c, 0x00,
  0x44, 0x00, 0x66, 0xdc, 0x00, 0x13, 0x7c, 0x00, 0x48, 0x00, 0x66, 0xdc, 0x00, 0x14, 0x7c, 0x00,
  0x4c, 0x00, 0x66, 0xdc, 0x00, 0x16, 0x7c, 0x00, 0x50, 0x00, 0x66, 0xdc, 0x00, 0x15, 0x7c, 0x00,
  0x54, 0x00, 0x66, 0xdc, 0x00, 0x17, 0x7c, 0x00, 0x58, 0x00, 0x66, 0xdc, 0x00, 0x06, 0x7c, 0x00,
  0x5c, 0x00, 0x66, 0xdc, 0x00, 0x07, 0x7c, 0x00, 0x7e, 0x08, 0x7e, 0x8c, 0x1a, 0x20, 0x88, 0xbe,
  0x03, 0xfe, 0xa5, 0xbf, 0x01, 0x00, 0x85, 0xbf, 0x50, 0x01, 0x5d, 0xdc, 0x00, 0x00, 0x7c, 0x23,
  0x60, 0x01, 0x5d, 0xdc, 0x00, 0x00, 0x7c, 0x27, 0x00, 0x00, 0x10, 0xca, 0x01, 0x00, 0x00, 0x00,
  0x02, 0x00, 0x10, 0xca, 0x03, 0x00, 0x02, 0x02, 0x04, 0x00, 0x10, 0xca, 0x05, 0x00, 0x04, 0x04,
  0x06, 0x00, 0x10, 0xca, 0x07, 0x00, 0x06, 0x06, 0xf7, 0x03, 0x89, 0xbf, 0x01, 0x00, 0x87, 0xbf,
  0x13, 0x40, 0x41, 0xcc, 0x81, 0x47, 0x02, 0x1c, 0x1b, 0x40, 0x41, 0xcc, 0xa1, 0x47, 0x02, 0x1c,
  0x01, 0x00, 0x85, 0xbf, 0x70, 0x01, 0x5d, 0xdc, 0x00, 0x00, 0x7c, 0x00, 0x80, 0x01, 0x5d, 0xdc,
  0x00, 0x00, 0x7c, 0x04, 0xf7, 0x03, 0x89, 0xbf, 0x13, 0x40, 0x41, 0xcc, 0x89, 0x01, 0x4e, 0x1c,
  0x1b, 0x40, 0x41, 0xcc, 0xa9, 0x01, 0x6e, 0x1c, 0x01, 0x00, 0x85, 0xbf, 0x90, 0x01, 0x5d, 0xdc,
  0x00, 0x00, 0x7c, 0x00, 0xa0, 0x01, 0x5d, 0xdc, 0x00, 0x00, 0x7c, 0x04, 0xf7, 0x03, 0x89, 0xbf,
  0x13, 0x40, 0x41, 0xcc, 0x91, 0x01, 0x4e, 0x1c, 0x1b, 0x40, 0x41, 0xcc, 0xb1, 0x01, 0x6e, 0x1c,
  0x01, 0x00, 0x85, 0xbf, 0xb0, 0x01, 0x5d, 0xdc, 0x00, 0x00, 0x7c, 0x00, 0xc0, 0x01, 0x5d, 0xdc,
  0x00, 0x00, 0x7c, 0x04, 0xf7, 0x03, 0x89, 0xbf, 0x13, 0x40, 0x41, 0xcc, 0x99, 0x01, 0x4e, 0x1c,
  0x1b, 0x40, 0x41, 0xcc, 0xb9, 0x01, 0x6e, 0x1c, 0x92, 0x01, 0x87, 0xbf, 0x00, 0x00, 0x10, 0xd6,
  0x13, 0x21, 0x05, 0x02, 0x01, 0x00, 0x10, 0xd6, 0x14, 0x21, 0x05, 0x02, 0x04, 0x00, 0x87, 0xbf,
  0x02, 0x00, 0x10, 0xd6, 0x15, 0x21, 0x05, 0x02, 0x13, 0x27, 0x2e, 0x7c, 0x03, 0x00, 0x10, 0xd6,
  0x16, 0x21, 0x05, 0x02, 0x00, 0x00, 0x55, 0xd6, 0x13, 0x01, 0xfe, 0x03, 0xff, 0x7f, 0x00, 0x00,
  0x01, 0x00, 0x55, 0xd6, 0x14, 0x03, 0xfe, 0x03, 0xff, 0x7f, 0x00, 0x00, 0x02, 0x00, 0x55, 0xd6,
  0x15, 0x05, 0xfe, 0x03, 0xff, 0x7f, 0x00, 0x00, 0x04, 0x00, 0x10, 0xd6, 0x17, 0x21, 0x05, 0x02,
  0x03, 0x00, 0x55, 0xd6, 0x16, 0x07, 0xfe, 0x03, 0xff, 0x7f, 0x00, 0x00, 0x90, 0x00, 0x00, 0x32,
  0x90, 0x02, 0x02, 0x32, 0x90, 0x04, 0x04, 0x32, 0x05, 0x00, 0x10, 0xd6, 0x18, 0x21, 0x05, 0x02,
  0x04, 0x00, 0x55, 0xd6, 0x17, 0x09, 0xfe, 0x03, 0xff, 0x7f, 0x00, 0x00, 0xff, 0x00, 0x10, 0x02,
  0xff, 0x7f, 0x00, 0x00, 0x14, 0x29, 0x2e, 0x7c, 0x90, 0x06, 0x06, 0x32, 0x06, 0x00, 0x10, 0xd6,
  0x19, 0x21, 0x05, 0x02, 0x05, 0x00, 0x55, 0xd6, 0x18, 0x0b, 0xfe, 0x03, 0xff, 0x7f, 0x00, 0x00,
  0x90, 0x08, 0x08, 0x32, 0xff, 0x02, 0x12, 0x02, 0xff, 0x7f, 0x00, 0x00, 0x15, 0x2b, 0x2e, 0x7c,
  0x07, 0x00, 0x10, 0xd6, 0x1a, 0x21, 0x05, 0x02, 0x06, 0x00, 0x55, 0xd6, 0x19, 0x0d, 0xfe, 0x03,
  0xff, 0x7f, 0x00, 0x00, 0x90, 0x0a, 0x0a, 0x32, 0x13, 0x00, 0x10, 0xd6, 0x22, 0x21, 0x05, 0x02,
  0xff, 0x04, 0x04, 0x02, 0xff, 0x7f, 0x00, 0x00, 0x16, 0x2d, 0x2e, 0x7c, 0x90, 0x0c, 0x00, 0x32,
  0x01, 0x00, 0x55, 0xd6, 0x1a, 0x0f, 0xfe, 0x03, 0xff, 0x7f, 0x00, 0x00, 0x06, 0x00, 0x10, 0xd6,
  0x1b, 0x21, 0x05, 0x02, 0x07, 0x00, 0x10, 0xd6, 0x1c, 0x21, 0x05, 0x02, 0xff, 0x06, 0x06, 0x02,
  0xff, 0x7f, 0x00, 0x00, 0x17, 0x2f, 0x2e, 0x7c, 0xff, 0x08, 0x08, 0x02, 0xff, 0x7f, 0x00, 0x00,
  0x18, 0x31, 0x2e, 0x7c, 0xff, 0x0a, 0x0a, 0x02, 0xff, 0x7f, 0x00, 0x00, 0x19, 0x33, 0x2e, 0x7c,
  0xff, 0x00, 0x14, 0x02, 0xff, 0x7f, 0x00, 0x00, 0x90, 0x02, 0x00, 0x32, 0x01, 0x00, 0x55, 0xd6,
  0x1b, 0x0d, 0xfe, 0x03, 0xff, 0x7f, 0x00, 0x00, 0x1a, 0x35, 0x2e, 0x7c, 0x06, 0x00, 0x55, 0xd6,
  0x1c, 0x0f, 0xfe, 0x03, 0xff, 0x7f, 0x00, 0x00, 0x07, 0x00, 0x10, 0xd6, 0x1d, 0x21, 0x05, 0x02,
  0xff, 0x00, 0x16, 0x02, 0xff, 0x7f, 0x00, 0x00, 0x90, 0x02, 0x00, 0x32, 0x1b, 0x37, 0x2e, 0x7c,
  0x90, 0x0c, 0x02, 0x32, 0x06, 0x00, 0x55, 0xd6, 0x1d, 0x0f, 0xfe, 0x03, 0xff, 0x7f, 0x00, 0x00,
  0x07, 0x00, 0x10, 0xd6, 0x1e, 0x21, 0x05, 0x02, 0xff, 0x00, 0x18, 0x02, 0xff, 0x7f, 0x00, 0x00,
  0x1c, 0x39, 0x2e, 0x7c, 0x04, 0x00, 0x87, 0xbf, 0x90, 0x0c, 0x00, 0x32, 0x06, 0x00, 0x10, 0xd6,
  0x1f, 0x21, 0x05, 0x02, 0xff, 0x02, 0x1a, 0x02, 0xff, 0x7f, 0x00, 0x00, 0x01, 0x00, 0x55, 0xd6,
  0x1e, 0x0f, 0xfe, 0x03, 0xff, 0x7f, 0x00, 0x00, 0x1d, 0x3b, 0x2e, 0x7c, 0x07, 0x00, 0x10, 0xd6,
  0x20, 0x21, 0x05, 0x02, 0xff, 0x00, 0x1c, 0x02, 0xff, 0x7f, 0x00, 0x00, 0x04, 0x00, 0x87, 0xbf,
  0x90, 0x02, 0x00, 0x32, 0x01, 0x00, 0x55, 0xd6, 0x1f, 0x0d, 0xfe, 0x03, 0xff, 0x7f, 0x00, 0x00,
  0x1e, 0x3d, 0x2e, 0x7c, 0x06, 0x00, 0x55, 0xd6, 0x20, 0x0f, 0xfe, 0x03, 0xff, 0x7f, 0x00, 0x00,
  0x07, 0x00, 0x10, 0xd6, 0x21, 0x21, 0x05, 0x02, 0xff, 0x00, 0x28, 0x02, 0xff, 0x7f, 0x00, 0x00,
  0x90, 0x02, 0x00, 0x32, 0x1f, 0x3f, 0x2e, 0x7c, 0x90, 0x0c, 0x02, 0x32, 0x06, 0x00, 0x55, 0xd6,
  0x21, 0x0f, 0xfe, 0x03, 0xff, 0x7f, 0x00, 0x00, 0x07, 0x00, 0x55, 0xd6, 0x22, 0x27, 0xfe, 0x03,
  0xff, 0x7f, 0x00, 0x00, 0xff, 0x00, 0x26, 0x02, 0xff, 0x7f, 0x00, 0x00, 0x20, 0x41, 0x2e, 0x7c,
  0x14, 0x02, 0x87, 0xbf, 0x90, 0x0c, 0x0c, 0x32, 0x90, 0x0e, 0x0e, 0x32, 0xff, 0x02, 0x2a, 0x02,
  0xff, 0x7f, 0x00, 0x00, 0x70, 0x03, 0x55, 0xdc, 0x00, 0x00, 0x7c, 0x00, 0xf7, 0x03, 0x89, 0xbf,
  0x00, 0x6a, 0x00, 0xd7, 0x1c, 0x00, 0x02, 0x00, 0x01, 0x00, 0x87, 0xbf, 0x01, 0x7c, 0x20, 0xd5,
  0x1d, 0x02, 0xaa, 0x01, 0x21, 0x43, 0x2e, 0x7c, 0xff, 0x0c, 0x0c, 0x02, 0xff, 0x7f, 0x00, 0x00,
  0x22, 0x45, 0x2e, 0x7c, 0xff, 0x0e, 0x0e, 0x02, 0xff, 0x7f, 0x00, 0x00, 0x0f, 0x00, 0x85, 0xbf,
  0x80, 0x00, 0x66, 0xdc, 0x0f, 0x08, 0x7c, 0x00, 0x04, 0x00, 0x66, 0xdc, 0x00, 0x09, 0x7c, 0x00,
  0x08, 0x00, 0x66, 0xdc, 0x00, 0x02, 0x7c, 0x00, 0x0c, 0x00, 0x66, 0xdc, 0x00, 0x03, 0x7c, 0x00,
  0x10, 0x00, 0x66, 0xdc, 0x00, 0x04, 0x7c, 0x00, 0x14, 0x00, 0x66, 0xdc, 0x00, 0x05, 0x7c, 0x00,
  0x18, 0x00, 0x66, 0xdc, 0x00, 0x0a, 0x7c, 0x00, 0x1c, 0x00, 0x66, 0xdc, 0x00, 0x0b, 0x7c, 0x00,
  0x40, 0x00, 0x66, 0xdc, 0x00, 0x0c, 0x7c, 0x00, 0x44, 0x00, 0x66, 0xdc, 0x00, 0x0d, 0x7c, 0x00,
  0x48, 0x00, 0x66, 0xdc, 0x00, 0x0e, 0x7c, 0x00, 0x4c, 0x00, 0x66, 0xdc, 0x00, 0x14, 0x7c, 0x00,
  0x50, 0x00, 0x66, 0xdc, 0x00, 0x13, 0x7c, 0x00, 0x54, 0x00, 0x66, 0xdc, 0x00, 0x15, 0x7c, 0x00,
  0x58, 0x00, 0x66, 0xdc, 0x00, 0x06, 0x7c, 0x00, 0x5c, 0x00, 0x66, 0xdc, 0x00, 0x07, 0x7c, 0x00,
  0x7e, 0x08, 0x7e, 0x8c, 0x1b, 0x20, 0x88, 0xbe, 0x14, 0xfd, 0xa5, 0xbf, 0x01, 0x00, 0x85, 0xbf,
  0xd0, 0x02, 0x5d, 0xdc, 0x00, 0x00, 0x7c, 0x13, 0xe0, 0x02, 0x5d, 0xdc, 0x00, 0x00, 0x7c, 0x17,
  0x00, 0x00, 0x10, 0xca, 0x01, 0x00, 0x00, 0x00, 0x02, 0x00, 0x10, 0xca, 0x03, 0x00, 0x02, 0x02,
  0x04, 0x00, 0x10, 0xca, 0x05, 0x00, 0x04, 0x04, 0x06, 0x00, 0x10, 0xca, 0x07, 0x00, 0x06, 0x06,
  0xf7, 0x03, 0x89, 0xbf, 0x01, 0x00, 0x87, 0xbf, 0x08, 0x40, 0x41, 0xcc, 0x81, 0x27, 0x02, 0x1c,
  0x00, 0x40, 0x41, 0xcc, 0xa1, 0x27, 0x02, 0x1c, 0x01, 0x00, 0x85, 0xbf, 0xf0, 0x02, 0x5d, 0xdc,
  0x00, 0x00, 0x7c, 0x13, 0x00, 0x03, 0x5d, 0xdc, 0x00, 0x00, 0x7c, 0x17, 0xf7, 0x03, 0x89, 0xbf,
  0x08, 0x40, 0x41, 0xcc, 0x89, 0x27, 0x22, 0x1c, 0x00, 0x40, 0x41, 0xcc, 0xa9, 0x27, 0x02, 0x1c,
  0x01, 0x00, 0x85, 0xbf, 0x30, 0x01, 0x5d, 0xdc, 0x00, 0x00, 0x7c, 0x13, 0x40, 0x01, 0x5d, 0xdc,
  0x00, 0x00, 0x7c, 0x17, 0x08, 0x40, 0x41, 0xcc, 0x91, 0x8b, 0x23, 0x1c, 0x00, 0x40, 0x41, 0xcc,
  0xb1, 0x8b, 0x03, 0x1c, 0xf7, 0x03, 0x89, 0xbf, 0x12, 0x01, 0x87, 0xbf, 0x08, 0x40, 0x41, 0xcc,
  0x99, 0x27, 0x22, 0x1c, 0x00, 0x40, 0x41, 0xcc, 0xb9, 0x27, 0x02, 0x1c, 0x92, 0x01, 0x87, 0xbf,
  0x10, 0x00, 0x10, 0xd6, 0x08, 0x21, 0x05, 0x02, 0x13, 0x00, 0x10, 0xd6, 0x09, 0x21, 0x05, 0x02,
  0x04, 0x00, 0x87, 0xbf, 0x14, 0x00, 0x10, 0xd6, 0x0a, 0x21, 0x05, 0x02, 0x08, 0x11, 0x2e, 0x7c,
  0x15, 0x00, 0x10, 0xd6, 0x0b, 0x21, 0x05, 0x02, 0x10, 0x00, 0x55, 0xd6, 0x08, 0x21, 0xfe, 0x03,
  0xff, 0x7f, 0x00, 0x00, 0x13, 0x00, 0x55, 0xd6, 0x09, 0x27, 0xfe, 0x03, 0xff, 0x7f, 0x00, 0x00,
  0x14, 0x00, 0x55, 0xd6, 0x0a, 0x29, 0xfe, 0x03, 0xff, 0x7f, 0x00, 0x00, 0x16, 0x00, 0x10, 0xd6,
  0x0c, 0x21, 0x05, 0x02, 0x15, 0x00, 0x55, 0xd6, 0x0b, 0x2b, 0xfe, 0x03, 0xff, 0x7f, 0x00, 0x00,
  0x90, 0x20, 0x20, 0x32, 0x90, 0x26, 0x26, 0x32, 0x90, 0x28, 0x28, 0x32, 0x17, 0x00, 0x10, 0xd6,
  0x0d, 0x21, 0x05, 0x02, 0x16, 0x00, 0x55, 0xd6, 0x0c, 0x2d, 0xfe, 0x03, 0xff, 0x7f, 0x00, 0x00,
  0xff, 0x20, 0x10, 0x02, 0xff, 0x7f, 0x00, 0x00, 0x09, 0x13, 0x2e, 0x7c, 0x90, 0x2a, 0x2a, 0x32,
  0x18, 0x00, 0x10, 0xd6, 0x0e, 0x21, 0x05, 0x02, 0x17, 0x00, 0x55, 0xd6, 0x0d, 0x2f, 0xfe, 0x03,
  0xff, 0x7f, 0x00, 0x00, 0x90, 0x2c, 0x2c, 0x32, 0xff, 0x26, 0x12, 0x02, 0xff, 0x7f, 0x00, 0x00,
  0x0a, 0x15, 0x2e, 0x7c, 0x19, 0x00, 0x10, 0xd6, 0x0f, 0x21, 0x05, 0x02, 0x18, 0x00, 0x55, 0xd6,
  0x0e, 0x31, 0xfe, 0x03, 0xff, 0x7f, 0x00, 0x00, 0x90, 0x2e, 0x2e, 0x32, 0xff, 0x28, 0x14, 0x02,
  0xff, 0x7f, 0x00, 0x00, 0x0b, 0x17, 0x2e, 0x7c, 0x04, 0x00, 0x87, 0xbf, 0x90, 0x30, 0x20, 0x32,
  0x13, 0x00, 0x55, 0xd6, 0x0f, 0x33, 0xfe, 0x03, 0xff, 0x7f, 0x00, 0x00, 0x14, 0x00, 0x10, 0xd6,
  0x00, 0x21, 0x05, 0x02, 0xff, 0x2a, 0x16, 0x02, 0xff, 0x7f, 0x00, 0x00, 0x0c, 0x19, 0x2e, 0x7c,
  0x15, 0x00, 0x10, 0xd6, 0x01, 0x21, 0x05, 0x02, 0xff, 0x2c, 0x18, 0x02, 0xff, 0x7f, 0x00, 0x00,
  0x0d, 0x1b, 0x2e, 0x7c, 0x16, 0x00, 0x10, 0xd6, 0x07, 0x21, 0x05, 0x02, 0xff, 0x2e, 0x1a, 0x02,
  0xff, 0x7f, 0x00, 0x00, 0x0e, 0x1d, 0x2e, 0x7c, 0xff, 0x20, 0x1c, 0x02, 0xff, 0x7f, 0x00, 0x00,
  0x90, 0x26, 0x20, 0x32, 0x13, 0x00, 0x55, 0xd6, 0x00, 0x29, 0xfe, 0x03, 0xff, 0x7f, 0x00, 0x00,
  0x0f, 0x1f, 0x2e, 0x7c, 0x14, 0x00, 0x55, 0xd6, 0x01, 0x2b, 0xfe, 0x03, 0xff, 0x7f, 0x00, 0x00,
  0x15, 0x00, 0x10, 0xd6, 0x02, 0x21, 0x05, 0x02, 0xff, 0x20, 0x1e, 0x02, 0xff, 0x7f, 0x00, 0x00,
  0x90, 0x26, 0x20, 0x32, 0x00, 0x01, 0x2e, 0x7c, 0x90, 0x28, 0x26, 0x32, 0x14, 0x00, 0x55, 0xd6,
  0x02, 0x2b, 0xfe, 0x03, 0xff, 0x7f, 0x00, 0x00, 0x15, 0x00, 0x10, 0xd6, 0x03, 0x21, 0x05, 0x02,
  0xff, 0x20, 0x20, 0x02, 0xff, 0x7f, 0x00, 0x00, 0x01, 0x03, 0x2e, 0x7c, 0x14, 0x02, 0x87, 0xbf,
  0x90, 0x28, 0x00, 0x32, 0x01, 0x00, 0x55, 0xd6, 0x03, 0x2b, 0xfe, 0x03, 0xff, 0x7f, 0x00, 0x00,
  0x14, 0x00, 0x10, 0xd6, 0x04, 0x21, 0x05, 0x02, 0x15, 0x00, 0x10, 0xd6, 0x05, 0x21, 0x05, 0x02,
  0xff, 0x26, 0x26, 0x02, 0xff, 0x7f, 0x00, 0x00, 0x02, 0x05, 0x2e, 0x7c, 0xff, 0x00, 0x04, 0x02,
  0xff, 0x7f, 0x00, 0x00, 0x90, 0x02, 0x00, 0x32, 0x01, 0x00, 0x55, 0xd6, 0x04, 0x29, 0xfe, 0x03,
  0xff, 0x7f, 0x00, 0x00, 0x03, 0x07, 0x2e, 0x7c, 0x14, 0x00, 0x55, 0xd6, 0x05, 0x2b, 0xfe, 0x03,
  0xff, 0x7f, 0x00, 0x00, 0x15, 0x00, 0x10, 0xd6, 0x06, 0x21, 0x05, 0x02, 0xff, 0x00, 0x06, 0x02,
  0xff, 0x7f, 0x00, 0x00, 0x90, 0x02, 0x00, 0x32, 0x04, 0x09, 0x2e, 0x7c, 0x90, 0x28, 0x02, 0x32,
  0x14, 0x00, 0x55, 0xd6, 0x06, 0x2b, 0xfe, 0x03, 0xff, 0x7f, 0x00, 0x00, 0x15, 0x00, 0x55, 0xd6,
  0x07, 0x2d, 0xfe, 0x03, 0xff, 0x7f, 0x00, 0x00, 0xff, 0x00, 0x08, 0x02, 0xff, 0x7f, 0x00, 0x00,
  0x05, 0x0b, 0x2e, 0x7c, 0x14, 0x02, 0x87, 0xbf, 0x90, 0x28, 0x28, 0x32, 0x90, 0x2a, 0x2a, 0x32,
  0xff, 0x02, 0x0a, 0x02, 0xff, 0x7f, 0x00, 0x00, 0x78, 0x03, 0x55, 0xdc, 0x00, 0x00, 0x7c, 0x00,
  0xf7, 0x03, 0x89, 0xbf, 0x00, 0x6a, 0x00, 0xd7, 0x1c, 0x00, 0x02, 0x00, 0x01, 0x00, 0x87, 0xbf,
  0x01, 0x7c, 0x20, 0xd5, 0x1d, 0x02, 0xaa, 0x01, 0x06, 0x0d, 0x2e, 0x7c, 0xff, 0x28, 0x0c, 0x02,
  0xff, 0x7f, 0x00, 0x00, 0x07, 0x0f, 0x2e, 0x7c, 0xff, 0x2a, 0x0e, 0x02, 0xff, 0x7f, 0x00, 0x00,
  0x0f, 0x00, 0x85, 0xbf, 0x80, 0x00, 0x66, 0xdc, 0x11, 0x08, 0x7c, 0x00, 0x04, 0x00, 0x66, 0xdc,
  0x00, 0x09, 0x7c, 0x00, 0x08, 0x00, 0x66, 0xdc, 0x00, 0x0a, 0x7c, 0x00, 0x0c, 0x00, 0x66, 0xdc,
  0x00, 0x0b, 0x7c, 0x00, 0x10, 0x00, 0x66, 0xdc, 0x00, 0x0c, 0x7c, 0x00, 0x14, 0x00, 0x66, 0xdc,
  0x00, 0x0d, 0x7c, 0x00, 0x18, 0x00, 0x66, 0xdc, 0x00, 0x0e, 0x7c, 0x00, 0x1c, 0x00, 0x66, 0xdc,
  0x00, 0x0f, 0x7c, 0x00, 0x40, 0x00, 0x66, 0xdc, 0x00, 0x10, 0x7c, 0x00, 0x44, 0x00, 0x66, 0xdc,
  0x00, 0x13, 0x7c, 0x00, 0x48, 0x00, 0x66, 0xdc, 0x00, 0x02, 0x7c, 0x00, 0x4c, 0x00, 0x66, 0xdc,
  0x00, 0x03, 0x7c, 0x00, 0x50, 0x00, 0x66, 0xdc, 0x00, 0x04, 0x7c, 0x00, 0x54, 0x00, 0x66, 0xdc,
  0x00, 0x05, 0x7c, 0x00, 0x58, 0x00, 0x66, 0xdc, 0x00, 0x06, 0x7c, 0x00, 0x5c, 0x00, 0x66, 0xdc,
  0x00, 0x07, 0x7c, 0x00, 0x00, 0x00, 0x80, 0xbf, 0x03, 0x00, 0xb6, 0xbf, 0x00, 0x00, 0xb0, 0xbf,
  0x00, 0x00, 0x9f, 0xbf, 0x00, 0x00, 0x9f, 0xbf, 0x00, 0x00, 0x9f, 0xbf, 0x00, 0x00, 0x9f, 0xbf,
  0x00, 0x00, 0x9f, 0xbf, 0x00, 0x00, 0x9f, 0xbf, 0x00, 0x00, 0x9f, 0xbf, 0x00, 0x00, 0x9f, 0xbf,
  0x00, 0x00, 0x9f, 0xbf, 0x00, 0x00, 0x9f, 0xbf, 0x00, 0x00, 0x9f, 0xbf, 0x00, 0x00, 0x9f, 0xbf,
  0x00, 0x00, 0x9f, 0xbf, 0x00, 0x00, 0x9f, 0xbf, 0x00, 0x00, 0x9f, 0xbf, 0x00, 0x00, 0x9f, 0xbf,
  0x00, 0x00, 0x9f, 0xbf, 0x00, 0x00, 0x9f, 0xbf, 0x00, 0x00, 0x9f, 0xbf, 0x00, 0x00, 0x9f, 0xbf,
  0x00, 0x00, 0x9f, 0xbf, 0x00, 0x00, 0x9f, 0xbf, 0x00, 0x00, 0x9f, 0xbf, 0x00, 0x00, 0x9f, 0xbf,
  0x00, 0x00, 0x9f, 0xbf, 0x00, 0x00, 0x9f, 0xbf, 0x00, 0x00, 0x9f, 0xbf, 0x00, 0x00, 0x9f, 0xbf,
  0x00, 0x00, 0x9f, 0xbf, 0x00, 0x00, 0x9f, 0xbf, 0x00, 0x00, 0x9f, 0xbf, 0x00, 0x00, 0x9f, 0xbf,
  0x00, 0x00, 0x9f, 0xbf, 0x00, 0x00, 0x9f, 0xbf, 0x00, 0x00, 0x9f, 0xbf, 0x00, 0x00, 0x9f, 0xbf,
  0x00, 0x00, 0x9f, 0xbf, 0x00, 0x00, 0x9f, 0xbf, 0x00, 0x00, 0x9f, 0xbf, 0x00, 0x00, 0x9f, 0xbf,
  0x00, 0x00, 0x9f, 0xbf, 0x00, 0x00, 0x9f, 0xbf, 0x00, 0x00, 0x9f, 0xbf, 0x00, 0x00, 0x9f, 0xbf,
  0x00, 0x00, 0x9f, 0xbf, 0x00, 0x00, 0x9f, 0xbf, 0x00, 0x00, 0x9f, 0xbf, 0x00, 0x00, 0x9f, 0xbf,
  0x00, 0x00, 0x9f, 0xbf, 0x00, 0x00, 0x9f, 0xbf, 0x00, 0x00, 0x9f, 0xbf, 0x00, 0x00, 0x9f, 0xbf,
  0x00, 0x00, 0x9f, 0xbf, 0x00, 0x00, 0x9f, 0xbf, 0x00, 0x00, 0x9f, 0xbf, 0x00, 0x00, 0x9f, 0xbf,
  0x00, 0x00, 0x9f, 0xbf, 0x00, 0x00, 0x9f, 0xbf, 0x00, 0x00, 0x9f, 0xbf, 0x00, 0x00, 0x9f, 0xbf,
  0x00, 0x00, 0x9f, 0xbf, 0x00, 0x00, 0x9f, 0xbf, 0x00, 0x00, 0x9f, 0xbf, 0x00, 0x00, 0x9f, 0xbf,
  0x00, 0x00, 0x9f, 0xbf, 0x00, 0x00, 0x9f, 0xbf, 0x00, 0x00, 0x9f, 0xbf, 0x00, 0x00, 0x9f, 0xbf,
  0x00, 0x00, 0x9f, 0xbf, 0x00, 0x00, 0x9f, 0xbf, 0x00, 0x00, 0x9f, 0xbf, 0x00, 0x00, 0x9f, 0xbf,
  0x00, 0x00, 0x9f, 0xbf, 0x00, 0x00, 0x9f, 0xbf, 0x00, 0x00, 0x9f, 0xbf, 0x00, 0x00, 0x9f, 0xbf,
  0x00, 0x00, 0x9f, 0xbf, 0x00, 0x00, 0x9f, 0xbf, 0x00, 0x00, 0x9f, 0xbf, 0x00, 0x00, 0x9f, 0xbf,
  0x00, 0x00, 0x9f, 0xbf, 0x00, 0x00, 0x9f, 0xbf, 0x00, 0x00, 0x9f, 0xbf, 0x00, 0x00, 0x9f, 0xbf,
  0x00, 0x00, 0x9f, 0xbf, 0x00, 0x00, 0x9f, 0xbf, 0x00, 0x00, 0x9f, 0xbf, 0x00, 0x00, 0x9f, 0xbf,
  0x00, 0x00, 0x9f, 0xbf, 0x00, 0x00, 0x9f, 0xbf, 0x00, 0x00, 0x9f, 0xbf, 0x00, 0x00, 0x9f, 0xbf,
  0x00, 0x00, 0x9f, 0xbf, 0x00, 0x00, 0x9f, 0xbf, 0x00, 0x00, 0x9f, 0xbf, 0x00, 0x00, 0x9f, 0xbf,
  0x00, 0x00, 0x9f, 0xbf, 0x00, 0x00, 0x9f, 0xbf, 0x00, 0x00, 0x9f, 0xbf, 0x00, 0x00, 0x9f, 0xbf,
  0x00, 0x00, 0x9f, 0xbf, 0x00, 0x00, 0x9f, 0xbf, 0x00, 0x00, 0x9f, 0xbf, 0x00, 0x00, 0x9f, 0xbf,
  0x00, 0x00, 0x9f, 0xbf, 0x00, 0x00, 0x9f, 0xbf, 0x00, 0x00, 0x9f, 0xbf, 0x00, 0x00, 0x9f, 0xbf,
  0x06, 0x00, 0x00, 0x00, 0x00, 0x00, 0x00, 0x00, 0x40, 0x06, 0x00, 0x00, 0x00, 0x00, 0x00, 0x00,
  0x0b, 0x00, 0x00, 0x00, 0x00, 0x00, 0x00, 0x00, 0x18, 0x00, 0x00, 0x00, 0x00, 0x00, 0x00, 0x00,
  0x05, 0x00, 0x00, 0x00, 0x00, 0x00, 0x00, 0x00, 0xcc, 0x06, 0x00, 0x00, 0x00, 0x00, 0x00, 0x00,
  0x0a, 0x00, 0x00, 0x00, 0x00, 0x00, 0x00, 0x00, 0x36, 0x00, 0x00, 0x00, 0x00, 0x00, 0x00, 0x00,
  0xf5, 0xfe, 0xff, 0x6f, 0x00, 0x00, 0x00, 0x00, 0x88, 0x06, 0x00, 0x00, 0x00, 0x00, 0x00, 0x00,
  0x04, 0x00, 0x00, 0x00, 0x00, 0x00, 0x00, 0x00, 0xac, 0x06, 0x00, 0x00, 0x00, 0x00, 0x00, 0x00,
  0x00, 0x00, 0x00, 0x00, 0x00, 0x00, 0x00, 0x00, 0x00, 0x00, 0x00, 0x00, 0x00, 0x00, 0x00, 0x00,
  0x01, 0x11, 0x00, 0x25, 0x0e, 0x13, 0x05, 0x03, 0x0e, 0x10, 0x17, 0x1b, 0x0e, 0x11, 0x01, 0x12,
  0x06, 0x00, 0x00, 0x00, 0x26, 0x00, 0x00, 0x00, 0x04, 0x00, 0x00, 0x00, 0x00, 0x00, 0x08, 0x01,
  0x00, 0x00, 0x00, 0x00, 0x02, 0x00, 0x0d, 0x00, 0x00, 0x00, 0x00, 0x00, 0x00, 0x00, 0x07, 0x00,
  0x00, 0x00, 0x00, 0x18, 0x00, 0x00, 0x00, 0x00, 0x00, 0x00, 0x50, 0x95, 0x01, 0x00, 0x74, 0x72,
  0x69, 0x74, 0x6f, 0x6e, 0x00, 0x2f, 0x77, 0x6f, 0x72, 0x6b, 0x00, 0x6b, 0x65, 0x72, 0x6e, 0x65,
  0x6c, 0x2e, 0x70, 0x79, 0x00, 0xb8, 0x29, 0x00, 0x00, 0x04, 0x00, 0x27, 0x00, 0x00, 0x00, 0x04,
  0x01, 0x01, 0xfb, 0x0e, 0x0d, 0x00, 0x01, 0x01, 0x01, 0x01, 0x00, 0x00, 0x00, 0x01, 0x00, 0x00,
  0x01, 0x2f, 0x77, 0x6f, 0x72, 0x6b, 0x00, 0x00, 0x6b, 0x65, 0x72, 0x6e, 0x65, 0x6c, 0x2e, 0x70,
  0x79, 0x00, 0x01, 0x00, 0x00, 0x00, 0x00, 0x09, 0x02, 0x00, 0x18, 0x00, 0x00, 0x00, 0x00, 0x00,
  0x00, 0x03, 0x12, 0x01, 0x05, 0x31, 0x0a, 0x03, 0x23, 0x66, 0x05, 0x17, 0x03, 0x72, 0x20, 0x05,
  0x3e, 0x03, 0x0e, 0x20, 0x05, 0x15, 0x26, 0x05, 0x17, 0x03, 0x6c, 0x3c, 0x05, 0x15, 0x03, 0x14,
  0x20, 0x05, 0x17, 0x03, 0x6c, 0x20, 0x05, 0x15, 0x03, 0x14, 0x2e, 0x05, 0x21, 0x03, 0x6c, 0x2e,
  0x05, 0x17, 0x06, 0x2e, 0x05, 0x21, 0x20, 0x05, 0x3e, 0x06, 0x03, 0x0e, 0x20, 0x05, 0x19, 0x2c,
  0x05, 0x15, 0x28, 0x03, 0x7a, 0x3c, 0x26, 0x06, 0x03, 0x44, 0x82, 0x03, 0x3c, 0x08, 0x12, 0x03,
  0x44, 0x2e, 0x05, 0x2b, 0x06, 0x03, 0x38, 0x20, 0x05, 0x1e, 0x30, 0x05, 0x0c, 0x06, 0x20, 0x05,
  0x12, 0x06, 0x5b, 0x06, 0x03, 0x43, 0x08, 0x12, 0x03, 0x3d, 0x58, 0x05, 0x15, 0x06, 0x2d, 0x05,
  0x12, 0x4b, 0x06, 0x03, 0x43, 0x08, 0x66, 0x03, 0x3d, 0x20, 0x05, 0x15, 0x06, 0x65, 0x05, 0x12,
  0x4b, 0x06, 0x03, 0x43, 0x08, 0x4a, 0x03, 0x3d, 0x20, 0x05, 0x15, 0x06, 0x65, 0x05, 0x12, 0x4b,
  0x06, 0x03, 0x43, 0x08, 0x66, 0x03, 0x3d, 0x20, 0x05, 0x15, 0x06, 0x65, 0x05, 0x12, 0x4b, 0x06,
  0x03, 0x43, 0x08, 0x4a, 0x03, 0x3d, 0x20, 0x05, 0x15, 0x06, 0x65, 0x05, 0x12, 0x4b, 0x06, 0x03,
  0x43, 0x08, 0x66, 0x03, 0x3d, 0x20, 0x05, 0x15, 0x06, 0x65, 0x05, 0x12, 0x3d, 0x06, 0x03, 0x43,
  0x08, 0x82, 0x03, 0x3d, 0x20, 0x05, 0x15, 0x06, 0x65, 0x05, 0x12, 0x4b, 0x06, 0x03, 0x43, 0x08,
  0x66, 0x03, 0x3d, 0x20, 0x05, 0x15, 0x06, 0x65, 0x05, 0x12, 0x4b, 0x06, 0x03, 0x43, 0x08, 0x58,
  0x03, 0x3d, 0x20, 0x05, 0x15, 0x06, 0x65, 0x05, 0x12, 0x3d, 0x06, 0x03, 0x43, 0x08, 0x90, 0x03,
  0x3d, 0x20, 0x05, 0x15, 0x06, 0x65, 0x05, 0x12, 0x3d, 0x06, 0x03, 0x43, 0x08, 0x82, 0x03, 0x3d,
  0x20, 0x05, 0x15, 0x06, 0x65, 0x05, 0x12, 0x3d, 0x06, 0x03, 0x43, 0x08, 0x90, 0x03, 0x3d, 0x20,
  0x05, 0x15, 0x06, 0x65, 0x05, 0x12, 0x3d, 0x06, 0x03, 0x43, 0x08, 0x82, 0x03, 0x3d, 0x20, 0x05,
  0x15, 0x06, 0x65, 0x05, 0x12, 0x3d, 0x06, 0x03, 0x43, 0x08, 0x90, 0x03, 0x3d, 0x20, 0x05, 0x15,
  0x06, 0x65, 0x05, 0x12, 0x3d, 0x06, 0x03, 0x43, 0x08, 0x82, 0x03, 0x3d, 0x20, 0x05, 0x15, 0x06,
  0x65, 0x05, 0x12, 0x3d, 0x06, 0x03, 0x43, 0x08, 0x90, 0x03, 0x3d, 0x20, 0x05, 0x15, 0x06, 0x65,
  0x05, 0x12, 0x3d, 0x06, 0x03, 0x43, 0x08, 0x82, 0x03, 0x3d, 0x20, 0x05, 0x15, 0x06, 0x65, 0x05,
  0x12, 0x3d, 0x06, 0x03, 0x43, 0x08, 0x90, 0x03, 0x3d, 0x20, 0x05, 0x15, 0x06, 0x65, 0x05, 0x12,
  0x3d, 0x06, 0x03, 0x43, 0x08, 0x74, 0x03, 0x3d, 0x20, 0x05, 0x15, 0x06, 0x65, 0x05, 0x12, 0x3d,
  0x06, 0x03, 0x43, 0x08, 0x90, 0x03, 0x3d, 0x20, 0x05, 0x15, 0x06, 0x65, 0x05, 0x12, 0x3d, 0x06,
  0x03, 0x43, 0x08, 0x74, 0x03, 0x3d, 0x20, 0x05, 0x15, 0x06, 0x65, 0x05, 0x12, 0x3d, 0x06, 0x03,
  0x43, 0x08, 0x90, 0x03, 0x3d, 0x20, 0x05, 0x15, 0x06, 0x65, 0x05, 0x12, 0x3d, 0x06, 0x03, 0x43,
  0x08, 0x74, 0x03, 0x3d, 0x20, 0x05, 0x15, 0x06, 0x65, 0x05, 0x12, 0x3d, 0x06, 0x03, 0x43, 0x08,
  0x90, 0x03, 0x3d, 0x20, 0x05, 0x15, 0x06, 0x65, 0x05, 0x12, 0x3d, 0x06, 0x03, 0x43, 0x08, 0x74,
  0x03, 0x3d, 0x20, 0x05, 0x15, 0x06, 0x65, 0x05, 0x12, 0x3d, 0x06, 0x03, 0x43, 0x08, 0x90, 0x03,
  0x3d, 0x20, 0x05, 0x15, 0x06, 0x65, 0x05, 0x12, 0x59, 0x05, 0x15, 0x2d, 0x05, 0x12, 0x2f, 0x06,
  0x03, 0x43, 0x08, 0x66, 0x03, 0x3d, 0x20, 0x05, 0x15, 0x06, 0x65, 0x05, 0x12, 0x3d, 0x06, 0x03,
  0x43, 0x08, 0x90, 0x03, 0x3d, 0x20, 0x05, 0x15, 0x06, 0x65, 0x05, 0x12, 0x3d, 0x06, 0x03, 0x43,
  0x08, 0x3c, 0x03, 0x3d, 0x20, 0x05, 0x15, 0x06, 0x65, 0x05, 0x12, 0x3d, 0x06, 0x03, 0x43, 0x08,
  0x90, 0x03, 0x3d, 0x20, 0x05, 0x15, 0x06, 0x65, 0x05, 0x12, 0x3d, 0x06, 0x03, 0x43, 0x08, 0x3c,
  0x03, 0x3d, 0x20, 0x05, 0x15, 0x06, 0x65, 0x05, 0x12, 0x3d, 0x06, 0x03, 0x43, 0x08, 0x58, 0x03,
  0x3d, 0x20, 0x05, 0x15, 0x06, 0x65, 0x05, 0x12, 0x3d, 0x05, 0x15, 0x08, 0xab, 0x05, 0x12, 0x3d,
  0x06, 0x03, 0x43, 0x08, 0x58, 0x03, 0x3d, 0x20, 0x05, 0x15, 0x06, 0x65, 0x05, 0x12, 0x3d, 0x06,
  0x03, 0x43, 0x08, 0x3c, 0x03, 0x3d, 0x20, 0x05, 0x15, 0x06, 0x65, 0x05, 0x12, 0x3d, 0x06, 0x03,
  0x43, 0x08, 0x58, 0x03, 0x3d, 0x20, 0x05, 0x15, 0x06, 0x65, 0x05, 0x12, 0x3d, 0x06, 0x03, 0x43,
  0x08, 0x3c, 0x03, 0x3d, 0x20, 0x05, 0x15, 0x06, 0x65, 0x05, 0x12, 0x3d, 0x06, 0x03, 0x43, 0x08,
  0x58, 0x03, 0x3d, 0x20, 0x05, 0x15, 0x06, 0x65, 0x05, 0x12, 0x3d, 0x06, 0x03, 0x43, 0x08, 0x3c,
  0x03, 0x3d, 0x20, 0x05, 0x15, 0x06, 0x65, 0x05, 0x12, 0x3d, 0x06, 0x03, 0x43, 0x08, 0x58, 0x03,
  0x3d, 0x20, 0x05, 0x15, 0x06, 0x65, 0x05, 0x12, 0x3d, 0x05, 0x15, 0x08, 0xab, 0x05, 0x12, 0x3d,
  0x06, 0x03, 0x43, 0x08, 0x58, 0x03, 0x3d, 0x20, 0x05, 0x15, 0x06, 0x65, 0x05, 0x12, 0x3d, 0x06,
  0x03, 0x43, 0x08, 0x3c, 0x03, 0x3d, 0x20, 0x05, 0x15, 0x06, 0x65, 0x05, 0x12, 0x3d, 0x06, 0x03,
  0x43, 0x08, 0x58, 0x03, 0x3d, 0x20, 0x05, 0x15, 0x06, 0x65, 0x05, 0x12, 0x3d, 0x06, 0x03, 0x43,
  0x08, 0x3c, 0x03, 0x3d, 0x20, 0x05, 0x15, 0x06, 0x65, 0x05, 0x12, 0x3d, 0x06, 0x03, 0x43, 0x08,
  0x58, 0x03, 0x3d, 0x20, 0x05, 0x15, 0x06, 0x65, 0x05, 0x12, 0x3d, 0x06, 0x03, 0x43, 0x08, 0x3c,
  0x03, 0x3d, 0x20, 0x05, 0x15, 0x06, 0x65, 0x05, 0x12, 0x3d, 0x06, 0x03, 0x43, 0x08, 0x58, 0x03,
  0x3d, 0x20, 0x05, 0x15, 0x06, 0x65, 0x05, 0x12, 0x3d, 0x05, 0x15, 0x08, 0xab, 0x05, 0x12, 0x3d,
  0x06, 0x03, 0x43, 0x08, 0x58, 0x03, 0x3d, 0x20, 0x05, 0x15, 0x06, 0x65, 0x05, 0x12, 0x3d, 0x06,
  0x03, 0x43, 0x08, 0x3c, 0x03, 0x3d, 0x20, 0x05, 0x15, 0x06, 0x65, 0x05, 0x12, 0x3d, 0x06, 0x03,
  0x43, 0x08, 0x58, 0x03, 0x3d, 0x20, 0x05, 0x15, 0x06, 0x65, 0x05, 0x12, 0x3d, 0x06, 0x03, 0x43,
  0x08, 0x3c, 0x03, 0x3d, 0x20, 0x05, 0x15, 0x06, 0x65, 0x05, 0x12, 0x3d, 0x06, 0x03, 0x43, 0x08,
  0x58, 0x03, 0x3d, 0x20, 0x05, 0x15, 0x06, 0x65, 0x05, 0x12, 0x3d, 0x06, 0x03, 0x43, 0x08, 0x3c,
  0x03, 0x3d, 0x20, 0x05, 0x15, 0x06, 0x65, 0x05, 0x12, 0x3d, 0x06, 0x03, 0x43, 0x08, 0x58, 0x03,
  0x3d, 0x20, 0x05, 0x15, 0x06, 0x65, 0x05, 0x12, 0x3d, 0x05, 0x15, 0x08, 0xab, 0x05, 0x12, 0x3d,
  0x06, 0x03, 0x43, 0x08, 0x58, 0x03, 0x3d, 0x20, 0x05, 0x15, 0x06, 0x65, 0x05, 0x12, 0x3d, 0x06,
  0x03, 0x43, 0x08, 0x3c, 0x03, 0x3d, 0x20, 0x05, 0x15, 0x06, 0x65, 0x05, 0x12, 0x3d, 0x06, 0x03,
  0x43, 0x08, 0x66, 0x03, 0x3d, 0x20, 0x05, 0x15, 0x06, 0x65, 0x05, 0x12, 0x3d, 0x06, 0x03, 0x43,
  0x08, 0x3c, 0x03, 0x3d, 0x20, 0x05, 0x15, 0x06, 0x65, 0x05, 0x12, 0x3d, 0x06, 0x03, 0x43, 0x08,
  0x58, 0x03, 0x3d, 0x20, 0x05, 0x15, 0x06, 0x65, 0x05, 0x12, 0x3d, 0x06, 0x03, 0x43, 0x08, 0x3c,
  0x03, 0x3d, 0x20, 0x03, 0x43, 0x66, 0x05, 0x15, 0x06, 0x03, 0x3c, 0x4a, 0x05, 0x12, 0x59, 0x06,
  0x03, 0x43, 0x08, 0x2e, 0x03, 0x3d, 0x20, 0x05, 0x15, 0x06, 0x08, 0xd5, 0x05, 0x12, 0x21, 0x05,
  0x19, 0x02, 0xa3, 0x02, 0x13, 0x06, 0x03, 0x42, 0x2e, 0x05, 0x21, 0x06, 0x03, 0x38, 0x4a, 0x05,
  0x19, 0xce, 0x06, 0x03, 0x42, 0x2e, 0x05, 0x38, 0x06, 0x03, 0xe9, 0x00, 0x20, 0x05, 0x16, 0x03,
  0x69, 0x02, 0x2e, 0x01, 0x05, 0x11, 0x03, 0x6c, 0x66, 0x05, 0x16, 0x03, 0x14, 0x02, 0x50, 0x01,
  0x05, 0x11, 0x03, 0x6c, 0x2e, 0x05, 0x16, 0x03, 0x14, 0x74, 0x05, 0x22, 0x03, 0x70, 0x3c, 0x05,
  0x11, 0x1c, 0x05, 0x10, 0x78, 0x05, 0x16, 0x03, 0x0f, 0x20, 0x05, 0x10, 0x03, 0x71, 0x20, 0x05,
  0x11, 0x1c, 0x05, 0x10, 0x78, 0x05, 0x16, 0x03, 0x0f, 0x2e, 0x05, 0x11, 0x03, 0x6d, 0x20, 0x05,
  0x16, 0x03, 0x14, 0x02, 0xe4, 0x02, 0x01, 0x08, 0x65, 0x67, 0x08, 0x9d, 0x06, 0x03, 0xaf, 0x7f,
  0x20, 0x03, 0xd1, 0x00, 0x82, 0x03, 0xaf, 0x7f, 0x02, 0xe2, 0x07, 0x01, 0x03, 0xd1, 0x00, 0x58,
  0x03, 0xaf, 0x7f, 0xf2, 0x03, 0xd1, 0x00, 0x2e, 0x03, 0xaf, 0x7f, 0x02, 0x22, 0x01, 0x03, 0xd1,
  0x00, 0xac, 0x03, 0xaf, 0x7f, 0x02, 0xa1, 0x02, 0x01, 0x03, 0xd1, 0x00, 0x82, 0x03, 0xaf, 0x7f,
  0x2e, 0x03, 0xd1, 0x00, 0x3c, 0x03, 0xaf, 0x7f, 0x02, 0x37, 0x01, 0x03, 0xd1, 0x00, 0x3c, 0x03,
  0xaf, 0x7f, 0xf2, 0x03, 0xd1, 0x00, 0x3c, 0x03, 0xaf, 0x7f, 0xf2, 0x03, 0xd1, 0x00, 0x3c, 0x03,
  0xaf, 0x7f, 0xf2, 0x03, 0xd1, 0x00, 0x3c, 0x03, 0xaf, 0x7f, 0xf2, 0x03, 0xd1, 0x00, 0x3c, 0x03,
  0xaf, 0x7f, 0xf2, 0x03, 0xd1, 0x00, 0x3c, 0x03, 0xaf, 0x7f, 0xf2, 0x03, 0xd1, 0x00, 0x3c, 0x03,
  0xaf, 0x7f, 0xf2, 0x03, 0xd1, 0x00, 0x3c, 0x03, 0xaf, 0x7f, 0xf2, 0x03, 0xd1, 0x00, 0x3c, 0x03,
  0xaf, 0x7f, 0xf2, 0x03, 0xd1, 0x00, 0x3c, 0x03, 0xaf, 0x7f, 0xf2, 0x03, 0xd1, 0x00, 0x3c, 0x03,
  0xaf, 0x7f, 0xf2, 0x03, 0xd1, 0x00, 0x3c, 0x03, 0xaf, 0x7f, 0xf2, 0x03, 0xd1, 0x00, 0x3c, 0x03,
  0xaf, 0x7f, 0x08, 0xe4, 0x03, 0xd1, 0x00, 0x58, 0x03, 0xaf, 0x7f, 0x02, 0xc7, 0x01, 0x01, 0x03,
  0xd1, 0x00, 0x58, 0x03, 0xaf, 0x7f, 0xf2, 0x03, 0xd1, 0x00, 0x08, 0x9e, 0x05, 0x15, 0x06, 0x03,
  0x6b, 0x08, 0x66, 0x05, 0x2a, 0x03, 0x16, 0x2e, 0x05, 0x15, 0x03, 0x6a, 0x66, 0x05, 0x2a, 0x03,
  0x16, 0x20, 0x05, 0x10, 0x03, 0x78, 0x3c, 0x05, 0x16, 0x36, 0x05, 0x1a, 0x02, 0x2e, 0x13, 0x05,
  0x16, 0x73, 0x05, 0x1a, 0x08, 0x13, 0x05, 0x16, 0x57, 0x05, 0x1a, 0x83, 0x05, 0x16, 0x3b, 0x05,
  0x1a, 0x67, 0x05, 0x16, 0x1f, 0x05, 0x1a, 0x4b, 0x05, 0x16, 0x65, 0x05, 0x1a, 0x08, 0x83, 0x05,
  0x15, 0x03, 0x69, 0xc8, 0x05, 0x16, 0x03, 0x16, 0x20, 0x05, 0x15, 0x03, 0x6a, 0x74, 0x05, 0x16,
  0x03, 0x16, 0x2e, 0x05, 0x15, 0x03, 0x6a, 0x2e, 0x05, 0x16, 0x03, 0x16, 0x20, 0x05, 0x1a, 0x4b,
  0x05, 0x16, 0x3b, 0x05, 0x1a, 0x3d, 0x05, 0x16, 0x3b, 0x05, 0x1a, 0x2f, 0x05, 0x16, 0x1f, 0x05,
  0x1a, 0x2f, 0x05, 0x16, 0x65, 0x05, 0x1a, 0x9f, 0x05, 0x16, 0x2d, 0x05, 0x1a, 0x2f, 0x05, 0x16,
  0x57, 0x05, 0x1a, 0x2f, 0x05, 0x16, 0x08, 0x3b, 0x05, 0x1a, 0x3d, 0x05, 0x16, 0xc7, 0x05, 0x1a,
  0x83, 0x05, 0x16, 0x57, 0x05, 0x1a, 0x2f, 0x05, 0x16, 0x9d, 0x05, 0x1a, 0x21, 0x05, 0x16, 0x9d,
  0x05, 0x1a, 0x3d, 0x05, 0x16, 0x65, 0x05, 0x1a, 0x2f, 0x05, 0x16, 0x8f, 0x05, 0x1a, 0x2f, 0x05,
  0x16, 0x3b, 0x05, 0x1a, 0x21, 0x05, 0x16, 0x08, 0x1f, 0x05, 0x1a, 0x21, 0x05, 0x16, 0x81, 0x05,
  0x1a, 0x21, 0x05, 0x16, 0x02, 0x35, 0x11, 0x05, 0x1a, 0x21, 0x05, 0x16, 0xb9, 0x05, 0x1a, 0x83,
  0x05, 0x16, 0x73, 0x05, 0x1a, 0x4b, 0x05, 0x16, 0xb9, 0x05, 0x1a, 0x21, 0x05, 0x16, 0x08, 0x49,
  0x05, 0x1a, 0x3d, 0x05, 0x16, 0x3b, 0x05, 0x1a, 0x21, 0x05, 0x16, 0x49, 0x05, 0x1a, 0x91, 0x05,
  0x16, 0x8f, 0x05, 0x1a, 0x2f, 0x05, 0x16, 0x3b, 0x05, 0x1a, 0x21, 0x05, 0x16, 0x65, 0x05, 0x1a,
  0x2f, 0x05, 0x16, 0x65, 0x05, 0x1a, 0x4b, 0x05, 0x16, 0x3b, 0x05, 0x1a, 0x3d, 0x05, 0x16, 0x3b,
  0x05, 0x1a, 0x21, 0x05, 0x16, 0x08, 0x81, 0x05, 0x1a, 0x83, 0x05, 0x16, 0x81, 0x05, 0x1a, 0x4b,
  0x05, 0x16, 0x2d, 0x05, 0x1a, 0x4b, 0x05, 0x16, 0xf1, 0x05, 0x1a, 0x83, 0x05, 0x16, 0x73, 0x05,
  0x1a, 0x2f, 0x05, 0x16, 0x65, 0x05, 0x1a, 0x21, 0x05, 0x16, 0xf1, 0x05, 0x1a, 0xc9, 0x05, 0x16,
  0x81, 0x05, 0x1a, 0x67, 0x05, 0x16, 0x57, 0x05, 0x1a, 0x21, 0x05, 0x16, 0x81, 0x05, 0x1a, 0x2f,
  0x05, 0x16, 0x49, 0x05, 0x1a, 0x4b, 0x05, 0x16, 0x81, 0x05, 0x1a, 0x2f, 0x05, 0x16, 0x81, 0x05,
  0x1a, 0x4b, 0x05, 0x16, 0xf1, 0x05, 0x1a, 0xc9, 0x05, 0x16, 0x73, 0x05, 0x1a, 0x4b, 0x05, 0x16,
  0x3b, 0x05, 0x1a, 0x4b, 0x05, 0x16, 0xf1, 0x05, 0x1a, 0x83, 0x05, 0x16, 0x73, 0x05, 0x1a, 0x2f,
  0x05, 0x16, 0x3b, 0x05, 0x1a, 0x4b, 0x05, 0x16, 0xf1, 0x05, 0x1a, 0xc9, 0x05, 0x16, 0x81, 0x05,
  0x1a, 0xad, 0x05, 0x16, 0xf1, 0x05, 0x1a, 0x83, 0x05, 0x16, 0x73, 0x05, 0x1a, 0x2f, 0x05, 0x16,
  0x3b, 0x05, 0x1a, 0x4b, 0x05, 0x16, 0xf1, 0x05, 0x1a, 0xc9, 0x05, 0x16, 0x73, 0x05, 0x1a, 0x4b,
  0x05, 0x16, 0x3b, 0x05, 0x1a, 0x4b, 0x05, 0x16, 0xf1, 0x05, 0x1a, 0x83, 0x05, 0x16, 0x73, 0x05,
  0x1a, 0x2f, 0x05, 0x16, 0x3b, 0x05, 0x1a, 0x4b, 0x05, 0x16, 0xf1, 0x05, 0x1a, 0x9f, 0x05, 0x16,
  0x81, 0x05, 0x1a, 0x67, 0x05, 0x16, 0x2d, 0x05, 0x1a, 0x4b, 0x05, 0x16, 0x81, 0x05, 0x1a, 0x2f,
  0x05, 0x16, 0x49, 0x05, 0x1a, 0x4b, 0x05, 0x16, 0x81, 0x05, 0x1a, 0x2f, 0x05, 0x16, 0x9d, 0x05,
  0x1a, 0x4b, 0x05, 0x16, 0x08, 0x1f, 0x05, 0x1a, 0x9f, 0x05, 0x16, 0x81, 0x05, 0x1a, 0x4b, 0x05,
  0x16, 0x57, 0x05, 0x1a, 0x21, 0x05, 0x16, 0xf1, 0x05, 0x1a, 0x91, 0x05, 0x16, 0x73, 0x05, 0x1a,
  0x2f, 0x05, 0x16, 0x3b, 0x05, 0x1a, 0x4b, 0x05, 0x16, 0xf1, 0x05, 0x1a, 0x9f, 0x05, 0x16, 0x81,
  0x05, 0x1a, 0x4b, 0x05, 0x16, 0x2d, 0x05, 0x1a, 0x4b, 0x05, 0x16, 0xf1, 0x05, 0x1a, 0x83, 0x05,
  0x16, 0x73, 0x05, 0x1a, 0x2f, 0x05, 0x16, 0x65, 0x05, 0x1a, 0x21, 0x05, 0x16, 0xf1, 0x05, 0x1a,
  0x9f, 0x05, 0x16, 0x73, 0x05, 0x1a, 0x4b, 0x05, 0x16, 0x3b, 0x05, 0x1a, 0x4b, 0x05, 0x16, 0xf1,
  0x05, 0x1a, 0x83, 0x05, 0x16, 0x73, 0x05, 0x1a, 0x2f, 0x05, 0x16, 0x3b, 0x05, 0x1a, 0x4b, 0x05,
  0x16, 0xf1, 0x05, 0x1a, 0x3d, 0x05, 0x16, 0x73, 0x05, 0x1a, 0x21, 0x05, 0x16, 0x2d, 0x05, 0x1a,
  0x21, 0x05, 0x16, 0x02, 0x5f, 0x11, 0x05, 0x1a, 0x3d, 0x05, 0x16, 0x73, 0x05, 0x1a, 0x21, 0x05,
  0x16, 0x2d, 0x05, 0x1a, 0x3d, 0x05, 0x16, 0xf1, 0x05, 0x1a, 0x3d, 0x05, 0x16, 0x73, 0x05, 0x1a,
  0x21, 0x05, 0x16, 0x2d, 0x05, 0x1a, 0x3d, 0x05, 0x16, 0xf1, 0x05, 0x1a, 0x3d, 0x05, 0x16, 0x73,
  0x05, 0x1a, 0x21, 0x05, 0x16, 0x2d, 0x05, 0x1a, 0x3d, 0x05, 0x16, 0xf1, 0x05, 0x1a, 0x3d, 0x05,
  0x16, 0x73, 0x05, 0x1a, 0x21, 0x05, 0x16, 0x2d, 0x05, 0x1a, 0x3d, 0x05, 0x16, 0xf1, 0x05, 0x1a,
  0x3d, 0x05, 0x16, 0x73, 0x05, 0x1a, 0x21, 0x05, 0x16, 0x2d, 0x05, 0x1a, 0x3d, 0x05, 0x16, 0x81,
  0x05, 0x1a, 0x21, 0x05, 0x16, 0x2d, 0x05, 0x1a, 0x21, 0x05, 0x16, 0xab, 0x05, 0x1a, 0x2f, 0x05,
  0x16, 0x1f, 0x05, 0x1a, 0x2f, 0x05, 0x16, 0x08, 0x65, 0x05, 0x1a, 0x3d, 0x05, 0x16, 0x65, 0x05,
  0x1a, 0x2f, 0x05, 0x16, 0x1f, 0x05, 0x1a, 0x4b, 0x05, 0x16, 0xf1, 0x05, 0x1a, 0x3d, 0x05, 0x16,
  0x65, 0x05, 0x1a, 0x2f, 0x05, 0x16, 0x1f, 0x05, 0x1a, 0x4b, 0x05, 0x16, 0xf1, 0x05, 0x1a, 0x3d,
  0x05, 0x16, 0x65, 0x05, 0x1a, 0x2f, 0x05, 0x16, 0x1f, 0x05, 0x1a, 0x4b, 0x05, 0x16, 0xf1, 0x05,
  0x1a, 0x3d, 0x05, 0x16, 0x65, 0x05, 0x1a, 0x2f, 0x05, 0x16, 0x1f, 0x05, 0x1a, 0x4b, 0x05, 0x16,
  0xf1, 0x05, 0x1a, 0x3d, 0x05, 0x16, 0x65, 0x05, 0x1a, 0x2f, 0x05, 0x16, 0x1f, 0x05, 0x1a, 0x4b,
  0x05, 0x16, 0xf1, 0x05, 0x1a, 0x3d, 0x05, 0x16, 0x65, 0x05, 0x1a, 0x2f, 0x05, 0x16, 0x1f, 0x05,
  0x1a, 0x4b, 0x05, 0x16, 0xf1, 0x05, 0x1a, 0x3d, 0x05, 0x16, 0x65, 0x05, 0x1a, 0x2f, 0x05, 0x16,
  0x1f, 0x05, 0x1a, 0x4b, 0x05, 0x16, 0x73, 0x05, 0x1a, 0x2f, 0x05, 0x16, 0x1f, 0x05, 0x1a, 0x2f,
  0x05, 0x16, 0xab, 0x05, 0x1a, 0x21, 0x05, 0x16, 0x2d, 0x05, 0x1a, 0x21, 0x05, 0x16, 0x08, 0x65,
  0x05, 0x1a, 0x3d, 0x05, 0x16, 0x73, 0x05, 0x1a, 0x21, 0x05, 0x16, 0x2d, 0x05, 0x1a, 0x3d, 0x05,
  0x16, 0xf1, 0x05, 0x1a, 0x3d, 0x05, 0x16, 0x73, 0x05, 0x1a, 0x21, 0x05, 0x16, 0x2d, 0x05, 0x1a,
  0x3d, 0x05, 0x16, 0xf1, 0x05, 0x1a, 0x3d, 0x05, 0x16, 0x73, 0x05, 0x1a, 0x21, 0x05, 0x16, 0x2d,
  0x05, 0x1a, 0x3d, 0x05, 0x16, 0xf1, 0x05, 0x1a, 0x3d, 0x05, 0x16, 0x73, 0x05, 0x1a, 0x21, 0x05,
  0x16, 0x2d, 0x05, 0x1a, 0x3d, 0x05, 0x16, 0xf1, 0x05, 0x1a, 0x3d, 0x05, 0x16, 0x73, 0x05, 0x1a,
  0x21, 0x05, 0x16, 0x2d, 0x05, 0x1a, 0x3d, 0x05, 0x16, 0xf1, 0x05, 0x1a, 0x3d, 0x05, 0x16, 0x73,
  0x05, 0x1a, 0x21, 0x05, 0x16, 0x2d, 0x05, 0x1a, 0x3d, 0x05, 0x16, 0xf1, 0x05, 0x1a, 0x3d, 0x05,
  0x16, 0x73, 0x05, 0x1a, 0x21, 0x05, 0x16, 0x2d, 0x05, 0x1a, 0x3d, 0x05, 0x16, 0x81, 0x05, 0x1a,
  0x21, 0x05, 0x16, 0x2d, 0x05, 0x1a, 0x21, 0x05, 0x16, 0xab, 0x05, 0x1a, 0x2f, 0x05, 0x16, 0x1f,
  0x05, 0x1a, 0x2f, 0x05, 0x16, 0x08, 0x65, 0x05, 0x1a, 0x3d, 0x05, 0x16, 0x65, 0x05, 0x1a, 0x2f,
  0x05, 0x16, 0x1f, 0x05, 0x1a, 0x4b, 0x05, 0x16, 0xf1, 0x05, 0x1a, 0x3d, 0x05, 0x16, 0x65, 0x05,
  0x1a, 0x2f, 0x05, 0x16, 0x1f, 0x05, 0x1a, 0x4b, 0x05, 0x16, 0xf1, 0x05, 0x1a, 0x3d, 0x05, 0x16,
  0x65, 0x05, 0x1a, 0x2f, 0x05, 0x16, 0x1f, 0x05, 0x1a, 0x4b, 0x05, 0x16, 0xf1, 0x05, 0x1a, 0x3d,
  0x05, 0x16, 0x65, 0x05, 0x1a, 0x2f, 0x05, 0x16, 0x1f, 0x05, 0x1a, 0x4b, 0x05, 0x16, 0xf1, 0x05,
  0x1a, 0x3d, 0x05, 0x16, 0x65, 0x05, 0x1a, 0x2f, 0x05, 0x16, 0x1f, 0x05, 0x1a, 0x4b, 0x05, 0x16,
  0xf1, 0x05, 0x1a, 0x3d, 0x05, 0x16, 0x65, 0x05, 0x1a, 0x2f, 0x05, 0x16, 0x1f, 0x05, 0x1a, 0x4b,
  0x05, 0x15, 0x03, 0x69, 0xf2, 0x05, 0x16, 0x03, 0x15, 0x20, 0x05, 0x12, 0x03, 0x6c, 0x2e, 0x05,
  0x16, 0x03, 0x14, 0x2e, 0x05, 0x12, 0x03, 0x6c, 0x2e, 0x05, 0x16, 0x03, 0x17, 0x4a, 0x06, 0x03,
  0xac, 0x7f, 0x2e, 0x05, 0x1d, 0x03, 0xd4, 0x00, 0x02, 0x28, 0x01, 0x05, 0x16, 0x02, 0x96, 0x01,
  0x12, 0x05, 0x1d, 0x58, 0x05, 0x16, 0x82, 0x05, 0x1d, 0x74, 0x05, 0x16, 0x58, 0x05, 0x1d, 0x2e,
  0x05, 0x16, 0x9e, 0x05, 0x1d, 0x4a, 0x05, 0x16, 0x3c, 0x05, 0x1d, 0x58, 0x05, 0x16, 0x66, 0x05,
  0x1d, 0xc8, 0x05, 0x16, 0x58, 0x03, 0xac, 0x7f, 0xe4, 0x05, 0x15, 0x06, 0x03, 0x3c, 0x20, 0x05,
  0x16, 0x03, 0x15, 0x4a, 0x05, 0x12, 0x03, 0x6c, 0x2e, 0x05, 0x16, 0x03, 0x14, 0x20, 0x05, 0x12,
  0x03, 0x6c, 0x3c, 0x05, 0x16, 0x03, 0x17, 0x20, 0x06, 0x03, 0xac, 0x7f, 0x08, 0x4a, 0x05, 0x1d,
  0x03, 0xd4, 0x00, 0x02, 0x28, 0x01, 0x05, 0x00, 0x03, 0xac, 0x7f, 0x02, 0x38, 0x01, 0x05, 0x1d,
  0x03, 0xd4, 0x00, 0x2e, 0x05, 0x00, 0x03, 0xac, 0x7f, 0x4a, 0x05, 0x1d, 0x03, 0xd4, 0x00, 0x2e,
  0x05, 0x00, 0x03, 0xac, 0x7f, 0x4a, 0x05, 0x1d, 0x03, 0xd4, 0x00, 0x2e, 0x05, 0x00, 0x03, 0xac,
  0x7f, 0x90, 0x05, 0x1d, 0x03, 0xd4, 0x00, 0x2e, 0x05, 0x16, 0x02, 0x68, 0x12, 0x03, 0xac, 0x7f,
  0x08, 0xf2, 0x05, 0x15, 0x06, 0x03, 0x3c, 0x20, 0x05, 0x16, 0x03, 0x15, 0x4a, 0x05, 0x12, 0x03,
  0x6c, 0x2e, 0x05, 0x16, 0x03, 0x14, 0x20, 0x05, 0x12, 0x03, 0x6c, 0x3c, 0x05, 0x16, 0x03, 0x17,
  0x20, 0x06, 0x03, 0xac, 0x7f, 0x90, 0x05, 0x1d, 0x03, 0xd4, 0x00, 0x02, 0x28, 0x01, 0x05, 0x00,
  0x03, 0xac, 0x7f, 0x02, 0x38, 0x01, 0x05, 0x1d, 0x03, 0xd4, 0x00, 0x2e, 0x05, 0x00, 0x03, 0xac,
  0x7f, 0x4a, 0x05, 0x1d, 0x03, 0xd4, 0x00, 0x2e, 0x05, 0x00, 0x03, 0xac, 0x7f, 0x4a, 0x05, 0x1d,
  0x03, 0xd4, 0x00, 0x2e, 0x05, 0x00, 0x03, 0xac, 0x7f, 0x90, 0x05, 0x1d, 0x03, 0xd4, 0x00, 0x2e,
  0x05, 0x16, 0x02, 0x69, 0x12, 0x03, 0xac, 0x7f, 0x08, 0xf2, 0x05, 0x15, 0x06, 0x03, 0x3c, 0x20,
  0x05, 0x16, 0x03, 0x15, 0x4a, 0x05, 0x12, 0x03, 0x6c, 0x2e, 0x05, 0x16, 0x03, 0x14, 0x20, 0x05,
  0x12, 0x03, 0x6c, 0x3c, 0x05, 0x16, 0x03, 0x17, 0x20, 0x06, 0x03, 0xac, 0x7f, 0x90, 0x05, 0x1d,
  0x03, 0xd4, 0x00, 0x02, 0x2d, 0x01, 0x05, 0x16, 0x02, 0x93, 0x01, 0x12, 0x03, 0xac, 0x7f, 0x08,
  0xf2, 0x06, 0x03, 0xd1, 0x00, 0x20, 0x05, 0x1a, 0x76, 0x05, 0x16, 0x72, 0x05, 0x2a, 0x02, 0xd2,
  0x01, 0x13, 0x05, 0x16, 0x06, 0x4a, 0x05, 0x1a, 0x06, 0x02, 0x2b, 0x13, 0x05, 0x16, 0x3b, 0x05,
  0x1a, 0xf3, 0x05, 0x16, 0x2d, 0x05, 0x1a, 0x02, 0x22, 0x13, 0x05, 0x16, 0x2d, 0x05, 0x1a, 0x3d,
  0x05, 0x16, 0x2d, 0x05, 0x1a, 0x91, 0x05, 0x16, 0x2d, 0x05, 0x1a, 0x21, 0x05, 0x16, 0x49, 0x05,
  0x1a, 0x21, 0x05, 0x16, 0xab, 0x05, 0x1a, 0x21, 0x05, 0x16, 0x1f, 0x05, 0x1a, 0x21, 0x05, 0x16,
  0x3b, 0x05, 0x1a, 0x4b, 0x05, 0x16, 0x2d, 0x05, 0x1a, 0x21, 0x05, 0x16, 0x1f, 0x05, 0x1a, 0xf3,
  0x05, 0x16, 0x3b, 0x05, 0x1a, 0x4b, 0x05, 0x16, 0x3b, 0x05, 0x1a, 0x3d, 0x05, 0x16, 0x1f, 0x05,
  0x1a, 0x83, 0x05, 0x16, 0x1f, 0x05, 0x1a, 0x2f, 0x05, 0x16, 0x02, 0x25, 0x11, 0x05, 0x1a, 0x2f,
  0x05, 0x16, 0xe3, 0x05, 0x1a, 0x83, 0x05, 0x16, 0x81, 0x05, 0x1a, 0x2f, 0x05, 0x16, 0x1f, 0x05,
  0x1a, 0x21, 0x05, 0x16, 0x08, 0x2d, 0x05, 0x1a, 0x4b, 0x05, 0x16, 0x2d, 0x05, 0x1a, 0x4b, 0x05,
  0x16, 0xc7, 0x05, 0x1a, 0x21, 0x05, 0x16, 0x1f, 0x05, 0x1a, 0x2f, 0x05, 0x16, 0x65, 0x05, 0x1a,
  0x2f, 0x05, 0x16, 0x02, 0x27, 0x11, 0x05, 0x1a, 0x21, 0x05, 0x16, 0x08, 0x73, 0x05, 0x1a, 0x83,
  0x05, 0x16, 0xab, 0x05, 0x1a, 0x21, 0x05, 0x16, 0x81, 0x05, 0x1a, 0x21, 0x05, 0x16, 0x08, 0xc7,
  0x05, 0x1a, 0x2f, 0x05, 0x16, 0xd5, 0x05, 0x1a, 0x9f, 0x05, 0x16, 0x08, 0x73, 0x05, 0x1a, 0x2f,
  0x05, 0x16, 0x9d, 0x05, 0x1a, 0x3d, 0x05, 0x16, 0xe3, 0x05, 0x1a, 0x59, 0x05, 0x16, 0x73, 0x05,
  0x1a, 0x2f, 0x05, 0x16, 0x73, 0x05, 0x1a, 0x4b, 0x05, 0x16, 0x65, 0x05, 0x1a, 0x2f, 0x05, 0x16,
  0x65, 0x05, 0x1a, 0x2f, 0x05, 0x16, 0xf1, 0x05, 0x1a, 0x83, 0x05, 0x16, 0x65, 0x05, 0x1a, 0x2f,
  0x05, 0x16, 0x65, 0x05, 0x1a, 0x2f, 0x05, 0x16, 0xf1, 0x05, 0x1a, 0xc9, 0x05, 0x16, 0x81, 0x05,
  0x1a, 0x67, 0x05, 0x16, 0x57, 0x05, 0x1a, 0x21, 0x05, 0x16, 0x81, 0x05, 0x1a, 0x2f, 0x05, 0x16,
  0x49, 0x05, 0x1a, 0x4b, 0x05, 0x16, 0x81, 0x05, 0x1a, 0x2f, 0x05, 0x16, 0x81, 0x05, 0x1a, 0x4b,
  0x05, 0x16, 0xf1, 0x05, 0x1a, 0xc9, 0x05, 0x16, 0x73, 0x05, 0x1a, 0x4b, 0x05, 0x16, 0x65, 0x05,
  0x1a, 0x21, 0x05, 0x16, 0xf1, 0x05, 0x1a, 0x83, 0x05, 0x16, 0x73, 0x05, 0x1a, 0x2f, 0x05, 0x16,
  0x65, 0x05, 0x1a, 0x21, 0x05, 0x16, 0xf1, 0x05, 0x1a, 0xc9, 0x05, 0x16, 0x73, 0x05, 0x1a, 0x4b,
  0x05, 0x16, 0x65, 0x05, 0x1a, 0x21, 0x05, 0x16, 0xf1, 0x05, 0x1a, 0x83, 0x05, 0x16, 0x73, 0x05,
  0x1a, 0x2f, 0x05, 0x16, 0x65, 0x05, 0x1a, 0x21, 0x05, 0x16, 0xf1, 0x05, 0x1a, 0x9f, 0x05, 0x16,
  0x73, 0x05, 0x1a, 0x4b, 0x05, 0x16, 0x65, 0x05, 0x1a, 0x21, 0x05, 0x16, 0xf1, 0x05, 0x1a, 0x83,
  0x05, 0x16, 0x73, 0x05, 0x1a, 0x2f, 0x05, 0x16, 0x65, 0x05, 0x1a, 0x21, 0x05, 0x16, 0xf1, 0x05,
  0x1a, 0x9f, 0x05, 0x16, 0x81, 0x05, 0x1a, 0x67, 0x05, 0x16, 0x57, 0x05, 0x1a, 0x21, 0x05, 0x16,
  0x81, 0x05, 0x1a, 0x2f, 0x05, 0x16, 0x49, 0x05, 0x1a, 0x4b, 0x05, 0x16, 0x81, 0x05, 0x1a, 0x2f,
  0x05, 0x16, 0x9d, 0x05, 0x1a, 0x4b, 0x05, 0x16, 0x08, 0x1f, 0x05, 0x1a, 0x9f, 0x05, 0x16, 0x73,
  0x05, 0x1a, 0x4b, 0x05, 0x16, 0x65, 0x05, 0x1a, 0x21, 0x05, 0x16, 0xf1, 0x05, 0x1a, 0x83, 0x05,
  0x16, 0x73, 0x05, 0x1a, 0x2f, 0x05, 0x16, 0x65, 0x05, 0x1a, 0x21, 0x05, 0x16, 0xf1, 0x05, 0x1a,
  0x9f, 0x05, 0x16, 0x73, 0x05, 0x1a, 0x4b, 0x05, 0x16, 0x65, 0x05, 0x1a, 0x21, 0x05, 0x16, 0xf1,
  0x05, 0x1a, 0x83, 0x05, 0x16, 0x73, 0x05, 0x1a, 0x2f, 0x05, 0x16, 0x65, 0x05, 0x1a, 0x21, 0x05,
  0x16, 0xf1, 0x05, 0x1a, 0x9f, 0x05, 0x16, 0x73, 0x05, 0x1a, 0x4b, 0x05, 0x16, 0x65, 0x05, 0x1a,
  0x21, 0x05, 0x16, 0xf1, 0x05, 0x1a, 0x83, 0x05, 0x16, 0x73, 0x05, 0x1a, 0x2f, 0x05, 0x16, 0x65,
  0x05, 0x1a, 0x21, 0x05, 0x16, 0xf1, 0x05, 0x1a, 0x3d, 0x05, 0x16, 0x73, 0x05, 0x1a, 0x21, 0x05,
  0x16, 0x2d, 0x05, 0x1a, 0x21, 0x05, 0x16, 0x02, 0x5f, 0x11, 0x05, 0x1a, 0x3d, 0x05, 0x16, 0x73,
  0x05, 0x1a, 0x21, 0x05, 0x16, 0x2d, 0x05, 0x1a, 0x21, 0x05, 0x16, 0x08, 0x2d, 0x05, 0x1a, 0x3d,
  0x05, 0x16, 0x65, 0x05, 0x1a, 0x2f, 0x05, 0x16, 0x1f, 0x05, 0x1a, 0x2f, 0x05, 0x16, 0x08, 0x1f,
  0x05, 0x1a, 0x3d, 0x05, 0x16, 0x73, 0x05, 0x1a, 0x21, 0x05, 0x16, 0x2d, 0x05, 0x1a, 0x21, 0x05,
  0x16, 0x08, 0x2d, 0x05, 0x1a, 0x3d, 0x05, 0x16, 0x65, 0x05, 0x1a, 0x2f, 0x05, 0x16, 0x1f, 0x05,
  0x1a, 0x2f, 0x05, 0x16, 0x08, 0x1f, 0x05, 0x1a, 0x3d, 0x05, 0x16, 0x73, 0x05, 0x1a, 0x21, 0x05,
  0x16, 0x2d, 0x05, 0x1a, 0x21, 0x05, 0x16, 0x9d, 0x05, 0x1a, 0x2f, 0x05, 0x16, 0x1f, 0x05, 0x1a,
  0x2f, 0x05, 0x16, 0xab, 0x05, 0x1a, 0x21, 0x05, 0x16, 0x2d, 0x05, 0x1a, 0x21, 0x05, 0x16, 0x08,
  0x65, 0x05, 0x1a, 0x4b, 0x05, 0x16, 0x73, 0x05, 0x1a, 0x21, 0x05, 0x16, 0x2d, 0x05, 0x1a, 0x21,
  0x05, 0x16, 0x08, 0x2d, 0x05, 0x1a, 0x3d, 0x05, 0x16, 0x65, 0x05, 0x1a, 0x2f, 0x05, 0x16, 0x1f,
  0x05, 0x1a, 0x2f, 0x05, 0x16, 0x08, 0x1f, 0x05, 0x1a, 0x3d, 0x05, 0x16, 0x73, 0x05, 0x1a, 0x21,
  0x05, 0x16, 0x2d, 0x05, 0x1a, 0x21, 0x05, 0x16, 0x08, 0x2d, 0x05, 0x1a, 0x3d, 0x05, 0x16, 0x65,
  0x05, 0x1a, 0x2f, 0x05, 0x16, 0x1f, 0x05, 0x1a, 0x2f, 0x05, 0x16, 0x08, 0x1f, 0x05, 0x1a, 0x3d,
  0x05, 0x16, 0x73, 0x05, 0x1a, 0x21, 0x05, 0x16, 0x2d, 0x05, 0x1a, 0x21, 0x05, 0x16, 0x08, 0x2d,
  0x05, 0x1a, 0x3d, 0x05, 0x16, 0x65, 0x05, 0x1a, 0x2f, 0x05, 0x16, 0x1f, 0x05, 0x1a, 0x2f, 0x05,
  0x16, 0x08, 0x1f, 0x05, 0x1a, 0x3d, 0x05, 0x16, 0x73, 0x05, 0x1a, 0x21, 0x05, 0x16, 0x2d, 0x05,
  0x1a, 0x21, 0x05, 0x16, 0x9d, 0x05, 0x1a, 0x2f, 0x05, 0x16, 0x1f, 0x05, 0x1a, 0x2f, 0x05, 0x16,
  0xab, 0x05, 0x1a, 0x21, 0x05, 0x16, 0x2d, 0x05, 0x1a, 0x21, 0x05, 0x16, 0x08, 0x65, 0x05, 0x1a,
  0x3d, 0x05, 0x16, 0x73, 0x05, 0x1a, 0x21, 0x05, 0x16, 0x2d, 0x05, 0x1a, 0x21, 0x05, 0x16, 0x08,
  0x2d, 0x05, 0x1a, 0x3d, 0x05, 0x16, 0x65, 0x05, 0x1a, 0x2f, 0x05, 0x16, 0x1f, 0x05, 0x1a, 0x2f,
  0x05, 0x16, 0x08, 0x1f, 0x05, 0x1a, 0x3d, 0x05, 0x16, 0x73, 0x05, 0x1a, 0x21, 0x05, 0x16, 0x2d,
  0x05, 0x1a, 0x21, 0x05, 0x16, 0x08, 0x2d, 0x05, 0x1a, 0x3d, 0x05, 0x16, 0x65, 0x05, 0x1a, 0x2f,
  0x05, 0x16, 0x1f, 0x05, 0x1a, 0x2f, 0x05, 0x16, 0x08, 0x1f, 0x05, 0x1a, 0x3d, 0x05, 0x16, 0x73,
  0x05, 0x1a, 0x21, 0x05, 0x16, 0x2d, 0x05, 0x1a, 0x21, 0x05, 0x16, 0x08, 0x2d, 0x05, 0x1a, 0x3d,
  0x05, 0x16, 0x65, 0x05, 0x1a, 0x2f, 0x05, 0x16, 0x1f, 0x05, 0x1a, 0x2f, 0x05, 0x16, 0x08, 0x1f,
  0x05, 0x1a, 0x3d, 0x05, 0x16, 0x73, 0x05, 0x1a, 0x21, 0x05, 0x16, 0x2d, 0x05, 0x1a, 0x21, 0x05,
  0x16, 0x9d, 0x05, 0x1a, 0x2f, 0x05, 0x16, 0x1f, 0x05, 0x1a, 0x2f, 0x05, 0x16, 0xab, 0x05, 0x1a,
  0x21, 0x05, 0x16, 0x2d, 0x05, 0x1a, 0x21, 0x05, 0x16, 0x08, 0x65, 0x05, 0x1a, 0x3d, 0x05, 0x16,
  0x73, 0x05, 0x1a, 0x21, 0x05, 0x16, 0x2d, 0x05, 0x1a, 0x21, 0x05, 0x16, 0x08, 0x2d, 0x05, 0x1a,
  0x3d, 0x05, 0x16, 0x65, 0x05, 0x1a, 0x2f, 0x05, 0x16, 0x1f, 0x05, 0x1a, 0x2f, 0x05, 0x16, 0x08,
  0x1f, 0x05, 0x1a, 0x3d, 0x05, 0x16, 0x73, 0x05, 0x1a, 0x21, 0x05, 0x16, 0x2d, 0x05, 0x1a, 0x21,
  0x05, 0x16, 0x08, 0x2d, 0x05, 0x1a, 0x3d, 0x05, 0x16, 0x65, 0x05, 0x1a, 0x2f, 0x05, 0x16, 0x1f,
  0x05, 0x1a, 0x2f, 0x05, 0x16, 0x08, 0x1f, 0x05, 0x1a, 0x3d, 0x05, 0x16, 0x73, 0x05, 0x1a, 0x21,
  0x05, 0x16, 0x2d, 0x05, 0x1a, 0x21, 0x05, 0x16, 0x08, 0x2d, 0x05, 0x1a, 0x3d, 0x05, 0x16, 0x65,
  0x05, 0x1a, 0x2f, 0x05, 0x16, 0x1f, 0x05, 0x1a, 0x2f, 0x05, 0x16, 0x08, 0x21, 0x06, 0x03, 0xac,
  0x7f, 0x2e, 0x05, 0x1d, 0x03, 0xd4, 0x00, 0x02, 0x28, 0x01, 0x05, 0x16, 0x02, 0x9f, 0x01, 0x12,
  0x05, 0x1d, 0x2e, 0x05, 0x16, 0x4a, 0x05, 0x1d, 0xac, 0x05, 0x16, 0x90, 0x05, 0x1d, 0x90, 0x05,
  0x16, 0x3c, 0x05, 0x1d, 0xe4, 0x05, 0x16, 0x08, 0x20, 0x03, 0xac, 0x7f, 0xe4, 0x03, 0xd4, 0x00,
  0x82, 0x03, 0xac, 0x7f, 0x4a, 0x05, 0x1d, 0x03, 0xd4, 0x00, 0x02, 0x28, 0x01, 0x05, 0x16, 0x02,
  0x8e, 0x01, 0x12, 0x05, 0x1d, 0x4a, 0x05, 0x16, 0x02, 0x2c, 0x12, 0x03, 0xac, 0x7f, 0x02, 0x25,
  0x01, 0x03, 0xd4, 0x00, 0x9e, 0x03, 0xac, 0x7f, 0x4a, 0x05, 0x1d, 0x03, 0xd4, 0x00, 0x02, 0x28,
  0x01, 0x05, 0x16, 0x02, 0x8e, 0x01, 0x12, 0x05, 0x1d, 0x4a, 0x05, 0x16, 0x02, 0x2c, 0x12, 0x03,
  0xac, 0x7f, 0x02, 0x25, 0x01, 0x03, 0xd4, 0x00, 0x82, 0x03, 0xac, 0x7f, 0x08, 0x20, 0x05, 0x1d,
  0x03, 0xd4, 0x00, 0x02, 0x2d, 0x01, 0x05, 0x16, 0x02, 0x90, 0x01, 0x12, 0x05, 0x1d, 0x66, 0x05,
  0x16, 0x90, 0x03, 0xac, 0x7f, 0x08, 0xf2, 0x05, 0x24, 0x06, 0x03, 0xd8, 0x00, 0x20, 0x05, 0x30,
  0x06, 0x20, 0x05, 0x24, 0x2e, 0x05, 0x16, 0x06, 0x03, 0x0f, 0x20, 0x05, 0x30, 0x03, 0x71, 0x20,
  0x05, 0x10, 0x06, 0x82, 0x05, 0x16, 0x06, 0x03, 0x0f, 0x58, 0x06, 0x03, 0x99, 0x7f, 0x20, 0x03,
  0xe7, 0x00, 0x82, 0x03, 0x99, 0x7f, 0x4a, 0x03, 0xe7, 0x00, 0x2e, 0x03, 0x99, 0x7f, 0xba, 0x03,
  0xe7, 0x00, 0x2e, 0x03, 0x99, 0x7f, 0x9e, 0x03, 0xe7, 0x00, 0x2e, 0x03, 0x99, 0x7f, 0xba, 0x03,
  0xe7, 0x00, 0x2e, 0x03, 0x99, 0x7f, 0xc8, 0x03, 0xe7, 0x00, 0x2e, 0x03, 0x99, 0x7f, 0xe4, 0x03,
  0xe7, 0x00, 0x2e, 0x03, 0x99, 0x7f, 0xc8, 0x03, 0xe7, 0x00, 0x2e, 0x03, 0x99, 0x7f, 0xe4, 0x03,
  0xe7, 0x00, 0x2e, 0x03, 0x99, 0x7f, 0xc8, 0x03, 0xe7, 0x00, 0x2e, 0x03, 0x99, 0x7f, 0xe4, 0x03,
  0xe7, 0x00, 0x2e, 0x03, 0x99, 0x7f, 0xc8, 0x03, 0xe7, 0x00, 0x2e, 0x03, 0x99, 0x7f, 0xe4, 0x03,
  0xe7, 0x00, 0x2e, 0x03, 0x99, 0x7f, 0xc8, 0x03, 0xe7, 0x00, 0x2e, 0x03, 0x99, 0x7f, 0xe4, 0x03,
  0xe7, 0x00, 0x2e, 0x03, 0x99, 0x7f, 0xc8, 0x03, 0xe7, 0x00, 0x2e, 0x03, 0x99, 0x7f, 0xe4, 0x03,
  0xe7, 0x00, 0x2e, 0x03, 0x99, 0x7f, 0xc8, 0x03, 0xe7, 0x00, 0x2e, 0x03, 0x99, 0x7f, 0xe4, 0x03,
  0xe7, 0x00, 0x2e, 0x03, 0x99, 0x7f, 0xc8, 0x03, 0xe7, 0x00, 0x2e, 0x03, 0x99, 0x7f, 0xe4, 0x03,
  0xe7, 0x00, 0x2e, 0x03, 0x99, 0x7f, 0xc8, 0x03, 0xe7, 0x00, 0x2e, 0x03, 0x99, 0x7f, 0xe4, 0x03,
  0xe7, 0x00, 0x2e, 0x03, 0x99, 0x7f, 0xc8, 0x03, 0xe7, 0x00, 0x2e, 0x03, 0x99, 0x7f, 0xe4, 0x03,
  0xe7, 0x00, 0x2e, 0x03, 0x99, 0x7f, 0xc8, 0x03, 0xe7, 0x00, 0x2e, 0x03, 0x99, 0x7f, 0xe4, 0x03,
  0xe7, 0x00, 0x2e, 0x03, 0x99, 0x7f, 0xc8, 0x03, 0xe7, 0x00, 0x2e, 0x03, 0x99, 0x7f, 0xe4, 0x03,
  0xe7, 0x00, 0x2e, 0x03, 0x99, 0x7f, 0xc8, 0x03, 0xe7, 0x00, 0x2e, 0x03, 0x99, 0x7f, 0xe4, 0x03,
  0xe7, 0x00, 0x2e, 0x03, 0x99, 0x7f, 0xc8, 0x03, 0xe7, 0x00, 0x2e, 0x03, 0x99, 0x7f, 0xe4, 0x03,
  0xe7, 0x00, 0x2e, 0x03, 0x99, 0x7f, 0xc8, 0x03, 0xe7, 0x00, 0x2e, 0x03, 0x99, 0x7f, 0xe4, 0x03,
  0xe7, 0x00, 0x2e, 0x03, 0x99, 0x7f, 0xc8, 0x03, 0xe7, 0x00, 0x2e, 0x03, 0x99, 0x7f, 0xe4, 0x03,
  0xe7, 0x00, 0x2e, 0x03, 0x99, 0x7f, 0xc8, 0x03, 0xe7, 0x00, 0x2e, 0x03, 0x99, 0x7f, 0xe4, 0x03,
  0xe7, 0x00, 0x2e, 0x03, 0x99, 0x7f, 0xc8, 0x03, 0xe7, 0x00, 0x2e, 0x03, 0x99, 0x7f, 0xe4, 0x03,
  0xe7, 0x00, 0x2e, 0x03, 0x99, 0x7f, 0xc8, 0x03, 0xe7, 0x00, 0x2e, 0x03, 0x99, 0x7f, 0xe4, 0x03,
  0xe7, 0x00, 0x2e, 0x03, 0x99, 0x7f, 0xc8, 0x03, 0xe7, 0x00, 0x2e, 0x03, 0x99, 0x7f, 0xe4, 0x03,
  0xe7, 0x00, 0x2e, 0x03, 0x99, 0x7f, 0xc8, 0x03, 0xe7, 0x00, 0x2e, 0x03, 0x99, 0x7f, 0xe4, 0x03,
  0xe7, 0x00, 0x2e, 0x03, 0x99, 0x7f, 0xc8, 0x03, 0xe7, 0x00, 0x2e, 0x03, 0x99, 0x7f, 0xe4, 0x03,
  0xe7, 0x00, 0x2e, 0x03, 0x99, 0x7f, 0xc8, 0x03, 0xe7, 0x00, 0x2e, 0x03, 0x99, 0x7f, 0xe4, 0x03,
  0xe7, 0x00, 0x2e, 0x03, 0x99, 0x7f, 0xc8, 0x03, 0xe7, 0x00, 0x2e, 0x03, 0x99, 0x7f, 0xe4, 0x03,
  0xe7, 0x00, 0x2e, 0x03, 0x99, 0x7f, 0xc8, 0x03, 0xe7, 0x00, 0x2e, 0x03, 0x99, 0x7f, 0xe4, 0x03,
  0xe7, 0x00, 0x2e, 0x03, 0x99, 0x7f, 0xc8, 0x03, 0xe7, 0x00, 0x2e, 0x03, 0x99, 0x7f, 0xe4, 0x03,
  0xe7, 0x00, 0x2e, 0x03, 0x99, 0x7f, 0xc8, 0x03, 0xe7, 0x00, 0x2e, 0x03, 0x99, 0x7f, 0xe4, 0x03,
  0xe7, 0x00, 0x2e, 0x03, 0x99, 0x7f, 0xc8, 0x03, 0xe7, 0x00, 0x2e, 0x03, 0x99, 0x7f, 0xe4, 0x03,
  0xe7, 0x00, 0x2e, 0x03, 0x99, 0x7f, 0xc8, 0x03, 0xe7, 0x00, 0x2e, 0x03, 0x99, 0x7f, 0xe4, 0x03,
  0xe7, 0x00, 0x2e, 0x03, 0x99, 0x7f, 0xc8, 0x03, 0xe7, 0x00, 0x2e, 0x03, 0x99, 0x7f, 0x02, 0x92,
  0x01, 0x01, 0x03, 0xe7, 0x00, 0x82, 0x03, 0x99, 0x7f, 0x02, 0x65, 0x01, 0x03, 0xe7, 0x00, 0x2e,
  0x03, 0x99, 0x7f, 0x08, 0x12, 0x03, 0xe7, 0x00, 0x3c, 0x03, 0x99, 0x7f, 0x08, 0xe4, 0x03, 0xe7,
  0x00, 0x3c, 0x03, 0x99, 0x7f, 0x08, 0xe4, 0x03, 0xe7, 0x00, 0x3c, 0x03, 0x99, 0x7f, 0x08, 0xe4,
  0x03, 0xe7, 0x00, 0x3c, 0x03, 0x99, 0x7f, 0x08, 0xe4, 0x03, 0xe7, 0x00, 0x3c, 0x03, 0x99, 0x7f,
  0x08, 0xe4, 0x03, 0xe7, 0x00, 0x3c, 0x03, 0x99, 0x7f, 0x08, 0xe4, 0x03, 0xe7, 0x00, 0x3c, 0x03,
  0x99, 0x7f, 0x08, 0xe4, 0x03, 0xe7, 0x00, 0x3c, 0x03, 0x99, 0x7f, 0x08, 0xe4, 0x03, 0xe7, 0x00,
  0x3c, 0x03, 0x99, 0x7f, 0x08, 0xe4, 0x03, 0xe7, 0x00, 0x3c, 0x03, 0x99, 0x7f, 0x08, 0xe4, 0x03,
  0xe7, 0x00, 0x3c, 0x03, 0x99, 0x7f, 0x08, 0xe4, 0x03, 0xe7, 0x00, 0x3c, 0x03, 0x99, 0x7f, 0x08,
  0xe4, 0x03, 0xe7, 0x00, 0x3c, 0x03, 0x99, 0x7f, 0x08, 0xe4, 0x03, 0xe7, 0x00, 0x3c, 0x03, 0x99,
  0x7f, 0x08, 0xe4, 0x03, 0xe7, 0x00, 0x3c, 0x03, 0x99, 0x7f, 0x08, 0xe4, 0x03, 0xe7, 0x00, 0x3c,
  0x03, 0x99, 0x7f, 0x08, 0xe4, 0x03, 0xe7, 0x00, 0x3c, 0x03, 0x99, 0x7f, 0x08, 0xe4, 0x03, 0xe7,
  0x00, 0x3c, 0x03, 0x99, 0x7f, 0x08, 0xe4, 0x03, 0xe7, 0x00, 0x3c, 0x03, 0x99, 0x7f, 0x08, 0xe4,
  0x03, 0xe7, 0x00, 0x3c, 0x03, 0x99, 0x7f, 0x08, 0xe4, 0x03, 0xe7, 0x00, 0x3c, 0x03, 0x99, 0x7f,
  0x08, 0xe4, 0x03, 0xe7, 0x00, 0x3c, 0x03, 0x99, 0x7f, 0x08, 0xe4, 0x03, 0xe7, 0x00, 0x3c, 0x03,
  0x99, 0x7f, 0x02, 0x60, 0x01, 0x03, 0xe7, 0x00, 0x02, 0x41, 0x01, 0x03, 0x99, 0x7f, 0x02, 0xe0,
  0x01, 0x01, 0x03, 0xe7, 0x00, 0x02, 0x8d, 0x01, 0x01, 0x03, 0x99, 0x7f, 0x02, 0xa6, 0x02, 0x01,
  0x03, 0xe7, 0x00, 0x02, 0x36, 0x01, 0x05, 0x49, 0x06, 0x08, 0x84, 0x05, 0x17, 0x06, 0x58, 0x05,
  0x10, 0x06, 0x03, 0x77, 0x74, 0x05, 0x1a, 0x03, 0x0a, 0x2e, 0x05, 0x17, 0x73, 0x05, 0x2b, 0x06,
  0x66, 0x05, 0x38, 0x82, 0x05, 0x2b, 0x2e, 0x05, 0x38, 0x3c, 0x05, 0x1a, 0x06, 0x21, 0x05, 0x17,
  0x81, 0x05, 0x2b, 0x06, 0x08, 0x12, 0x05, 0x38, 0x82, 0x05, 0x2b, 0x3c, 0x05, 0x38, 0x3c, 0x05,
  0x1a, 0x06, 0x2f, 0x05, 0x17, 0x73, 0x05, 0x1a, 0x2f, 0x05, 0x17, 0x57, 0x05, 0x2b, 0x06, 0x4a,
  0x05, 0x38, 0x82, 0x05, 0x2b, 0x3c, 0x05, 0x38, 0x3c, 0x05, 0x1a, 0x06, 0x2f, 0x05, 0x17, 0x73,
  0x05, 0x1a, 0x2f, 0x05, 0x17, 0x81, 0x05, 0x2b, 0x06, 0x4a, 0x05, 0x38, 0x90, 0x05, 0x2b, 0x2e,
  0x05, 0x38, 0x4a, 0x05, 0x1a, 0x06, 0x21, 0x05, 0x17, 0xf1, 0x05, 0x2b, 0x06, 0x9e, 0x05, 0x38,
  0x82, 0x05, 0x2b, 0x2e, 0x05, 0x38, 0x3c, 0x05, 0x1a, 0x06, 0x21, 0x05, 0x17, 0x73, 0x05, 0x1a,
  0x4b, 0x05, 0x17, 0x65, 0x05, 0x2b, 0x06, 0x20, 0x05, 0x38, 0x90, 0x05, 0x2b, 0x2e, 0x05, 0x38,
  0x4a, 0x05, 0x1a, 0x06, 0x21, 0x05, 0x17, 0xf1, 0x05, 0x2b, 0x06, 0x82, 0x05, 0x38, 0x82, 0x05,
  0x2b, 0x2e, 0x05, 0x38, 0x3c, 0x05, 0x1a, 0x06, 0x21, 0x05, 0x17, 0x73, 0x05, 0x1a, 0x2f, 0x05,
  0x17, 0x65, 0x05, 0x2b, 0x06, 0x20, 0x05, 0x38, 0x90, 0x05, 0x2b, 0x2e, 0x05, 0x38, 0x4a, 0x05,
  0x1a, 0x06, 0x21, 0x05, 0x17, 0xf1, 0x05, 0x2b, 0x06, 0x9e, 0x05, 0x38, 0x82, 0x05, 0x2b, 0x2e,
  0x05, 0x38, 0x3c, 0x05, 0x1a, 0x06, 0x21, 0x05, 0x17, 0x73, 0x05, 0x1a, 0x4b, 0x05, 0x17, 0x65,
  0x05, 0x2b, 0x06, 0x20, 0x05, 0x38, 0x90, 0x05, 0x2b, 0x2e, 0x05, 0x38, 0x4a, 0x05, 0x1a, 0x06,
  0x21, 0x05, 0x17, 0xf1, 0x05, 0x2b, 0x06, 0x82, 0x05, 0x38, 0x82, 0x05, 0x2b, 0x2e, 0x05, 0x38,
  0x3c, 0x05, 0x1a, 0x06, 0x21, 0x05, 0x17, 0x73, 0x05, 0x1a, 0x2f, 0x05, 0x17, 0x65, 0x05, 0x2b,
  0x06, 0x20, 0x05, 0x38, 0x90, 0x05, 0x2b, 0x2e, 0x05, 0x38, 0x4a, 0x05, 0x1a, 0x06, 0x21, 0x05,
  0x17, 0xf1, 0x05, 0x2b, 0x06, 0x9e, 0x05, 0x38, 0x82, 0x05, 0x2b, 0x2e, 0x05, 0x38, 0x3c, 0x05,
  0x1a, 0x06, 0x21, 0x05, 0x17, 0x73, 0x05, 0x1a, 0x4b, 0x05, 0x17, 0x65, 0x05, 0x2b, 0x06, 0x20,
  0x05, 0x38, 0x90, 0x05, 0x2b, 0x2e, 0x05, 0x38, 0x4a, 0x05, 0x1a, 0x06, 0x21, 0x05, 0x17, 0xf1,
  0x05, 0x2b, 0x06, 0x82, 0x05, 0x38, 0x82, 0x05, 0x2b, 0x2e, 0x05, 0x38, 0x3c, 0x05, 0x1a, 0x06,
  0x21, 0x05, 0x17, 0x73, 0x05, 0x1a, 0x2f, 0x05, 0x17, 0x65, 0x05, 0x2b, 0x06, 0x20, 0x05, 0x38,
  0x90, 0x05, 0x2b, 0x2e, 0x05, 0x38, 0x4a, 0x05, 0x1a, 0x06, 0x21, 0x05, 0x17, 0xf1, 0x05, 0x2b,
  0x06, 0x9e, 0x05, 0x38, 0x82, 0x05, 0x2b, 0x2e, 0x05, 0x38, 0x3c, 0x05, 0x1a, 0x06, 0x21, 0x05,
  0x17, 0x73, 0x05, 0x1a, 0x67, 0x05, 0x17, 0x65, 0x05, 0x2b, 0x06, 0x2e, 0x05, 0x38, 0x82, 0x05,
  0x2b, 0x3c, 0x05, 0x38, 0x3c, 0x05, 0x1a, 0x06, 0x2f, 0x05, 0x17, 0x73, 0x05, 0x1a, 0x2f, 0x05,
  0x17, 0x57, 0x05, 0x2b, 0x06, 0x4a, 0x05, 0x38, 0x82, 0x05, 0x2b, 0x3c, 0x05, 0x38, 0x3c, 0x05,
  0x1a, 0x06, 0x2f, 0x05, 0x17, 0x73, 0x05, 0x1a, 0x2f, 0x05, 0x17, 0x81, 0x05, 0x2b, 0x06, 0x4a,
  0x05, 0x38, 0x90, 0x05, 0x2b, 0x2e, 0x05, 0x38, 0x4a, 0x05, 0x1a, 0x06, 0x21, 0x05, 0x17, 0xf1,
  0x05, 0x2b, 0x06, 0x9e, 0x05, 0x38, 0x82, 0x05, 0x2b, 0x2e, 0x05, 0x38, 0x3c, 0x05, 0x1a, 0x06,
  0x21, 0x05, 0x17, 0x73, 0x05, 0x1a, 0x4b, 0x05, 0x17, 0x65, 0x05, 0x2b, 0x06, 0x20, 0x05, 0x38,
  0x90, 0x05, 0x2b, 0x2e, 0x05, 0x38, 0x4a, 0x05, 0x1a, 0x06, 0x21, 0x05, 0x17, 0xf1, 0x05, 0x2b,
  0x06, 0x82, 0x05, 0x38, 0x82, 0x05, 0x2b, 0x2e, 0x05, 0x38, 0x3c, 0x05, 0x1a, 0x06, 0x21, 0x05,
  0x17, 0x73, 0x05, 0x1a, 0x2f, 0x05, 0x17, 0x65, 0x05, 0x2b, 0x06, 0x20, 0x05, 0x38, 0x90, 0x05,
  0x2b, 0x2e, 0x05, 0x38, 0x4a, 0x05, 0x1a, 0x06, 0x21, 0x05, 0x17, 0xf1, 0x05, 0x2b, 0x06, 0x9e,
  0x05, 0x38, 0x82, 0x05, 0x2b, 0x2e, 0x05, 0x38, 0x3c, 0x05, 0x1a, 0x06, 0x21, 0x05, 0x17, 0x73,
  0x05, 0x1a, 0x4b, 0x05, 0x17, 0x65, 0x05, 0x2b, 0x06, 0x20, 0x05, 0x38, 0x90, 0x05, 0x2b, 0x2e,
  0x05, 0x38, 0x4a, 0x05, 0x1a, 0x06, 0x21, 0x05, 0x17, 0xf1, 0x05, 0x2b, 0x06, 0x82, 0x05, 0x38,
  0x82, 0x05, 0x2b, 0x2e, 0x05, 0x38, 0x3c, 0x05, 0x1a, 0x06, 0x21, 0x05, 0x17, 0x73, 0x05, 0x1a,
  0x2f, 0x05, 0x17, 0x65, 0x05, 0x2b, 0x06, 0x20, 0x05, 0x38, 0x90, 0x05, 0x2b, 0x2e, 0x05, 0x38,
  0x4a, 0x05, 0x1a, 0x06, 0x21, 0x05, 0x17, 0xf1, 0x05, 0x2b, 0x06, 0x9e, 0x05, 0x38, 0x82, 0x05,
  0x2b, 0x2e, 0x05, 0x38, 0x3c, 0x05, 0x1a, 0x06, 0x21, 0x05, 0x17, 0x73, 0x05, 0x1a, 0x4b, 0x05,
  0x17, 0x65, 0x05, 0x2b, 0x06, 0x20, 0x05, 0x38, 0x90, 0x05, 0x2b, 0x2e, 0x05, 0x38, 0x4a, 0x05,
  0x1a, 0x06, 0x21, 0x05, 0x17, 0xf1, 0x05, 0x2b, 0x06, 0x82, 0x05, 0x38, 0x82, 0x05, 0x2b, 0x2e,
  0x05, 0x38, 0x3c, 0x05, 0x1a, 0x06, 0x21, 0x05, 0x17, 0x73, 0x05, 0x1a, 0x2f, 0x05, 0x17, 0x65,
  0x05, 0x2b, 0x06, 0x20, 0x05, 0x38, 0x90, 0x05, 0x2b, 0x2e, 0x05, 0x38, 0x4a, 0x05, 0x1a, 0x06,
  0x21, 0x05, 0x17, 0xf1, 0x05, 0x2b, 0x06, 0xc8, 0x05, 0x38, 0x82, 0x05, 0x2b, 0x2e, 0x05, 0x38,
  0x3c, 0x05, 0x1a, 0x06, 0x21, 0x05, 0x17, 0x81, 0x05, 0x1a, 0x67, 0x05, 0x17, 0x2d, 0x05, 0x2b,
  0x06, 0x4a, 0x05, 0x38, 0x90, 0x05, 0x2b, 0x2e, 0x05, 0x38, 0x4a, 0x05, 0x1a, 0x06, 0x21, 0x05,
  0x17, 0x81, 0x05, 0x1a, 0x2f, 0x05, 0x17, 0x49, 0x05, 0x2b, 0x06, 0x4a, 0x05, 0x38, 0x90, 0x05,
  0x2b, 0x2e, 0x05, 0x38, 0x4a, 0x05, 0x1a, 0x06, 0x21, 0x05, 0x17, 0x81, 0x05, 0x1a, 0x2f, 0x05,
  0x17, 0x81, 0x05, 0x2b, 0x06, 0x4a, 0x05, 0x38, 0x82, 0x05, 0x2b, 0x3c, 0x05, 0x38, 0x3c, 0x05,
  0x1a, 0x06, 0x2f, 0x05, 0x17, 0xf1, 0x05, 0x2b, 0x06, 0xc8, 0x05, 0x38, 0x82, 0x05, 0x2b, 0x2e,
  0x05, 0x38, 0x3c, 0x05, 0x1a, 0x06, 0x21, 0x05, 0x17, 0x73, 0x05, 0x1a, 0x4b, 0x05, 0x17, 0x3b,
  0x05, 0x2b, 0x06, 0x4a, 0x05, 0x38, 0x90, 0x05, 0x2b, 0x2e, 0x05, 0x38, 0x4a, 0x05, 0x1a, 0x06,
  0x21, 0x05, 0x17, 0xf1, 0x05, 0x2b, 0x06, 0x82, 0x05, 0x38, 0x82, 0x05, 0x2b, 0x2e, 0x05, 0x38,
  0x3c, 0x05, 0x1a, 0x06, 0x21, 0x05, 0x17, 0x73, 0x05, 0x1a, 0x2f, 0x05, 0x17, 0x3b, 0x05, 0x2b,
  0x06, 0x4a, 0x05, 0x38, 0x90, 0x05, 0x2b, 0x2e, 0x05, 0x38, 0x4a, 0x05, 0x1a, 0x06, 0x21, 0x05,
  0x17, 0xf1, 0x05, 0x2b, 0x06, 0xc8, 0x05, 0x38, 0x82, 0x05, 0x2b, 0x2e, 0x05, 0x38, 0x3c, 0x05,
  0x1a, 0x06, 0x21, 0x05, 0x17, 0x73, 0x05, 0x1a, 0x4b, 0x05, 0x17, 0x3b, 0x05, 0x2b, 0x06, 0x4a,
  0x05, 0x38, 0x90, 0x05, 0x2b, 0x2e, 0x05, 0x38, 0x4a, 0x05, 0x1a, 0x06, 0x21, 0x05, 0x17, 0xf1,
  0x05, 0x2b, 0x06, 0x82, 0x05, 0x38, 0x82, 0x05, 0x2b, 0x2e, 0x05, 0x38, 0x3c, 0x05, 0x1a, 0x06,
  0x21, 0x05, 0x17, 0x73, 0x05, 0x1a, 0x2f, 0x05, 0x17, 0x3b, 0x05, 0x2b, 0x06, 0x4a, 0x05, 0x38,
  0x90, 0x05, 0x2b, 0x2e, 0x05, 0x38, 0x4a, 0x05, 0x1a, 0x06, 0x21, 0x05, 0x17, 0xf1, 0x05, 0x2b,
  0x06, 0x9e, 0x05, 0x38, 0x82, 0x05, 0x2b, 0x2e, 0x05, 0x38, 0x3c, 0x05, 0x1a, 0x06, 0x21, 0x05,
  0x17, 0x73, 0x05, 0x1a, 0x4b, 0x05, 0x17, 0x57, 0x05, 0x2b, 0x06, 0x66, 0x05, 0x38, 0x82, 0x05,
  0x2b, 0x3c, 0x05, 0x38, 0x3c, 0x05, 0x1a, 0x06, 0x2f, 0x05, 0x17, 0xf1, 0x05, 0x2b, 0x06, 0x82,
  0x05, 0x38, 0x74, 0x05, 0x2b, 0x3c, 0x05, 0x38, 0x2e, 0x05, 0x1a, 0x06, 0x2f, 0x05, 0x17, 0x65,
  0x05, 0x1a, 0x2f, 0x05, 0x17, 0x65, 0x05, 0x2b, 0x06, 0x2e, 0x05, 0x38, 0x82, 0x05, 0x2b, 0x3c,
  0x05, 0x38, 0x3c, 0x05, 0x1a, 0x06, 0x2f, 0x05, 0x17, 0xf1, 0x05, 0x2b, 0x06, 0x9e, 0x05, 0x38,
  0x82, 0x05, 0x2b, 0x2e, 0x05, 0x38, 0x3c, 0x05, 0x1a, 0x06, 0x21, 0x05, 0x17, 0x81, 0x05, 0x1a,
  0x67, 0x05, 0x17, 0x57, 0x05, 0x2b, 0x06, 0x20, 0x05, 0x38, 0x90, 0x05, 0x2b, 0x2e, 0x05, 0x38,
  0x4a, 0x05, 0x1a, 0x06, 0x21, 0x05, 0x17, 0x81, 0x05, 0x1a, 0x2f, 0x05, 0x17, 0x49, 0x05, 0x2b,
  0x06, 0x4a, 0x05, 0x38, 0x90, 0x05, 0x2b, 0x2e, 0x05, 0x38, 0x4a, 0x05, 0x1a, 0x06, 0x21, 0x05,
  0x17, 0x81, 0x05, 0x1a, 0x2f, 0x05, 0x2b, 0x49, 0x05, 0x1a, 0x3d, 0x05, 0x17, 0x3b, 0x05, 0x2b,
  0x06, 0x4a, 0x05, 0x38, 0x82, 0x05, 0x2b, 0x3c, 0x05, 0x38, 0x3c, 0x05, 0x1a, 0x06, 0x2f, 0x05,
  0x17, 0xf1, 0x05, 0x2b, 0x06, 0x9e, 0x05, 0x38, 0x82, 0x05, 0x2b, 0x2e, 0x05, 0x38, 0x3c, 0x05,
  0x1a, 0x06, 0x21, 0x05, 0x17, 0x73, 0x05, 0x1a, 0x4b, 0x05, 0x17, 0x65, 0x05, 0x2b, 0x06, 0x20,
  0x05, 0x38, 0x90, 0x05, 0x2b, 0x2e, 0x05, 0x38, 0x4a, 0x05, 0x1a, 0x06, 0x21, 0x05, 0x17, 0xf1,
  0x05, 0x2b, 0x06, 0x82, 0x05, 0x38, 0x82, 0x05, 0x2b, 0x2e, 0x05, 0x38, 0x3c, 0x05, 0x1a, 0x06,
  0x21, 0x05, 0x17, 0x73, 0x05, 0x1a, 0x2f, 0x05, 0x17, 0x65, 0x05, 0x2b, 0x06, 0x20, 0x05, 0x38,
  0x90, 0x05, 0x2b, 0x2e, 0x05, 0x38, 0x4a, 0x05, 0x1a, 0x06, 0x21, 0x05, 0x17, 0xf1, 0x05, 0x2b,
  0x06, 0x9e, 0x05, 0x38, 0x82, 0x05, 0x2b, 0x2e, 0x05, 0x38, 0x3c, 0x05, 0x1a, 0x06, 0x21, 0x05,
  0x17, 0x73, 0x05, 0x1a, 0x4b, 0x05, 0x17, 0x65, 0x05, 0x2b, 0x06, 0x20, 0x05, 0x38, 0x90, 0x05,
  0x2b, 0x2e, 0x05, 0x38, 0x4a, 0x05, 0x1a, 0x06, 0x21, 0x05, 0x17, 0xf1, 0x05, 0x2b, 0x06, 0x82,
  0x05, 0x38, 0x82, 0x05, 0x2b, 0x2e, 0x05, 0x38, 0x3c, 0x05, 0x1a, 0x06, 0x21, 0x05, 0x17, 0x73,
  0x05, 0x1a, 0x2f, 0x05, 0x17, 0x65, 0x05, 0x2b, 0x06, 0x20, 0x05, 0x38, 0x90, 0x05, 0x2b, 0x2e,
  0x05, 0x38, 0x4a, 0x05, 0x1a, 0x06, 0x21, 0x05, 0x17, 0xf1, 0x05, 0x2b, 0x06, 0x9e, 0x05, 0x38,
  0x82, 0x05, 0x2b, 0x2e, 0x05, 0x38, 0x3c, 0x05, 0x1a, 0x06, 0x21, 0x05, 0x17, 0x81, 0x05, 0x1a,
  0x4b, 0x05, 0x17, 0x2d, 0x05, 0x2b, 0x06, 0x4a, 0x05, 0x38, 0x90, 0x05, 0x2b, 0x2e, 0x05, 0x38,
  0x4a, 0x05, 0x1a, 0x06, 0x21, 0x05, 0x17, 0xf1, 0x05, 0x2b, 0x06, 0x82, 0x05, 0x38, 0x82, 0x05,
  0x2b, 0x2e, 0x05, 0x38, 0x3c, 0x05, 0x1a, 0x06, 0x21, 0x05, 0x17, 0x73, 0x05, 0x1a, 0x2f, 0x05,
  0x2b, 0x3b, 0x05, 0x17, 0x06, 0x20, 0x05, 0x2b, 0x4a, 0x05, 0x38, 0x90, 0x05, 0x2b, 0x2e, 0x05,
  0x38, 0x4a, 0x05, 0x1a, 0x06, 0x21, 0x05, 0x2b, 0xf1, 0x05, 0x38, 0x06, 0x74, 0x05, 0x2b, 0x2e,
  0x05, 0x38, 0x3c, 0x05, 0x1a, 0x06, 0x21, 0x05, 0x17, 0x73, 0x05, 0x1a, 0x21, 0x05, 0x17, 0x2d,
  0x05, 0x2b, 0x06, 0x20, 0x05, 0x38, 0x90, 0x05, 0x2b, 0x2e, 0x05, 0x38, 0x4a, 0x05, 0x1a, 0x06,
  0x21, 0x05, 0x2b, 0x81, 0x05, 0x1a, 0x21, 0x05, 0x2b, 0x2d, 0x05, 0x1a, 0x21, 0x05, 0x2b, 0x49,
  0x05, 0x38, 0x06, 0x3c, 0x05, 0x2b, 0x3c, 0x05, 0x38, 0x3c, 0x05, 0x1a, 0x06, 0x2f, 0x05, 0x17,
  0x73, 0x05, 0x1a, 0x2f, 0x05, 0x17, 0x1f, 0x05, 0x1a, 0x2f, 0x05, 0x2b, 0x3b, 0x05, 0x1a, 0x4b,
  0x05, 0x2b, 0x3b, 0x05, 0x38, 0x06, 0x58, 0x05, 0x2b, 0x3c, 0x05, 0x38, 0x3c, 0x05, 0x1a, 0x06,
  0x2f, 0x05, 0x17, 0x08, 0x1f, 0x05, 0x2b, 0x06, 0x3c, 0x05, 0x38, 0x74, 0x05, 0x2b, 0x3c, 0x05,
  0x38, 0x2e, 0x05, 0x1a, 0x06, 0x2f, 0x05, 0x17, 0x65, 0x05, 0x1a, 0x2f, 0x05, 0x17, 0x1f, 0x05,
  0x1a, 0x2f, 0x05, 0x2b, 0x2d, 0x05, 0x38, 0x06, 0x90, 0x05, 0x2b, 0x2e, 0x05, 0x38, 0x4a, 0x05,
  0x1a, 0x06, 0x21, 0x05, 0x17, 0xf1, 0x05, 0x2b, 0x06, 0x3c, 0x05, 0x38, 0x82, 0x05, 0x2b, 0x2e,
  0x05, 0x38, 0x3c, 0x05, 0x1a, 0x06, 0x21, 0x05, 0x17, 0x73, 0x05, 0x1a, 0x21, 0x05, 0x17, 0x2d,
  0x05, 0x1a, 0x21, 0x05, 0x2b, 0x3b, 0x05, 0x38, 0x06, 0x82, 0x05, 0x2b, 0x3c, 0x05, 0x38, 0x3c,
  0x05, 0x1a, 0x06, 0x2f, 0x05, 0x17, 0xf1, 0x05, 0x2b, 0x06, 0x3c, 0x05, 0x38, 0x74, 0x05, 0x2b,
  0x3c, 0x05, 0x38, 0x2e, 0x05, 0x1a, 0x06, 0x2f, 0x05, 0x17, 0x65, 0x05, 0x1a, 0x2f, 0x05, 0x17,
  0x1f, 0x05, 0x1a, 0x2f, 0x05, 0x2b, 0x2d, 0x05, 0x38, 0x06, 0x90, 0x05, 0x2b, 0x2e, 0x05, 0x38,
  0x4a, 0x05, 0x1a, 0x06, 0x21, 0x05, 0x17, 0xf1, 0x05, 0x2b, 0x06, 0x3c, 0x05, 0x38, 0x82, 0x05,
  0x2b, 0x2e, 0x05, 0x38, 0x3c, 0x05, 0x1a, 0x06, 0x21, 0x05, 0x17, 0x73, 0x05, 0x1a, 0x21, 0x05,
  0x17, 0x2d, 0x05, 0x1a, 0x21, 0x05, 0x2b, 0x3b, 0x05, 0x38, 0x06, 0x82, 0x05, 0x2b, 0x3c, 0x05,
  0x38, 0x3c, 0x05, 0x1a, 0x06, 0x2f, 0x05, 0x17, 0xf1, 0x05, 0x2b, 0x06, 0x3c, 0x05, 0x38, 0x74,
  0x05, 0x2b, 0x3c, 0x05, 0x38, 0x2e, 0x05, 0x1a, 0x06, 0x2f, 0x05, 0x17, 0x65, 0x05, 0x1a, 0x2f,
  0x05, 0x17, 0x1f, 0x05, 0x1a, 0x2f, 0x05, 0x2b, 0x2d, 0x05, 0x38, 0x06, 0x90, 0x05, 0x2b, 0x2e,
  0x05, 0x38, 0x4a, 0x05, 0x1a, 0x06, 0x21, 0x05, 0x17, 0xf1, 0x05, 0x2b, 0x06, 0x3c, 0x05, 0x38,
  0x82, 0x05, 0x2b, 0x2e, 0x05, 0x38, 0x3c, 0x05, 0x1a, 0x06, 0x21, 0x05, 0x17, 0x73, 0x05, 0x1a,
  0x21, 0x05, 0x17, 0x2d, 0x05, 0x1a, 0x21, 0x05, 0x2b, 0x3b, 0x05, 0x38, 0x06, 0x82, 0x05, 0x2b,
  0x3c, 0x05, 0x38, 0x3c, 0x05, 0x1a, 0x06, 0x2f, 0x05, 0x17, 0xf1, 0x05, 0x2b, 0x06, 0x3c, 0x05,
  0x38, 0x74, 0x05, 0x2b, 0x3c, 0x05, 0x38, 0x2e, 0x05, 0x1a, 0x06, 0x2f, 0x05, 0x17, 0x65, 0x05,
  0x1a, 0x2f, 0x05, 0x17, 0x1f, 0x05, 0x1a, 0x2f, 0x05, 0x2b, 0x2d, 0x05, 0x38, 0x06, 0x90, 0x05,
  0x2b, 0x2e, 0x05, 0x38, 0x4a, 0x05, 0x1a, 0x06, 0x21, 0x05, 0x17, 0x81, 0x05, 0x1a, 0x21, 0x05,
  0x17, 0x2d, 0x05, 0x1a, 0x21, 0x05, 0x2b, 0x49, 0x05, 0x38, 0x06, 0x82, 0x05, 0x2b, 0x3c, 0x05,
  0x38, 0x3c, 0x05, 0x1a, 0x06, 0x2f, 0x05, 0x17, 0x73, 0x05, 0x1a, 0x2f, 0x05, 0x17, 0x1f, 0x05,
  0x1a, 0x2f, 0x05, 0x2b, 0x3b, 0x05, 0x1a, 0x4b, 0x05, 0x2b, 0x3b, 0x05, 0x38, 0x06, 0x58, 0x05,
  0x2b, 0x3c, 0x05, 0x38, 0x3c, 0x05, 0x1a, 0x06, 0x2f, 0x05, 0x17, 0xf1, 0x05, 0x2b, 0x06, 0x3c,
  0x05, 0x38, 0x74, 0x05, 0x2b, 0x3c, 0x05, 0x38, 0x2e, 0x05, 0x1a, 0x06, 0x2f, 0x05, 0x17, 0x65,
  0x05, 0x1a, 0x2f, 0x05, 0x17, 0x1f, 0x05, 0x1a, 0x2f, 0x05, 0x2b, 0x2d, 0x05, 0x38, 0x06, 0x90,
  0x05, 0x2b, 0x2e, 0x05, 0x38, 0x4a, 0x05, 0x1a, 0x06, 0x21, 0x05, 0x17, 0xf1, 0x05, 0x2b, 0x06,
  0x3c, 0x05, 0x38, 0x82, 0x05, 0x2b, 0x2e, 0x05, 0x38, 0x3c, 0x05, 0x1a, 0x06, 0x21, 0x05, 0x17,
  0x73, 0x05, 0x1a, 0x21, 0x05, 0x17, 0x2d, 0x05, 0x1a, 0x21, 0x05, 0x2b, 0x3b, 0x05, 0x38, 0x06,
  0x82, 0x05, 0x2b, 0x3c, 0x05, 0x38, 0x3c, 0x05, 0x1a, 0x06, 0x2f, 0x05, 0x17, 0xf1, 0x05, 0x2b,
  0x06, 0x3c, 0x05, 0x38, 0x74, 0x05, 0x2b, 0x3c, 0x05, 0x38, 0x2e, 0x05, 0x1a, 0x06, 0x2f, 0x05,
  0x17, 0x65, 0x05, 0x1a, 0x2f, 0x05, 0x17, 0x1f, 0x05, 0x1a, 0x2f, 0x05, 0x2b, 0x2d, 0x05, 0x38,
  0x06, 0x90, 0x05, 0x2b, 0x2e, 0x05, 0x38, 0x4a, 0x05, 0x1a, 0x06, 0x21, 0x05, 0x17, 0xf1, 0x05,
  0x2b, 0x06, 0x3c, 0x05, 0x38, 0x82, 0x05, 0x2b, 0x2e, 0x05, 0x38, 0x3c, 0x05, 0x1a, 0x06, 0x21,
  0x05, 0x17, 0x73, 0x05, 0x1a, 0x21, 0x05, 0x17, 0x2d, 0x05, 0x1a, 0x21, 0x05, 0x2b, 0x3b, 0x05,
  0x38, 0x06, 0x82, 0x05, 0x2b, 0x3c, 0x05, 0x38, 0x3c, 0x05, 0x1a, 0x06, 0x2f, 0x05, 0x17, 0xf1,
  0x05, 0x2b, 0x06, 0x3c, 0x05, 0x38, 0x74, 0x05, 0x2b, 0x3c, 0x05, 0x38, 0x2e, 0x05, 0x1a, 0x06,
  0x2f, 0x05, 0x17, 0x65, 0x05, 0x1a, 0x2f, 0x05, 0x17, 0x1f, 0x05, 0x1a, 0x2f, 0x05, 0x2b, 0x2d,
  0x05, 0x38, 0x06, 0x90, 0x05, 0x2b, 0x2e, 0x05, 0x38, 0x4a, 0x05, 0x1a, 0x06, 0x21, 0x05, 0x17,
  0xf1, 0x05, 0x2b, 0x06, 0x3c, 0x05, 0x38, 0x82, 0x05, 0x2b, 0x2e, 0x05, 0x38, 0x3c, 0x05, 0x1a,
  0x06, 0x21, 0x05, 0x17, 0x73, 0x05, 0x1a, 0x21, 0x05, 0x17, 0x2d, 0x05, 0x1a, 0x21, 0x05, 0x2b,
  0x3b, 0x05, 0x38, 0x06, 0x82, 0x05, 0x2b, 0x3c, 0x05, 0x38, 0x3c, 0x05, 0x1a, 0x06, 0x2f, 0x05,
  0x17, 0xf1, 0x05, 0x2b, 0x06, 0x3c, 0x05, 0x38, 0x74, 0x05, 0x2b, 0x3c, 0x05, 0x38, 0x2e, 0x05,
  0x1a, 0x06, 0x2f, 0x05, 0x17, 0x65, 0x05, 0x1a, 0x2f, 0x05, 0x17, 0x1f, 0x05, 0x1a, 0x2f, 0x05,
  0x2b, 0x2d, 0x05, 0x38, 0x06, 0x90, 0x05, 0x2b, 0x2e, 0x05, 0x38, 0x4a, 0x05, 0x1a, 0x06, 0x21,
  0x05, 0x17, 0x81, 0x05, 0x1a, 0x21, 0x05, 0x17, 0x2d, 0x05, 0x1a, 0x21, 0x05, 0x2b, 0x49, 0x05,
  0x38, 0x06, 0x82, 0x05, 0x2b, 0x3c, 0x05, 0x38, 0x3c, 0x05, 0x1a, 0x06, 0x2f, 0x05, 0x17, 0x73,
  0x05, 0x1a, 0x2f, 0x05, 0x17, 0x1f, 0x05, 0x1a, 0x2f, 0x05, 0x2b, 0x3b, 0x05, 0x1a, 0x4b, 0x05,
  0x2b, 0x3b, 0x05, 0x38, 0x06, 0x58, 0x05, 0x2b, 0x3c, 0x05, 0x38, 0x3c, 0x05, 0x1a, 0x06, 0x2f,
  0x05, 0x17, 0xf1, 0x05, 0x2b, 0x06, 0x3c, 0x05, 0x38, 0x74, 0x05, 0x2b, 0x3c, 0x05, 0x38, 0x2e,
  0x05, 0x1a, 0x06, 0x2f, 0x05, 0x17, 0x65, 0x05, 0x1a, 0x2f, 0x05, 0x17, 0x1f, 0x05, 0x1a, 0x2f,
  0x05, 0x2b, 0x2d, 0x05, 0x38, 0x06, 0x90, 0x05, 0x2b, 0x2e, 0x05, 0x38, 0x4a, 0x05, 0x1a, 0x06,
  0x21, 0x05, 0x17, 0xf1, 0x05, 0x2b, 0x06, 0x3c, 0x05, 0x38, 0x82, 0x05, 0x2b, 0x2e, 0x05, 0x38,
  0x3c, 0x05, 0x1a, 0x06, 0x21, 0x05, 0x17, 0x73, 0x05, 0x1a, 0x21, 0x05, 0x17, 0x2d, 0x05, 0x1a,
  0x21, 0x05, 0x2b, 0x3b, 0x05, 0x38, 0x06, 0x82, 0x05, 0x2b, 0x3c, 0x05, 0x38, 0x3c, 0x05, 0x1a,
  0x06, 0x2f, 0x05, 0x17, 0xf1, 0x05, 0x2b, 0x06, 0x3c, 0x05, 0x38, 0x74, 0x05, 0x2b, 0x3c, 0x05,
  0x38, 0x2e, 0x05, 0x1a, 0x06, 0x2f, 0x05, 0x17, 0x65, 0x05, 0x1a, 0x2f, 0x05, 0x17, 0x1f, 0x05,
  0x1a, 0x2f, 0x05, 0x2b, 0x2d, 0x05, 0x38, 0x06, 0x90, 0x05, 0x2b, 0x2e, 0x05, 0x38, 0x4a, 0x05,
  0x1a, 0x06, 0x21, 0x05, 0x17, 0xf1, 0x05, 0x2b, 0x06, 0x3c, 0x05, 0x38, 0x82, 0x05, 0x2b, 0x2e,
  0x05, 0x38, 0x3c, 0x05, 0x1a, 0x06, 0x21, 0x05, 0x17, 0x73, 0x05, 0x1a, 0x21, 0x05, 0x17, 0x2d,
  0x05, 0x1a, 0x21, 0x05, 0x2b, 0x3b, 0x05, 0x38, 0x06, 0x82, 0x05, 0x2b, 0x3c, 0x05, 0x38, 0x3c,
  0x05, 0x1a, 0x06, 0x2f, 0x05, 0x17, 0xf1, 0x05, 0x2b, 0x06, 0x3c, 0x05, 0x38, 0x74, 0x05, 0x2b,
  0x3c, 0x05, 0x38, 0x2e, 0x05, 0x1a, 0x06, 0x2f, 0x05, 0x17, 0x65, 0x05, 0x1a, 0x2f, 0x05, 0x17,
  0x1f, 0x05, 0x1a, 0x2f, 0x05, 0x2b, 0x2d, 0x05, 0x38, 0x06, 0x9e, 0x05, 0x2b, 0x2e, 0x05, 0x38,
  0x4a, 0x05, 0x1a, 0x06, 0x21, 0x05, 0x2b, 0xf1, 0x05, 0x38, 0x06, 0x74, 0x05, 0x2b, 0x2e, 0x05,
  0x38, 0x3c, 0x05, 0x1a, 0x06, 0x21, 0x05, 0x17, 0x73, 0x05, 0x1a, 0x21, 0x05, 0x17, 0x2d, 0x05,
  0x2b, 0x06, 0x3c, 0x05, 0x38, 0x90, 0x05, 0x2b, 0x2e, 0x05, 0x38, 0x4a, 0x05, 0x1a, 0x06, 0x21,
  0x05, 0x17, 0xf1, 0x05, 0x2b, 0x06, 0x3c, 0x05, 0x38, 0x82, 0x05, 0x2b, 0x2e, 0x05, 0x38, 0x3c,
  0x05, 0x1a, 0x06, 0x21, 0x05, 0x17, 0x73, 0x05, 0x1a, 0x21, 0x05, 0x17, 0x2d, 0x05, 0x2b, 0x06,
  0x3c, 0x05, 0x38, 0x90, 0x05, 0x2b, 0x2e, 0x05, 0x38, 0x4a, 0x05, 0x1a, 0x06, 0x21, 0x05, 0x17,
  0x81, 0x05, 0x1a, 0x21, 0x05, 0x17, 0x2d, 0x05, 0x1a, 0x21, 0x05, 0x2b, 0x49, 0x05, 0x38, 0x06,
  0x82, 0x05, 0x2b, 0x3c, 0x05, 0x38, 0x3c, 0x05, 0x1a, 0x06, 0x2f, 0x05, 0x17, 0x73, 0x05, 0x1a,
  0x2f, 0x05, 0x17, 0x1f, 0x05, 0x1a, 0x2f, 0x05, 0x2b, 0x3b, 0x05, 0x1a, 0x4b, 0x05, 0x2b, 0x3b,
  0x05, 0x38, 0x06, 0x58, 0x05, 0x2b, 0x3c, 0x05, 0x38, 0x3c, 0x05, 0x1a, 0x06, 0x2f, 0x05, 0x17,
  0xf1, 0x05, 0x2b, 0x06, 0x3c, 0x05, 0x38, 0x74, 0x05, 0x2b, 0x3c, 0x05, 0x38, 0x2e, 0x05, 0x1a,
  0x06, 0x2f, 0x05, 0x17, 0x65, 0x05, 0x1a, 0x2f, 0x05, 0x17, 0x1f, 0x05, 0x2b, 0x06, 0x4a, 0x05,
  0x38, 0x82, 0x05, 0x2b, 0x3c, 0x05, 0x38, 0x3c, 0x05, 0x1a, 0x06, 0x2f, 0x05, 0x17, 0xf1, 0x05,
  0x2b, 0x06, 0x3c, 0x05, 0x38, 0x74, 0x05, 0x2b, 0x3c, 0x05, 0x38, 0x2e, 0x05, 0x1a, 0x06, 0x2f,
  0x05, 0x17, 0x65, 0x05, 0x1a, 0x2f, 0x05, 0x17, 0x1f, 0x05, 0x2b, 0x06, 0x4a, 0x05, 0x38, 0x82,
  0x05, 0x2b, 0x3c, 0x05, 0x38, 0x3c, 0x05, 0x1a, 0x06, 0x2f, 0x05, 0x17, 0xf1, 0x05, 0x2b, 0x06,
  0x3c, 0x05, 0x38, 0x74, 0x05, 0x2b, 0x3c, 0x05, 0x38, 0x2e, 0x05, 0x1a, 0x06, 0x2f, 0x05, 0x17,
  0x65, 0x05, 0x1a, 0x2f, 0x05, 0x17, 0x1f, 0x05, 0x2b, 0x06, 0x4a, 0x05, 0x38, 0x82, 0x05, 0x2b,
  0x3c, 0x05, 0x38, 0x3c, 0x05, 0x1a, 0x06, 0x2f, 0x05, 0x17, 0xf1, 0x05, 0x2b, 0x06, 0x3c, 0x05,
  0x38, 0x74, 0x05, 0x2b, 0x3c, 0x05, 0x38, 0x2e, 0x05, 0x1a, 0x06, 0x2f, 0x05, 0x17, 0x65, 0x05,
  0x1a, 0x2f, 0x05, 0x17, 0x1f, 0x05, 0x2b, 0x06, 0x4a, 0x05, 0x38, 0x82, 0x05, 0x2b, 0x3c, 0x05,
  0x38, 0x3c, 0x05, 0x1a, 0x06, 0x2f, 0x05, 0x17, 0xf1, 0x05, 0x2b, 0x06, 0x3c, 0x05, 0x38, 0x74,
  0x05, 0x2b, 0x3c, 0x05, 0x38, 0x2e, 0x05, 0x1a, 0x06, 0x2f, 0x05, 0x17, 0x65, 0x05, 0x1a, 0x2f,
  0x05, 0x17, 0x1f, 0x05, 0x2b, 0x06, 0x4a, 0x05, 0x38, 0x82, 0x05, 0x2b, 0x3c, 0x05, 0x38, 0x3c,
  0x05, 0x1a, 0x06, 0x2f, 0x05, 0x17, 0xf1, 0x05, 0x2b, 0x06, 0x3c, 0x05, 0x38, 0x74, 0x05, 0x2b,
  0x3c, 0x05, 0x38, 0x2e, 0x05, 0x1a, 0x06, 0x2f, 0x05, 0x17, 0x65, 0x05, 0x1a, 0x2f, 0x05, 0x17,
  0x1f, 0x05, 0x2b, 0x06, 0x4a, 0x05, 0x38, 0x82, 0x05, 0x2b, 0x3c, 0x05, 0x38, 0x3c, 0x05, 0x1a,
  0x06, 0x2f, 0x05, 0x16, 0xf3, 0x06, 0x03, 0x95, 0x7f, 0x2e, 0x05, 0x1d, 0x03, 0xeb, 0x00, 0x02,
  0x28, 0x01, 0x05, 0x16, 0x02, 0xb0, 0x01, 0x12, 0x05, 0x1d, 0xba, 0x05, 0x16, 0x9e, 0x05, 0x1d,
  0x2e, 0x05, 0x16, 0x2e, 0x03, 0x95, 0x7f, 0x02, 0x24, 0x01, 0x03, 0xeb, 0x00, 0x20, 0x03, 0x95,
  0x7f, 0x74, 0x05, 0x1d, 0x03, 0xeb, 0x00, 0x02, 0x28, 0x01, 0x05, 0x00, 0x03, 0x95, 0x7f, 0x02,
  0x38, 0x01, 0x05, 0x1d, 0x03, 0xeb, 0x00, 0x2e, 0x05, 0x00, 0x03, 0x95, 0x7f, 0x4a, 0x05, 0x1d,
  0x03, 0xeb, 0x00, 0x2e, 0x05, 0x00, 0x03, 0x95, 0x7f, 0x4a, 0x05, 0x1d, 0x03, 0xeb, 0x00, 0x2e,
  0x05, 0x00, 0x03, 0x95, 0x7f, 0x90, 0x05, 0x1d, 0x03, 0xeb, 0x00, 0x2e, 0x05, 0x16, 0x02, 0x67,
  0x12, 0x03, 0x95, 0x7f, 0x08, 0xf2, 0x03, 0xeb, 0x00, 0x20, 0x03, 0x95, 0x7f, 0x74, 0x05, 0x1d,
  0x03, 0xeb, 0x00, 0x02, 0x28, 0x01, 0x05, 0x16, 0x02, 0xba, 0x01, 0x12, 0x03, 0x95, 0x7f, 0x08,
  0xf2, 0x03, 0xeb, 0x00, 0x20, 0x03, 0x95, 0x7f, 0xe4, 0x05, 0x1d, 0x03, 0xeb, 0x00, 0x02, 0x2d,
  0x01, 0x05, 0x16, 0x02, 0x92, 0x01, 0x12, 0x03, 0x95, 0x7f, 0x08, 0xf2, 0x06, 0x03, 0xe7, 0x00,
  0x20, 0x05, 0x49, 0x02, 0xaa, 0x02, 0x14, 0x05, 0x17, 0x06, 0x4a, 0x05, 0x2b, 0x02, 0x98, 0x01,
  0x12, 0x05, 0x17, 0x3c, 0x05, 0x2b, 0x4a, 0x05, 0x17, 0x3c, 0x05, 0x2b, 0xc8, 0x05, 0x17, 0x2e,
  0x05, 0x2b, 0x02, 0xde, 0x02, 0x12, 0x05, 0x17, 0x4a, 0x05, 0x2b, 0x02, 0x87, 0x01, 0x12, 0x05,
  0x17, 0x2e, 0x05, 0x2b, 0x2e, 0x05, 0x38, 0x58, 0x05, 0x2b, 0x3c, 0x05, 0x38, 0x2e, 0x05, 0x1a,
  0x06, 0x2f, 0x05, 0x2b, 0x65, 0x05, 0x1a, 0x2f, 0x05, 0x2b, 0x1f, 0x05, 0x38, 0x06, 0x58, 0x05,
  0x2b, 0x3c, 0x05, 0x38, 0x3c, 0x05, 0x1a, 0x06, 0x2f, 0x05, 0x2b, 0x73, 0x05, 0x1a, 0x2f, 0x05,
  0x2b, 0x1f, 0x05, 0x38, 0x06, 0x58, 0x05, 0x2b, 0x3c, 0x05, 0x38, 0x3c, 0x05, 0x1a, 0x06, 0x2f,
  0x05, 0x2b, 0x73, 0x05, 0x1a, 0x2f, 0x05, 0x2b, 0x1f, 0x05, 0x1a, 0x2f, 0x05, 0x2b, 0x3b, 0x05,
  0x38, 0x06, 0x66, 0x05, 0x2b, 0x2e, 0x05, 0x38, 0x4a, 0x05, 0x1a, 0x06, 0x21, 0x05, 0x2b, 0x08,
  0x1f, 0x05, 0x1a, 0x59, 0x05, 0x2b, 0x65, 0x05, 0x38, 0x06, 0x74, 0x05, 0x2b, 0x2e, 0x05, 0x38,
  0x3c, 0x05, 0x1a, 0x06, 0x21, 0x05, 0x2b, 0x73, 0x05, 0x1a, 0x21, 0x05, 0x2b, 0x2d, 0x05, 0x38,
  0x06, 0x58, 0x05, 0x2b, 0x2e, 0x05, 0x38, 0x4a, 0x05, 0x1a, 0x06, 0x21, 0x05, 0x2b, 0xe3, 0x05,
  0x1a, 0x3d, 0x05, 0x2b, 0x3b, 0x05, 0x38, 0x06, 0x74, 0x05, 0x2b, 0x2e, 0x05, 0x38, 0x3c, 0x05,
  0x1a, 0x06, 0x21, 0x05, 0x2b, 0x73, 0x05, 0x1a, 0x21, 0x05, 0x2b, 0x2d, 0x05, 0x38, 0x06, 0x58,
  0x05, 0x2b, 0x2e, 0x05, 0x38, 0x4a, 0x05, 0x1a, 0x06, 0x21, 0x05, 0x2b, 0xe3, 0x05, 0x1a, 0x3d,
  0x05, 0x2b, 0x3b, 0x05, 0x38, 0x06, 0x74, 0x05, 0x2b, 0x2e, 0x05, 0x38, 0x3c, 0x05, 0x1a, 0x06,
  0x21, 0x05, 0x2b, 0x73, 0x05, 0x1a, 0x21, 0x05, 0x2b, 0x2d, 0x05, 0x38, 0x06, 0x58, 0x05, 0x2b,
  0x2e, 0x05, 0x38, 0x4a, 0x05, 0x1a, 0x06, 0x21, 0x05, 0x2b, 0xe3, 0x05, 0x1a, 0x3d, 0x05, 0x2b,
  0x3b, 0x05, 0x38, 0x06, 0x74, 0x05, 0x2b, 0x2e, 0x05, 0x38, 0x3c, 0x05, 0x1a, 0x06, 0x21, 0x05,
  0x2b, 0x73, 0x05, 0x1a, 0x21, 0x05, 0x2b, 0x2d, 0x05, 0x38, 0x06, 0x58, 0x05, 0x2b, 0x2e, 0x05,
  0x38, 0x4a, 0x05, 0x1a, 0x06, 0x21, 0x05, 0x2b, 0xe3, 0x05, 0x1a, 0x3d, 0x05, 0x2b, 0x3b, 0x05,
  0x38, 0x06, 0x74, 0x05, 0x2b, 0x2e, 0x05, 0x38, 0x3c, 0x05, 0x1a, 0x06, 0x21, 0x05, 0x2b, 0x73,
  0x05, 0x1a, 0x21, 0x05, 0x2b, 0x2d, 0x05, 0x38, 0x06, 0x58, 0x05, 0x2b, 0x2e, 0x05, 0x38, 0x4a,
  0x05, 0x1a, 0x06, 0x21, 0x05, 0x2b, 0xe3, 0x05, 0x1a, 0x3d, 0x05, 0x2b, 0x3b, 0x05, 0x38, 0x06,
  0x74, 0x05, 0x2b, 0x2e, 0x05, 0x38, 0x3c, 0x05, 0x1a, 0x06, 0x21, 0x05, 0x2b, 0x73, 0x05, 0x1a,
  0x21, 0x05, 0x2b, 0x2d, 0x05, 0x38, 0x06, 0x58, 0x05, 0x2b, 0x2e, 0x05, 0x38, 0x4a, 0x05, 0x1a,
  0x06, 0x21, 0x05, 0x2b, 0xe3, 0x05, 0x1a, 0x3d, 0x05, 0x2b, 0x3b, 0x05, 0x38, 0x06, 0x74, 0x05,
  0x2b, 0x2e, 0x05, 0x38, 0x3c, 0x05, 0x1a, 0x06, 0x21, 0x05, 0x2b, 0x73, 0x05, 0x1a, 0x21, 0x05,
  0x2b, 0x57, 0x05, 0x38, 0x06, 0x58, 0x05, 0x2b, 0x2e, 0x05, 0x38, 0x4a, 0x05, 0x1a, 0x06, 0x21,
  0x05, 0x2b, 0x81, 0x05, 0x1a, 0x21, 0x05, 0x2b, 0x2d, 0x05, 0x1a, 0x21, 0x05, 0x2b, 0x49, 0x05,
  0x38, 0x06, 0x58, 0x05, 0x2b, 0x3c, 0x05, 0x38, 0x3c, 0x05, 0x1a, 0x06, 0x2f, 0x05, 0x2b, 0x73,
  0x05, 0x1a, 0x2f, 0x05, 0x2b, 0x1f, 0x05, 0x1a, 0x2f, 0x05, 0x2b, 0x3b, 0x05, 0x38, 0x06, 0x66,
  0x05, 0x2b, 0x2e, 0x05, 0x38, 0x4a, 0x05, 0x1a, 0x06, 0x21, 0x05, 0x2b, 0xf1, 0x05, 0x1a, 0x2f,
  0x05, 0x2b, 0x3b, 0x05, 0x38, 0x06, 0x74, 0x05, 0x2b, 0x2e, 0x05, 0x38, 0x3c, 0x05, 0x1a, 0x06,
  0x21, 0x05, 0x2b, 0x73, 0x05, 0x1a, 0x21, 0x05, 0x2b, 0x57, 0x05, 0x38, 0x06, 0x58, 0x05, 0x2b,
  0x2e, 0x05, 0x38, 0x4a, 0x05, 0x1a, 0x06, 0x21, 0x05, 0x2b, 0xc7, 0x05, 0x1a, 0x2f, 0x05, 0x2b,
  0x3b, 0x05, 0x38, 0x06, 0x74, 0x05, 0x2b, 0x2e, 0x05, 0x38, 0x3c, 0x05, 0x1a, 0x06, 0x21, 0x05,
  0x2b, 0x73, 0x05, 0x1a, 0x21, 0x05, 0x2b, 0x57, 0x05, 0x38, 0x06, 0x58, 0x05, 0x2b, 0x2e, 0x05,
  0x38, 0x4a, 0x05, 0x1a, 0x06, 0x21, 0x05, 0x2b, 0xc7, 0x05, 0x1a, 0x2f, 0x05, 0x2b, 0x3b, 0x05,
  0x38, 0x06, 0x74, 0x05, 0x2b, 0x2e, 0x05, 0x38, 0x3c, 0x05, 0x1a, 0x06, 0x21, 0x05, 0x2b, 0x73,
  0x05, 0x1a, 0x21, 0x05, 0x2b, 0x57, 0x05, 0x38, 0x06, 0x58, 0x05, 0x2b, 0x2e, 0x05, 0x38, 0x4a,
  0x05, 0x1a, 0x06, 0x21, 0x05, 0x2b, 0xc7, 0x05, 0x1a, 0x2f, 0x05, 0x2b, 0x3b, 0x05, 0x38, 0x06,
  0x74, 0x05, 0x2b, 0x2e, 0x05, 0x38, 0x3c, 0x05, 0x1a, 0x06, 0x21, 0x05, 0x2b, 0x73, 0x05, 0x1a,
  0x21, 0x05, 0x2b, 0x57, 0x05, 0x38, 0x06, 0x58, 0x05, 0x2b, 0x2e, 0x05, 0x38, 0x4a, 0x05, 0x1a,
  0x06, 0x21, 0x05, 0x2b, 0xc7, 0x05, 0x1a, 0x2f, 0x05, 0x2b, 0x3b, 0x05, 0x38, 0x06, 0x74, 0x05,
  0x2b, 0x2e, 0x05, 0x38, 0x3c, 0x05, 0x1a, 0x06, 0x21, 0x05, 0x2b, 0x73, 0x05, 0x1a, 0x21, 0x05,
  0x2b, 0x57, 0x05, 0x38, 0x06, 0x58, 0x05, 0x2b, 0x2e, 0x05, 0x38, 0x4a, 0x05, 0x1a, 0x06, 0x21,
  0x05, 0x2b, 0xc7, 0x05, 0x1a, 0x2f, 0x05, 0x2b, 0x3b, 0x05, 0x38, 0x06, 0x74, 0x05, 0x2b, 0x2e,
  0x05, 0x38, 0x3c, 0x05, 0x1a, 0x06, 0x21, 0x05, 0x2b, 0x73, 0x05, 0x1a, 0x21, 0x05, 0x2b, 0x2d,
  0x05, 0x38, 0x06, 0x58, 0x05, 0x2b, 0x2e, 0x05, 0x38, 0x4a, 0x05, 0x1a, 0x06, 0x21, 0x05, 0x2b,
  0xe3, 0x05, 0x1a, 0x3d, 0x05, 0x2b, 0x3b, 0x05, 0x38, 0x06, 0x74, 0x05, 0x2b, 0x2e, 0x05, 0x38,
  0x3c, 0x05, 0x1a, 0x06, 0x21, 0x05, 0x2b, 0x73, 0x05, 0x1a, 0x21, 0x05, 0x2b, 0x57, 0x05, 0x38,
  0x06, 0x58, 0x05, 0x2b, 0x2e, 0x05, 0x38, 0x4a, 0x05, 0x1a, 0x06, 0x21, 0x05, 0x2b, 0x81, 0x05,
  0x1a, 0x21, 0x05, 0x2b, 0x2d, 0x05, 0x1a, 0x21, 0x05, 0x2b, 0x49, 0x05, 0x38, 0x06, 0x58, 0x05,
  0x2b, 0x3c, 0x05, 0x38, 0x3c, 0x05, 0x1a, 0x06, 0x2f, 0x05, 0x2b, 0x73, 0x05, 0x1a, 0x2f, 0x05,
  0x2b, 0x1f, 0x05, 0x1a, 0x2f, 0x05, 0x2b, 0x3b, 0x05, 0x38, 0x06, 0x66, 0x05, 0x2b, 0x2e, 0x05,
  0x38, 0x4a, 0x05, 0x1a, 0x06, 0x21, 0x05, 0x2b, 0xf1, 0x05, 0x1a, 0x2f, 0x05, 0x2b, 0x3b, 0x05,
  0x38, 0x06, 0x74, 0x05, 0x2b, 0x2e, 0x05, 0x38, 0x3c, 0x05, 0x1a, 0x06, 0x21, 0x05, 0x2b, 0x73,
  0x05, 0x1a, 0x21, 0x05, 0x2b, 0x57, 0x05, 0x38, 0x06, 0x58, 0x05, 0x2b, 0x2e, 0x05, 0x38, 0x4a,
  0x05, 0x1a, 0x06, 0x21, 0x05, 0x2b, 0xc7, 0x05, 0x1a, 0x2f, 0x05, 0x2b, 0x3b, 0x05, 0x38, 0x06,
  0x74, 0x05, 0x2b, 0x2e, 0x05, 0x38, 0x3c, 0x05, 0x1a, 0x06, 0x21, 0x05, 0x2b, 0x73, 0x05, 0x1a,
  0x21, 0x05, 0x2b, 0x57, 0x05, 0x38, 0x06, 0x58, 0x05, 0x2b, 0x2e, 0x05, 0x38, 0x4a, 0x05, 0x1a,
  0x06, 0x21, 0x05, 0x2b, 0xc7, 0x05, 0x1a, 0x2f, 0x05, 0x2b, 0x3b, 0x05, 0x38, 0x06, 0x74, 0x05,
  0x2b, 0x2e, 0x05, 0x38, 0x3c, 0x05, 0x1a, 0x06, 0x21, 0x05, 0x2b, 0x73, 0x05, 0x1a, 0x21, 0x05,
  0x2b, 0x57, 0x05, 0x38, 0x06, 0x58, 0x05, 0x2b, 0x2e, 0x05, 0x38, 0x4a, 0x05, 0x1a, 0x06, 0x21,
  0x05, 0x2b, 0xc7, 0x05, 0x1a, 0x2f, 0x05, 0x2b, 0x3b, 0x05, 0x38, 0x06, 0x74, 0x05, 0x2b, 0x2e,
  0x05, 0x38, 0x3c, 0x05, 0x1a, 0x06, 0x21, 0x05, 0x2b, 0x73, 0x05, 0x1a, 0x21, 0x05, 0x2b, 0x2d,
  0x05, 0x38, 0x06, 0x58, 0x05, 0x2b, 0x2e, 0x05, 0x38, 0x4a, 0x05, 0x1a, 0x06, 0x21, 0x05, 0x2b,
  0xe3, 0x05, 0x1a, 0x3d, 0x05, 0x2b, 0x3b, 0x05, 0x38, 0x06, 0x74, 0x05, 0x2b, 0x2e, 0x05, 0x38,
  0x3c, 0x05, 0x1a, 0x06, 0x21, 0x05, 0x2b, 0x73, 0x05, 0x1a, 0x21, 0x05, 0x2b, 0x2d, 0x05, 0x38,
  0x06, 0x58, 0x05, 0x2b, 0x2e, 0x05, 0x38, 0x4a, 0x05, 0x1a, 0x06, 0x21, 0x05, 0x2b, 0xe3, 0x05,
  0x1a, 0x3d, 0x05, 0x2b, 0x3b, 0x05, 0x38, 0x06, 0x74, 0x05, 0x2b, 0x2e, 0x05, 0x38, 0x3c, 0x05,
  0x1a, 0x06, 0x21, 0x05, 0x2b, 0x73, 0x05, 0x1a, 0x21, 0x05, 0x2b, 0x2d, 0x05, 0x38, 0x06, 0x58,
  0x05, 0x2b, 0x2e, 0x05, 0x38, 0x4a, 0x05, 0x1a, 0x06, 0x21, 0x05, 0x2b, 0xe3, 0x05, 0x1a, 0x3d,
  0x05, 0x2b, 0x3b, 0x05, 0x38, 0x06, 0x74, 0x05, 0x2b, 0x2e, 0x05, 0x38, 0x3c, 0x05, 0x1a, 0x06,
  0x21, 0x05, 0x2b, 0x73, 0x05, 0x1a, 0x21, 0x05, 0x2b, 0x57, 0x05, 0x38, 0x06, 0x58, 0x05, 0x2b,
  0x2e, 0x05, 0x38, 0x4a, 0x05, 0x1a, 0x06, 0x21, 0x05, 0x2b, 0x81, 0x05, 0x1a, 0x21, 0x05, 0x2b,
  0x2d, 0x05, 0x1a, 0x21, 0x05, 0x2b, 0x49, 0x05, 0x38, 0x06, 0x58, 0x05, 0x2b, 0x3c, 0x05, 0x38,
  0x3c, 0x05, 0x1a, 0x06, 0x2f, 0x05, 0x2b, 0x73, 0x05, 0x1a, 0x2f, 0x05, 0x2b, 0x1f, 0x05, 0x1a,
  0x2f, 0x05, 0x2b, 0x3b, 0x05, 0x38, 0x06, 0x66, 0x05, 0x2b, 0x2e, 0x05, 0x38, 0x4a, 0x05, 0x1a,
  0x06, 0x21, 0x05, 0x2b, 0xc7, 0x05, 0x1a, 0x2f, 0x05, 0x2b, 0x65, 0x05, 0x38, 0x06, 0x82, 0x05,
  0x2b, 0x2e, 0x05, 0x38, 0x66, 0x05, 0x2b, 0x3c, 0x05, 0x38, 0x66, 0x05, 0x2b, 0x2e, 0x05, 0x38,
  0x58, 0x05, 0x2b, 0x3c, 0x05, 0x38, 0x58, 0x05, 0x2b, 0x20, 0x05, 0x38, 0x74, 0x05, 0x2b, 0x2e,
  0x05, 0x38, 0x66, 0x05, 0x2b, 0x20, 0x05, 0x38, 0x66, 0x05, 0x2b, 0x3c, 0x05, 0x38, 0x58, 0x05,
  0x2b, 0x20, 0x05, 0x38, 0x74, 0x05, 0x2b, 0x2e, 0x05, 0x38, 0x66, 0x05, 0x2b, 0x20, 0x05, 0x38,
  0x66, 0x05, 0x2b, 0x3c, 0x05, 0x38, 0x58, 0x05, 0x2b, 0x20, 0x05, 0x38, 0x74, 0x05, 0x2b, 0x2e,
  0x05, 0x38, 0x66, 0x05, 0x2b, 0x20, 0x05, 0x38, 0x66, 0x05, 0x2b, 0x3c, 0x05, 0x38, 0x58, 0x05,
  0x2b, 0x20, 0x05, 0x38, 0x74, 0x05, 0x2b, 0x2e, 0x05, 0x38, 0x66, 0x05, 0x2b, 0x20, 0x05, 0x38,
  0x66, 0x05, 0x2b, 0x3c, 0x05, 0x38, 0x58, 0x05, 0x2b, 0x20, 0x05, 0x38, 0x82, 0x05, 0x2b, 0x2e,
  0x05, 0x38, 0xac, 0x05, 0x2b, 0x20, 0x05, 0x38, 0x20, 0x05, 0x2b, 0x3c, 0x05, 0x38, 0x58, 0x05,
  0x2b, 0x2e, 0x05, 0x38, 0x74, 0x05, 0x2b, 0x20, 0x05, 0x38, 0xac, 0x05, 0x2b, 0x58, 0x05, 0x38,
  0xba, 0x05, 0x2b, 0x20, 0x05, 0x38, 0xba, 0x05, 0x2b, 0x2e, 0x05, 0x38, 0x20, 0x05, 0x2b, 0x3c,
  0x05, 0x38, 0xba, 0x05, 0x2b, 0x20, 0x05, 0x38, 0x58, 0x05, 0x2b, 0x20, 0x05, 0x38, 0x4a, 0x05,
  0x2b, 0x2e, 0x05, 0x38, 0x66, 0x05, 0x2b, 0x2e, 0x05, 0x38, 0xac, 0x05, 0x2b, 0x20, 0x05, 0x38,
  0x66, 0x05, 0x2b, 0x3c, 0x05, 0x38, 0x58, 0x05, 0x2b, 0x20, 0x05, 0x38, 0x74, 0x05, 0x2b, 0x2e,
  0x05, 0x38, 0x66, 0x05, 0x2b, 0x20, 0x05, 0x38, 0x66, 0x05, 0x2b, 0x3c, 0x05, 0x38, 0x58, 0x05,
  0x2b, 0x20, 0x05, 0x38, 0x82, 0x05, 0x2b, 0x2e, 0x05, 0x38, 0x3c, 0x05, 0x2b, 0x3c, 0x05, 0x38,
  0x58, 0x05, 0x2b, 0x20, 0x05, 0x1a, 0x06, 0xbb, 0x05, 0x38, 0x3b, 0x05, 0x2b, 0x06, 0x58, 0x05,
  0x38, 0x90, 0x05, 0x2b, 0x20, 0x05, 0x38, 0x4a, 0x05, 0x1a, 0x06, 0x21, 0x05, 0x2b, 0x3b, 0x05,
  0x38, 0x06, 0x20, 0x05, 0x1a, 0x06, 0x2f, 0x05, 0x2b, 0x1f, 0x05, 0x1a, 0x83, 0x05, 0x38, 0x1f,
  0x05, 0x1a, 0x4b, 0x05, 0x2b, 0x3b, 0x05, 0x38, 0x06, 0x66, 0x05, 0x2b, 0x20, 0x05, 0x38, 0xba,
  0x05, 0x2b, 0x58, 0x05, 0x38, 0x66, 0x05, 0x2b, 0x20, 0x05, 0x38, 0x66, 0x05, 0x2b, 0x3c, 0x05,
  0x38, 0x58, 0x05, 0x2b, 0x20, 0x05, 0x38, 0x74, 0x05, 0x2b, 0x2e, 0x05, 0x38, 0x66, 0x05, 0x2b,
  0x20, 0x05, 0x38, 0x66, 0x05, 0x2b, 0x3c, 0x05, 0x38, 0x58, 0x05, 0x2b, 0x20, 0x05, 0x38, 0x74,
  0x05, 0x2b, 0x2e, 0x05, 0x38, 0x66, 0x05, 0x2b, 0x20, 0x05, 0x38, 0x66, 0x05, 0x2b, 0x3c, 0x05,
  0x38, 0x58, 0x05, 0x2b, 0x20, 0x05, 0x38, 0x74, 0x05, 0x2b, 0x2e, 0x05, 0x38, 0x66, 0x05, 0x2b,
  0x20, 0x05, 0x38, 0x66, 0x05, 0x2b, 0x3c, 0x05, 0x38, 0x58, 0x05, 0x2b, 0x20, 0x05, 0x38, 0x74,
  0x05, 0x2b, 0x2e, 0x05, 0x38, 0x66, 0x05, 0x2b, 0x20, 0x05, 0x38, 0x66, 0x05, 0x2b, 0x3c, 0x05,
  0x38, 0x58, 0x05, 0x2b, 0x20, 0x05, 0x38, 0x74, 0x05, 0x2b, 0x2e, 0x05, 0x38, 0x66, 0x05, 0x2b,
  0x20, 0x05, 0x38, 0x66, 0x05, 0x2b, 0x3c, 0x05, 0x38, 0x58, 0x05, 0x2b, 0x20, 0x05, 0x38, 0x74,
  0x05, 0x2b, 0x2e, 0x05, 0x38, 0x66, 0x05, 0x2b, 0x20, 0x05, 0x38, 0xba, 0x05, 0x2b, 0x58, 0x05,
  0x38, 0x66, 0x05, 0x2b, 0x20, 0x05, 0x38, 0xba, 0x05, 0x2b, 0x58, 0x05, 0x38, 0x66, 0x05, 0x2b,
  0x20, 0x05, 0x38, 0xba, 0x05, 0x2b, 0x58, 0x05, 0x38, 0x66, 0x05, 0x2b, 0x20, 0x05, 0x38, 0xba,
  0x05, 0x2b, 0x58, 0x05, 0x38, 0x66, 0x05, 0x2b, 0x20, 0x05, 0x38, 0xba, 0x05, 0x2b, 0x58, 0x05,
  0x38, 0xac, 0x05, 0x2b, 0x20, 0x05, 0x38, 0x20, 0x05, 0x2b, 0x20, 0x05, 0x1a, 0x06, 0xf3, 0x05,
  0x2b, 0x1f, 0x05, 0x38, 0x06, 0x4a, 0x05, 0x2b, 0x3c, 0x05, 0x38, 0x2e, 0x05, 0x2b, 0x2e, 0x05,
  0x38, 0x74, 0x05, 0x2b, 0x20, 0x05, 0x38, 0x74, 0x05, 0x2b, 0x2e, 0x05, 0x38, 0x4a, 0x05, 0x2b,
  0x2e, 0x05, 0x38, 0x66, 0x05, 0x2b, 0x20, 0x05, 0x38, 0x66, 0x05, 0x2b, 0x3c, 0x05, 0x38, 0x58,
  0x05, 0x2b, 0x20, 0x05, 0x38, 0x74, 0x05, 0x2b, 0x2e, 0x05, 0x38, 0x66, 0x05, 0x2b, 0x20, 0x05,
  0x38, 0x66, 0x05, 0x2b, 0x3c, 0x05, 0x38, 0x58, 0x05, 0x2b, 0x20, 0x05, 0x38, 0x74, 0x05, 0x2b,
  0x2e, 0x05, 0x38, 0x66, 0x05, 0x2b, 0x20, 0x05, 0x38, 0x66, 0x05, 0x2b, 0x3c, 0x05, 0x38, 0x58,
  0x05, 0x2b, 0x20, 0x05, 0x38, 0x74, 0x05, 0x2b, 0x2e, 0x05, 0x38, 0x66, 0x05, 0x2b, 0x20, 0x05,
  0x38, 0x66, 0x05, 0x2b, 0x3c, 0x05, 0x38, 0x58, 0x05, 0x2b, 0x20, 0x05, 0x38, 0x74, 0x05, 0x2b,
  0x2e, 0x05, 0x38, 0x66, 0x05, 0x2b, 0x20, 0x05, 0x38, 0x66, 0x05, 0x2b, 0x3c, 0x05, 0x38, 0x58,
  0x05, 0x2b, 0x2e, 0x05, 0x38, 0x58, 0x05, 0x2b, 0x20, 0x05, 0x1a, 0x06, 0x3d, 0x05, 0x2b, 0x2d,
  0x05, 0x1a, 0x3d, 0x05, 0x2b, 0x49, 0x05, 0x1a, 0x75, 0x05, 0x38, 0x1f, 0x05, 0x2b, 0x06, 0x58,
  0x05, 0x38, 0xac, 0x05, 0x2b, 0x3c, 0x05, 0x1a, 0x06, 0x75, 0x05, 0x38, 0x2d, 0x05, 0x2b, 0x06,
  0x3c, 0x05, 0x1a, 0x06, 0x59, 0x05, 0x2b, 0x49, 0x05, 0x38, 0x06, 0x3c, 0x05, 0x2b, 0x2e, 0x05,
  0x1a, 0x06, 0x3d, 0x05, 0x38, 0x2d, 0x05, 0x1a, 0x2f, 0x05, 0x38, 0x1f, 0x05, 0x2b, 0x06, 0x2e,
  0x05, 0x38, 0x58, 0x05, 0x2b, 0x20, 0x05, 0x38, 0x74, 0x05, 0x2b, 0x2e, 0x05, 0x38, 0x66, 0x05,
  0x2b, 0x20, 0x05, 0x38, 0x66, 0x05, 0x2b, 0x3c, 0x05, 0x38, 0x58, 0x05, 0x2b, 0x2e, 0x05, 0x38,
  0x74, 0x05, 0x2b, 0x2e, 0x05, 0x38, 0x66, 0x05, 0x2b, 0x20, 0x05, 0x38, 0x66, 0x05, 0x2b, 0x3c,
  0x05, 0x38, 0x58, 0x05, 0x2b, 0x2e, 0x05, 0x38, 0x74, 0x05, 0x2b, 0x2e, 0x05, 0x1a, 0x06, 0x3d,
  0x05, 0x38, 0x2d, 0x05, 0x2b, 0x06, 0x20, 0x05, 0x38, 0x66, 0x05, 0x2b, 0x3c, 0x05, 0x38, 0x3c,
  0x05, 0x2b, 0x20, 0x05, 0x38, 0x58, 0x05, 0x1a, 0x06, 0x2f, 0x05, 0x2b, 0x2d, 0x05, 0x1a, 0x4b,
  0x05, 0x38, 0x3b, 0x05, 0x1a, 0x3d, 0x05, 0x2b, 0x1f, 0x05, 0x38, 0x06, 0x4a, 0x05, 0x1a, 0x06,
  0x59, 0x05, 0x2b, 0x2d, 0x05, 0x1a, 0x4b, 0x05, 0x38, 0x3b, 0x05, 0x2b, 0x06, 0x20, 0x05, 0x1a,
  0x06, 0x2f, 0x05, 0x38, 0x65, 0x05, 0x1a, 0x21, 0x05, 0x16, 0x02, 0x8a, 0x06, 0x13, 0x06, 0x03,
  0x95, 0x7f, 0x58, 0x03, 0xeb, 0x00, 0x20, 0x03, 0x95, 0x7f, 0x2e, 0x03, 0xeb, 0x00, 0x20, 0x03,
  0x95, 0x7f, 0x2e, 0x03, 0xeb, 0x00, 0x20, 0x05, 0x04, 0x06, 0x03, 0x6b, 0x2e, 0x06, 0x03, 0xaa,
  0x7f, 0x3c, 0x05, 0x16, 0x06, 0x03, 0xeb, 0x00, 0x08, 0xba, 0x05, 0x1d, 0x06, 0x08, 0xf2, 0x05,
  0x16, 0x02, 0x87, 0x01, 0x12, 0x05, 0x1d, 0x2e, 0x05, 0x16, 0xac, 0x05, 0x1d, 0x2e, 0x05, 0x16,
  0x20, 0x05, 0x1d, 0x2e, 0x05, 0x16, 0x9e, 0x03, 0x95, 0x7f, 0x02, 0x24, 0x01, 0x05, 0x1d, 0x03,
  0xeb, 0x00, 0x02, 0x32, 0x01, 0x05, 0x16, 0x02, 0x90, 0x01, 0x12, 0x05, 0x1d, 0x66, 0x05, 0x16,
  0x66, 0x03, 0x95, 0x7f, 0x02, 0x24, 0x01, 0x05, 0x1d, 0x03, 0xeb, 0x00, 0x02, 0x32, 0x01, 0x05,
  0x16, 0x02, 0x90, 0x01, 0x12, 0x05, 0x1d, 0x66, 0x05, 0x16, 0x66, 0x03, 0x95, 0x7f, 0x02, 0x24,
  0x01, 0x05, 0x1d, 0x03, 0xeb, 0x00, 0x02, 0x2d, 0x01, 0x05, 0x16, 0x02, 0x90, 0x01, 0x12, 0x05,
  0x1d, 0x66, 0x05, 0x16, 0x66, 0x05, 0x04, 0x06, 0x03, 0x6b, 0x08, 0xf2, 0x02, 0x6f, 0x00, 0x01,
  0x01, 0x00, 0x00, 0x00, 0x00, 0x00, 0x00, 0x00, 0x0c, 0x00, 0x00, 0x00, 0xff, 0xff, 0xff, 0xff,
  0x04, 0x00, 0x08, 0x00, 0x04, 0x04, 0x10, 0x00, 0x14, 0x00, 0x00, 0x00, 0x00, 0x00, 0x00, 0x00,
  0x00, 0x18, 0x00, 0x00, 0x00, 0x00, 0x00, 0x00, 0x50, 0x95, 0x01, 0x00, 0x00, 0x00, 0x00, 0x00,
  0x4c, 0x69, 0x6e, 0x6b, 0x65, 0x72, 0x3a, 0x20, 0x4c, 0x4c, 0x44, 0x20, 0x32, 0x32, 0x2e, 0x30,
  0x2e, 0x30, 0x20, 0x28, 0x68, 0x74, 0x74, 0x70, 0x73, 0x3a, 0x2f, 0x2f, 0x67, 0x69, 0x74, 0x68,
  0x75, 0x62, 0x2e, 0x63, 0x6f, 0x6d, 0x2f, 0x74, 0x72, 0x69, 0x74, 0x6f, 0x6e, 0x2d, 0x6c, 0x61,
  0x6e, 0x67, 0x2f, 0x6c, 0x6c, 0x76, 0x6d, 0x2d, 0x70, 0x72, 0x6f, 0x6a, 0x65, 0x63, 0x74, 0x2e,
  0x67, 0x69, 0x74, 0x20, 0x66, 0x36, 0x64, 0x65, 0x64, 0x30, 0x62, 0x65, 0x38, 0x39, 0x37, 0x65,
  0x32, 0x38, 0x37, 0x38, 0x36, 0x31, 0x32, 0x64, 0x64, 0x39, 0x30, 0x33, 0x66, 0x37, 0x65, 0x38,
  0x62, 0x62, 0x38, 0x35, 0x34, 0x34, 0x38, 0x32, 0x36, 0x39, 0x65, 0x35, 0x29, 0x00, 0x00, 0x00,
  0x00, 0x00, 0x00, 0x00, 0x00, 0x00, 0x00, 0x00, 0x00, 0x00, 0x00, 0x00, 0x00, 0x00, 0x00, 0x00,
  0x00, 0x00, 0x00, 0x00, 0x00, 0x00, 0x00, 0x00, 0x01, 0x00, 0x00, 0x00, 0x00, 0x00, 0xf1, 0xff,
  0x00, 0x01, 0x00, 0x00, 0x00, 0x00, 0x00, 0x00, 0x00, 0x00, 0x00, 0x00, 0x00, 0x00, 0x00, 0x00,
  0x23, 0x00, 0x00, 0x00, 0x00, 0x00, 0xf1, 0xff, 0x00, 0x00, 0x00, 0x00, 0x00, 0x00, 0x00, 0x00,
  0x00, 0x00, 0x00, 0x00, 0x00, 0x00, 0x00, 0x00, 0x45, 0x00, 0x00, 0x00, 0x00, 0x00, 0xf1, 0xff,
  0x69, 0x00, 0x00, 0x00, 0x00, 0x00, 0x00, 0x00, 0x00, 0x00, 0x00, 0x00, 0x00, 0x00, 0x00, 0x00,
  0x6c, 0x00, 0x00, 0x00, 0x00, 0x00, 0xf1, 0xff, 0x00, 0x00, 0x00, 0x00, 0x00, 0x00, 0x00, 0x00,
  0x00, 0x00, 0x00, 0x00, 0x00, 0x00, 0x00, 0x00, 0x97, 0x00, 0x00, 0x00, 0x00, 0x00, 0xf1, 0xff,
  0xf8, 0x06, 0x00, 0x00, 0x00, 0x00, 0x00, 0x00, 0x00, 0x00, 0x00, 0x00, 0x00, 0x00, 0x00, 0x00,
  0xc1, 0x00, 0x00, 0x00, 0x00, 0x00, 0xf1, 0xff, 0x01, 0x00, 0x00, 0x00, 0x00, 0x00, 0x00, 0x00,
  0x00, 0x00, 0x00, 0x00, 0x00, 0x00, 0x00, 0x00, 0xe3, 0x00, 0x00, 0x00, 0x00, 0x00, 0xf1, 0xff,
  0x01, 0x00, 0x00, 0x00, 0x00, 0x00, 0x00, 0x00, 0x00, 0x00, 0x00, 0x00, 0x00, 0x00, 0x00, 0x00,
  0x0e, 0x01, 0x00, 0x00, 0x00, 0x00, 0xf1, 0xff, 0x00, 0x00, 0x00, 0x00, 0x00, 0x00, 0x00, 0x00,
  0x00, 0x00, 0x00, 0x00, 0x00, 0x00, 0x00, 0x00, 0x3b, 0x01, 0x00, 0x00, 0x00, 0x00, 0xf1, 0xff,
  0x00, 0x00, 0x00, 0x00, 0x00, 0x00, 0x00, 0x00, 0x00, 0x00, 0x00, 0x00, 0x00, 0x00, 0x00, 0x00,
  0x62, 0x01, 0x00, 0x00, 0x00, 0x00, 0xf1, 0xff, 0x00, 0x00, 0x00, 0x00, 0x00, 0x00, 0x00, 0x00,
  0x00, 0x00, 0x00, 0x00, 0x00, 0x00, 0x00, 0x00, 0x8d, 0x01, 0x00, 0x00, 0x00, 0x00, 0xf1, 0xff,
  0x00, 0x00, 0x00, 0x00, 0x00, 0x00, 0x00, 0x00, 0x00, 0x00, 0x00, 0x00, 0x00, 0x00, 0x00, 0x00,
  0xa1, 0x01, 0x00, 0x00, 0x00, 0x00, 0xf1, 0xff, 0x00, 0x00, 0x00, 0x00, 0x00, 0x00, 0x00, 0x00,
  0x00, 0x00, 0x00, 0x00, 0x00, 0x00, 0x00, 0x00, 0xb5, 0x01, 0x00, 0x00, 0x00, 0x00, 0xf1, 0xff,
  0x00, 0x00, 0x00, 0x00, 0x00, 0x00, 0x00, 0x00, 0x00, 0x00, 0x00, 0x00, 0x00, 0x00, 0x00, 0x00,
  0xfe, 0x01, 0x00, 0x00, 0x00, 0x02, 0x08, 0x00, 0x00, 0xbf, 0x01, 0x00, 0x00, 0x00, 0x00, 0x00,
  0x00, 0x00, 0x00, 0x00, 0x00, 0x00, 0x00, 0x00, 0xc9, 0x01, 0x00, 0x00, 0x12, 0x03, 0x07, 0x00,
  0x00, 0x18, 0x00, 0x00, 0x00, 0x00, 0x00, 0x00, 0x50, 0x95, 0x01, 0x00, 0x00, 0x00, 0x00, 0x00,
  0xe2, 0x01, 0x00, 0x00, 0x11, 0x00, 0x06, 0x00, 0x40, 0x07, 0x00, 0x00, 0x00, 0x00, 0x00, 0x00,
  0x40, 0x00, 0x00, 0x00, 0x00, 0x00, 0x00, 0x00, 0x00, 0x2e, 0x6e, 0x6f, 0x74, 0x65, 0x00, 0x2e,
  0x64, 0x79, 0x6e, 0x73, 0x79, 0x6d, 0x00, 0x2e, 0x67, 0x6e, 0x75, 0x2e, 0x68, 0x61, 0x73, 0x68,
  0x00, 0x2e, 0x68, 0x61, 0x73, 0x68, 0x00, 0x2e, 0x64, 0x79, 0x6e, 0x73, 0x74, 0x72, 0x00, 0x2e,
  0x72, 0x6f, 0x64, 0x61, 0x74, 0x61, 0x00, 0x2e, 0x74, 0x65, 0x78, 0x74, 0x00, 0x2e, 0x64, 0x79,
  0x6e, 0x61, 0x6d, 0x69, 0x63, 0x00, 0x2e, 0x72, 0x65, 0x6c, 0x72, 0x6f, 0x5f, 0x70, 0x61, 0x64,
  0x64, 0x69, 0x6e, 0x67, 0x00, 0x2e, 0x41, 0x4d, 0x44, 0x47, 0x50, 0x55, 0x2e, 0x63, 0x73, 0x64,
  0x61, 0x74, 0x61, 0x00, 0x2e, 0x41, 0x4d, 0x44, 0x47, 0x50, 0x55, 0x2e, 0x67, 0x70, 0x72, 0x5f,
  0x6d, 0x61, 0x78, 0x69, 0x6d, 0x75, 0x6d, 0x73, 0x00, 0x2e, 0x64, 0x65, 0x62, 0x75, 0x67, 0x5f,
  0x61, 0x62, 0x62, 0x72, 0x65, 0x76, 0x00, 0x2e, 0x64, 0x65, 0x62, 0x75, 0x67, 0x5f, 0x69, 0x6e,
  0x66, 0x6f, 0x00, 0x2e, 0x64, 0x65, 0x62, 0x75, 0x67, 0x5f, 0x73, 0x74, 0x72, 0x00, 0x2e, 0x64,
  0x65, 0x62, 0x75, 0x67, 0x5f, 0x6c, 0x69, 0x6e, 0x65, 0x00, 0x2e, 0x64, 0x65, 0x62, 0x75, 0x67,
  0x5f, 0x66, 0x72, 0x61, 0x6d, 0x65, 0x00, 0x2e, 0x63, 0x6f, 0x6d, 0x6d, 0x65, 0x6e, 0x74, 0x00,
  0x2e, 0x73, 0x79, 0x6d, 0x74, 0x61, 0x62, 0x00, 0x2e, 0x73, 0x68, 0x73, 0x74, 0x72, 0x74, 0x61,
  0x62, 0x00, 0x2e, 0x73, 0x74, 0x72, 0x74, 0x61, 0x62, 0x00, 0x00, 0x72, 0x65, 0x63, 0x6f, 0x6d,
  0x70, 0x75, 0x74, 0x65, 0x5f, 0x77, 0x5f, 0x75, 0x5f, 0x66, 0x77, 0x64, 0x5f, 0x6b, 0x65, 0x72,
  0x6e, 0x65, 0x6c, 0x2e, 0x6e, 0x75, 0x6d, 0x5f, 0x76, 0x67, 0x70, 0x72, 0x00, 0x72, 0x65, 0x63,
  0x6f, 0x6d, 0x70, 0x75, 0x74, 0x65, 0x5f, 0x77, 0x5f, 0x75, 0x5f, 0x66, 0x77, 0x64, 0x5f, 0x6b,
  0x65, 0x72, 0x6e, 0x65, 0x6c, 0x2e, 0x6e, 0x75, 0x6d, 0x5f, 0x61, 0x67, 0x70, 0x72, 0x00, 0x72,
  0x65, 0x63, 0x6f, 0x6d, 0x70, 0x75, 0x74, 0x65, 0x5f, 0x77, 0x5f, 0x75, 0x5f, 0x66, 0x77, 0x64,
  0x5f, 0x6b, 0x65, 0x72, 0x6e, 0x65, 0x6c, 0x2e, 0x6e, 0x75, 0x6d, 0x62, 0x65, 0x72, 0x65, 0x64,
  0x5f, 0x73, 0x67, 0x70, 0x72, 0x00, 0x72, 0x65, 0x63, 0x6f, 0x6d, 0x70, 0x75, 0x74, 0x65, 0x5f,
  0x77, 0x5f, 0x75, 0x5f, 0x66, 0x77, 0x64, 0x5f, 0x6b, 0x65, 0x72, 0x6e, 0x65, 0x6c, 0x2e, 0x6e,
  0x75, 0x6d, 0x5f, 0x6e, 0x61, 0x6d, 0x65, 0x64, 0x5f, 0x62, 0x61, 0x72, 0x72, 0x69, 0x65, 0x72,
  0x00, 0x72, 0x65, 0x63, 0x6f, 0x6d, 0x70, 0x75, 0x74, 0x65, 0x5f, 0x77, 0x5f, 0x75, 0x5f, 0x66,
  0x77, 0x64, 0x5f, 0x6b, 0x65, 0x72, 0x6e, 0x65, 0x6c, 0x2e, 0x70, 0x72, 0x69, 0x76, 0x61, 0x74,
  0x65, 0x5f, 0x73, 0x65, 0x67, 0x5f, 0x73, 0x69, 0x7a, 0x65, 0x00, 0x72, 0x65, 0x63, 0x6f, 0x6d,
  0x70, 0x75, 0x74, 0x65, 0x5f, 0x77, 0x5f, 0x75, 0x5f, 0x66, 0x77, 0x64, 0x5f, 0x6b, 0x65, 0x72,
  0x6e, 0x65, 0x6c, 0x2e, 0x75, 0x73, 0x65, 0x73, 0x5f, 0x76, 0x63, 0x63, 0x00, 0x72, 0x65, 0x63,
  0x6f, 0x6d, 0x70, 0x75, 0x74, 0x65, 0x5f, 0x77, 0x5f, 0x75, 0x5f, 0x66, 0x77, 0x64, 0x5f, 0x6b,
  0x65, 0x72, 0x6e, 0x65, 0x6c, 0x2e, 0x75, 0x73, 0x65, 0x73, 0x5f, 0x66, 0x6c, 0x61, 0x74, 0x5f,
  0x73, 0x63, 0x72, 0x61, 0x74, 0x63, 0x68, 0x00, 0x72, 0x65, 0x63, 0x6f, 0x6d, 0x70, 0x75, 0x74,
  0x65, 0x5f, 0x77, 0x5f, 0x75, 0x5f, 0x66, 0x77, 0x64, 0x5f, 0x6b, 0x65, 0x72, 0x6e, 0x65, 0x6c,
  0x2e, 0x68, 0x61, 0x73, 0x5f, 0x64, 0x79, 0x6e, 0x5f, 0x73, 0x69, 0x7a, 0x65, 0x64, 0x5f, 0x73,
  0x74, 0x61, 0x63, 0x6b, 0x00, 0x72, 0x65, 0x63, 0x6f, 0x6d, 0x70, 0x75, 0x74, 0x65, 0x5f, 0x77,
  0x5f, 0x75, 0x5f, 0x66, 0x77, 0x64, 0x5f, 0x6b, 0x65, 0x72, 0x6e, 0x65, 0x6c, 0x2e, 0x68, 0x61,
  0x73, 0x5f, 0x72, 0x65, 0x63, 0x75, 0x72, 0x73, 0x69, 0x6f, 0x6e, 0x00, 0x72, 0x65, 0x63, 0x6f,
  0x6d, 0x70, 0x75, 0x74, 0x65, 0x5f, 0x77, 0x5f, 0x75, 0x5f, 0x66, 0x77, 0x64, 0x5f, 0x6b, 0x65,
  0x72, 0x6e, 0x65, 0x6c, 0x2e, 0x68, 0x61, 0x73, 0x5f, 0x69, 0x6e, 0x64, 0x69, 0x72, 0x65, 0x63,
  0x74, 0x5f, 0x63, 0x61, 0x6c, 0x6c, 0x00, 0x61, 0x6d, 0x64, 0x67, 0x70, 0x75, 0x2e, 0x6d, 0x61,
  0x78, 0x5f, 0x6e, 0x75, 0x6d, 0x5f, 0x76, 0x67, 0x70, 0x72, 0x00, 0x61, 0x6d, 0x64, 0x67, 0x70,
  0x75, 0x2e, 0x6d, 0x61, 0x78, 0x5f, 0x6e, 0x75, 0x6d, 0x5f, 0x61, 0x67, 0x70, 0x72, 0x00, 0x61,
  0x6d, 0x64, 0x67, 0x70, 0x75, 0x2e, 0x6d, 0x61, 0x78, 0x5f, 0x6e, 0x75, 0x6d, 0x5f, 0x73, 0x67,
  0x70, 0x72, 0x00, 0x72, 0x65, 0x63, 0x6f, 0x6d, 0x70, 0x75, 0x74, 0x65, 0x5f, 0x77, 0x5f, 0x75,
  0x5f, 0x66, 0x77, 0x64, 0x5f, 0x6b, 0x65, 0x72, 0x6e, 0x65, 0x6c, 0x00, 0x72, 0x65, 0x63, 0x6f,
  0x6d, 0x70, 0x75, 0x74, 0x65, 0x5f, 0x77, 0x5f, 0x75, 0x5f, 0x66, 0x77, 0x64, 0x5f, 0x6b, 0x65,
  0x72, 0x6e, 0x65, 0x6c, 0x2e, 0x6b, 0x64, 0x00, 0x5f, 0x44, 0x59, 0x4e, 0x41, 0x4d, 0x49, 0x43,
  0x00, 0x00, 0x00, 0x00, 0x00, 0x00, 0x00, 0x00, 0x00, 0x00, 0x00, 0x00, 0x00, 0x00, 0x00, 0x00,
  0x00, 0x00, 0x00, 0x00, 0x00, 0x00, 0x00, 0x00, 0x00, 0x00, 0x00, 0x00, 0x00, 0x00, 0x00, 0x00,
  0x00, 0x00, 0x00, 0x00, 0x00, 0x00, 0x00, 0x00, 0x00, 0x00, 0x00, 0x00, 0x00, 0x00, 0x00, 0x00,
  0x00, 0x00, 0x00, 0x00, 0x00, 0x00, 0x00, 0x00, 0x00, 0x00, 0x00, 0x00, 0x00, 0x00, 0x00, 0x00,
  0x00, 0x00, 0x00, 0x00, 0x00, 0x00, 0x00, 0x00, 0x01, 0x00, 0x00, 0x00, 0x07, 0x00, 0x00, 0x00,
  0x02, 0x00, 0x00, 0x00, 0x00, 0x00, 0x00, 0x00, 0x00, 0x02, 0x00, 0x00, 0x00, 0x00, 0x00, 0x00,
  0x00, 0x02, 0x00, 0x00, 0x00, 0x00, 0x00, 0x00, 0x40, 0x04, 0x00, 0x00, 0x00, 0x00, 0x00, 0x00,
  0x00, 0x00, 0x00, 0x00, 0x00, 0x00, 0x00, 0x00, 0x04, 0x00, 0x00, 0x00, 0x00, 0x00, 0x00, 0x00,
  0x00, 0x00, 0x00, 0x00, 0x00, 0x00, 0x00, 0x00, 0x07, 0x00, 0x00, 0x00, 0x0b, 0x00, 0x00, 0x00,
  0x02, 0x00, 0x00, 0x00, 0x00, 0x00, 0x00, 0x00, 0x40, 0x06, 0x00, 0x00, 0x00, 0x00, 0x00, 0x00,
  0x40, 0x06, 0x00, 0x00, 0x00, 0x00, 0x00, 0x00, 0x48, 0x00, 0x00, 0x00, 0x00, 0x00, 0x00, 0x00,
  0x05, 0x00, 0x00, 0x00, 0x01, 0x00, 0x00, 0x00, 0x08, 0x00, 0x00, 0x00, 0x00, 0x00, 0x00, 0x00,
  0x18, 0x00, 0x00, 0x00, 0x00, 0x00, 0x00, 0x00, 0x0f, 0x00, 0x00, 0x00, 0xf6, 0xff, 0xff, 0x6f,
  0x02, 0x00, 0x00, 0x00, 0x00, 0x00, 0x00, 0x00, 0x88, 0x06, 0x00, 0x00, 0x00, 0x00, 0x00, 0x00,
  0x88, 0x06, 0x00, 0x00, 0x00, 0x00, 0x00, 0x00, 0x24, 0x00, 0x00, 0x00, 0x00, 0x00, 0x00, 0x00,
  0x02, 0x00, 0x00, 0x00, 0x00, 0x00, 0x00, 0x00, 0x08, 0x00, 0x00, 0x00, 0x00, 0x00, 0x00, 0x00,
  0x00, 0x00, 0x00, 0x00, 0x00, 0x00, 0x00, 0x00, 0x19, 0x00, 0x00, 0x00, 0x05, 0x00, 0x00, 0x00,
  0x02, 0x00, 0x00, 0x00, 0x00, 0x00, 0x00, 0x00, 0xac, 0x06, 0x00, 0x00, 0x00, 0x00, 0x00, 0x00,
  0xac, 0x06, 0x00, 0x00, 0x00, 0x00, 0x00, 0x00, 0x20, 0x00, 0x00, 0x00, 0x00, 0x00, 0x00, 0x00,
  0x02, 0x00, 0x00, 0x00, 0x00, 0x00, 0x00, 0x00, 0x04, 0x00, 0x00, 0x00, 0x00, 0x00, 0x00, 0x00,
  0x04, 0x00, 0x00, 0x00, 0x00, 0x00, 0x00, 0x00, 0x1f, 0x00, 0x00, 0x00, 0x03, 0x00, 0x00, 0x00,
  0x02, 0x00, 0x00, 0x00, 0x00, 0x00, 0x00, 0x00, 0xcc, 0x06, 0x00, 0x00, 0x00, 0x00, 0x00, 0x00,
  0xcc, 0x06, 0x00, 0x00, 0x00, 0x00, 0x00, 0x00, 0x36, 0x00, 0x00, 0x00, 0x00, 0x00, 0x00, 0x00,
  0x00, 0x00, 0x00, 0x00, 0x00, 0x00, 0x00, 0x00, 0x01, 0x00, 0x00, 0x00, 0x00, 0x00, 0x00, 0x00,
  0x00, 0x00, 0x00, 0x00, 0x00, 0x00, 0x00, 0x00, 0x27, 0x00, 0x00, 0x00, 0x01, 0x00, 0x00, 0x00,
  0x02, 0x00, 0x00, 0x00, 0x00, 0x00, 0x00, 0x00, 0x40, 0x07, 0x00, 0x00, 0x00, 0x00, 0x00, 0x00,
  0x40, 0x07, 0x00, 0x00, 0x00, 0x00, 0x00, 0x00, 0x40, 0x00, 0x00, 0x00, 0x00, 0x00, 0x00, 0x00,
  0x00, 0x00, 0x00, 0x00, 0x00, 0x00, 0x00, 0x00, 0x40, 0x00, 0x00, 0x00, 0x00, 0x00, 0x00, 0x00,
  0x00, 0x00, 0x00, 0x00, 0x00, 0x00, 0x00, 0x00, 0x2f, 0x00, 0x00, 0x00, 0x01, 0x00, 0x00, 0x00,
  0x06, 0x00, 0x00, 0x00, 0x00, 0x00, 0x00, 0x00, 0x00, 0x18, 0x00, 0x00, 0x00, 0x00, 0x00, 0x00,
  0x00, 0x08, 0x00, 0x00, 0x00, 0x00, 0x00, 0x00, 0x00, 0x97, 0x01, 0x00, 0x00, 0x00, 0x00, 0x00,
  0x00, 0x00, 0x00, 0x00, 0x00, 0x00, 0x00, 0x00, 0x00, 0x01, 0x00, 0x00, 0x00, 0x00, 0x00, 0x00,
  0x00, 0x00, 0x00, 0x00, 0x00, 0x00, 0x00, 0x00, 0x35, 0x00, 0x00, 0x00, 0x06, 0x00, 0x00, 0x00,
  0x03, 0x00, 0x00, 0x00, 0x00, 0x00, 0x00, 0x00, 0x00, 0xbf, 0x01, 0x00, 0x00, 0x00, 0x00, 0x00,
  0x00, 0x9f, 0x01, 0x00, 0x00, 0x00, 0x00, 0x00, 0x70, 0x00, 0x00, 0x00, 0x00, 0x00, 0x00, 0x00,
  0x05, 0x00, 0x00, 0x00, 0x00, 0x00, 0x00, 0x00, 0x08, 0x00, 0x00, 0x00, 0x00, 0x00, 0x00, 0x00,
  0x10, 0x00, 0x00, 0x00, 0x00, 0x00, 0x00, 0x00, 0x3e, 0x00, 0x00, 0x00, 0x08, 0x00, 0x00, 0x00,
  0x03, 0x00, 0x00, 0x00, 0x00, 0x00, 0x00, 0x00, 0x70, 0xbf, 0x01, 0x00, 0x00, 0x00, 0x00, 0x00,
  0x70, 0x9f, 0x01, 0x00, 0x00, 0x00, 0x00, 0x00, 0x90, 0x00, 0x00, 0x00, 0x00, 0x00, 0x00, 0x00,
  0x00, 0x00, 0x00, 0x00, 0x00, 0x00, 0x00, 0x00, 0x01, 0x00, 0x00, 0x00, 0x00, 0x00, 0x00, 0x00,
  0x00, 0x00, 0x00, 0x00, 0x00, 0x00, 0x00, 0x00, 0x4d, 0x00, 0x00, 0x00, 0x01, 0x00, 0x00, 0x00,
  0x00, 0x00, 0x00, 0x00, 0x00, 0x00, 0x00, 0x00, 0x00, 0x00, 0x00, 0x00, 0x00, 0x00, 0x00, 0x00,
  0x70, 0x9f, 0x01, 0x00, 0x00, 0x00, 0x00, 0x00, 0x00, 0x00, 0x00, 0x00, 0x00, 0x00, 0x00, 0x00,
  0x00, 0x00, 0x00, 0x00, 0x00, 0x00, 0x00, 0x00, 0x01, 0x00, 0x00, 0x00, 0x00, 0x00, 0x00, 0x00,
  0x00, 0x00, 0x00, 0x00, 0x00, 0x00, 0x00, 0x00, 0x5c, 0x00, 0x00, 0x00, 0x01, 0x00, 0x00, 0x00,
  0x00, 0x00, 0x00, 0x00, 0x00, 0x00, 0x00, 0x00, 0x00, 0x00, 0x00, 0x00, 0x00, 0x00, 0x00, 0x00,
  0x70, 0x9f, 0x01, 0x00, 0x00, 0x00, 0x00, 0x00, 0x00, 0x00, 0x00, 0x00, 0x00, 0x00, 0x00, 0x00,
  0x00, 0x00, 0x00, 0x00, 0x00, 0x00, 0x00, 0x00, 0x01, 0x00, 0x00, 0x00, 0x00, 0x00, 0x00, 0x00,
  0x00, 0x00, 0x00, 0x00, 0x00, 0x00, 0x00, 0x00, 0x71, 0x00, 0x00, 0x00, 0x01, 0x00, 0x00, 0x00,
  0x00, 0x00, 0x00, 0x00, 0x00, 0x00, 0x00, 0x00, 0x00, 0x00, 0x00, 0x00, 0x00, 0x00, 0x00, 0x00,
  0x70, 0x9f, 0x01, 0x00, 0x00, 0x00, 0x00, 0x00, 0x14, 0x00, 0x00, 0x00, 0x00, 0x00, 0x00, 0x00,
  0x00, 0x00, 0x00, 0x00, 0x00, 0x00, 0x00, 0x00, 0x01, 0x00, 0x00, 0x00, 0x00, 0x00, 0x00, 0x00,
  0x00, 0x00, 0x00, 0x00, 0x00, 0x00, 0x00, 0x00, 0x7f, 0x00, 0x00, 0x00, 0x01, 0x00, 0x00, 0x00,
  0x00, 0x00, 0x00, 0x00, 0x00, 0x00, 0x00, 0x00, 0x00, 0x00, 0x00, 0x00, 0x00, 0x00, 0x00, 0x00,
  0x84, 0x9f, 0x01, 0x00, 0x00, 0x00, 0x00, 0x00, 0x2a, 0x00, 0x00, 0x00, 0x00, 0x00, 0x00, 0x00,
  0x00, 0x00, 0x00, 0x00, 0x00, 0x00, 0x00, 0x00, 0x01, 0x00, 0x00, 0x00, 0x00, 0x00, 0x00, 0x00,
  0x00, 0x00, 0x00, 0x00, 0x00, 0x00, 0x00, 0x00, 0x8b, 0x00, 0x00, 0x00, 0x01, 0x00, 0x00, 0x00,
  0x30, 0x00, 0x00, 0x00, 0x00, 0x00, 0x00, 0x00, 0x00, 0x00, 0x00, 0x00, 0x00, 0x00, 0x00, 0x00,
  0xae, 0x9f, 0x01, 0x00, 0x00, 0x00, 0x00, 0x00, 0x17, 0x00, 0x00, 0x00, 0x00, 0x00, 0x00, 0x00,
  0x00, 0x00, 0x00, 0x00, 0x00, 0x00, 0x00, 0x00, 0x01, 0x00, 0x00, 0x00, 0x00, 0x00, 0x00, 0x00,
  0x01, 0x00, 0x00, 0x00, 0x00, 0x00, 0x00, 0x00, 0x96, 0x00, 0x00, 0x00, 0x01, 0x00, 0x00, 0x00,
  0x00, 0x00, 0x00, 0x00, 0x00, 0x00, 0x00, 0x00, 0x00, 0x00, 0x00, 0x00, 0x00, 0x00, 0x00, 0x00,
  0xc5, 0x9f, 0x01, 0x00, 0x00, 0x00, 0x00, 0x00, 0xbc, 0x29, 0x00, 0x00, 0x00, 0x00, 0x00, 0x00,
  0x00, 0x00, 0x00, 0x00, 0x00, 0x00, 0x00, 0x00, 0x01, 0x00, 0x00, 0x00, 0x00, 0x00, 0x00, 0x00,
  0x00, 0x00, 0x00, 0x00, 0x00, 0x00, 0x00, 0x00, 0xa2, 0x00, 0x00, 0x00, 0x01, 0x00, 0x00, 0x00,
  0x00, 0x00, 0x00, 0x00, 0x00, 0x00, 0x00, 0x00, 0x00, 0x00, 0x00, 0x00, 0x00, 0x00, 0x00, 0x00,
  0x88, 0xc9, 0x01, 0x00, 0x00, 0x00, 0x00, 0x00, 0x28, 0x00, 0x00, 0x00, 0x00, 0x00, 0x00, 0x00,
  0x00, 0x00, 0x00, 0x00, 0x00, 0x00, 0x00, 0x00, 0x08, 0x00, 0x00, 0x00, 0x00, 0x00, 0x00, 0x00,
  0x00, 0x00, 0x00, 0x00, 0x00, 0x00, 0x00, 0x00, 0xaf, 0x00, 0x00, 0x00, 0x01, 0x00, 0x00, 0x00,
  0x30, 0x00, 0x00, 0x00, 0x00, 0x00, 0x00, 0x00, 0x00, 0x00, 0x00, 0x00, 0x00, 0x00, 0x00, 0x00,
  0xb0, 0xc9, 0x01, 0x00, 0x00, 0x00, 0x00, 0x00, 0x6e, 0x00, 0x00, 0x00, 0x00, 0x00, 0x00, 0x00,
  0x00, 0x00, 0x00, 0x00, 0x00, 0x00, 0x00, 0x00, 0x01, 0x00, 0x00, 0x00, 0x00, 0x00, 0x00, 0x00,
  0x01, 0x00, 0x00, 0x00, 0x00, 0x00, 0x00, 0x00, 0xb8, 0x00, 0x00, 0x00, 0x02, 0x00, 0x00, 0x00,
  0x00, 0x00, 0x00, 0x00, 0x00, 0x00, 0x00, 0x00, 0x00, 0x00, 0x00, 0x00, 0x00, 0x00, 0x00, 0x00,
  0x20, 0xca, 0x01, 0x00, 0x00, 0x00, 0x00, 0x00, 0x98, 0x01, 0x00, 0x00, 0x00, 0x00, 0x00, 0x00,
  0x14, 0x00, 0x00, 0x00, 0x0f, 0x00, 0x00, 0x00, 0x08, 0x00, 0x00, 0x00, 0x00, 0x00, 0x00, 0x00,
  0x18, 0x00, 0x00, 0x00, 0x00, 0x00, 0x00, 0x00, 0xc0, 0x00, 0x00, 0x00, 0x03, 0x00, 0x00, 0x00,
  0x00, 0x00, 0x00, 0x00, 0x00, 0x00, 0x00, 0x00, 0x00, 0x00, 0x00, 0x00, 0x00, 0x00, 0x00, 0x00,
  0xb8, 0xcb, 0x01, 0x00, 0x00, 0x00, 0x00, 0x00, 0xd2, 0x00, 0x00, 0x00, 0x00, 0x00, 0x00, 0x00,
  0x00, 0x00, 0x00, 0x00, 0x00, 0x00, 0x00, 0x00, 0x01, 0x00, 0x00, 0x00, 0x00, 0x00, 0x00, 0x00,
  0x00, 0x00, 0x00, 0x00, 0x00, 0x00, 0x00, 0x00, 0xca, 0x00, 0x00, 0x00, 0x03, 0x00, 0x00, 0x00,
  0x00, 0x00, 0x00, 0x00, 0x00, 0x00, 0x00, 0x00, 0x00, 0x00, 0x00, 0x00, 0x00, 0x00, 0x00, 0x00,
  0x8a, 0xcc, 0x01, 0x00, 0x00, 0x00, 0x00, 0x00, 0x07, 0x02, 0x00, 0x00, 0x00, 0x00, 0x00, 0x00,
  0x00, 0x00, 0x00, 0x00, 0x00, 0x00, 0x00, 0x00, 0x01, 0x00, 0x00, 0x00, 0x00, 0x00, 0x00, 0x00,
  0x00, 0x00, 0x00, 0x00, 0x00, 0x00, 0x00, 0x00,
};
